player_name,club_name,position_name,now_cost,total_points,event_points,points_per_game,selected_by_percent,goals_scored,assists,minutes,clean_sheets,goals_conceded,own_goals,penalties_saved,penalties_missed,saves,yellow_cards,red_cards,bonus,influence,creativity,threat,ict_index,form,dreamteam_count,value_form,value_season,transfers_in,transfers_out,transfers_in_event,transfers_out_event,cost_change_start,cost_change_start_fall,cost_change_event,cost_change_event_fall,expected_goals,expected_assists,expected_goal_involvements,expected_goals_conceded,starts,tackles,clearances_blocks_interceptions,recoveries,defensive_contribution,defensive_contribution_per_90,news,influence_rank,influence_rank_type,creativity_rank,creativity_rank_type,threat_rank,threat_rank_type,ict_index_rank,ict_index_rank_type,corners_and_indirect_freekicks_order,corners_and_indirect_freekicks_text,direct_freekicks_order,direct_freekicks_text,penalties_order,penalties_text,expected_goals_per_90,saves_per_90,expected_assists_per_90,expected_goal_involvements_per_90,expected_goals_conceded_per_90,goals_conceded_per_90,now_cost_rank,now_cost_rank_type,form_rank,form_rank_type,points_per_game_rank,points_per_game_rank_type,selected_rank,selected_rank_type,starts_per_90,clean_sheets_per_90
Riccardo Calafiori,Arsenal,DEF,5.6,26,13,13.0,8.0,1,2,134,2,0,0,0,0,0,1,0,3,74.2,23.5,57.0,15.4,13.0,2,2.3,4.6,619085,75387,343536,49095,0.1,-0.1,0.1,-0.1,1.3,0.02,1.32,1.04,2,1,4,6,5,3.36,,12,4,87,20,17,3,14,2,,,,,,,0.87,0.0,0.01,0.88,0.7,0.0,119,11,1,1,1,1,52,19,1.34,1.34
Jurriën J.Timber,Arsenal,DEF,5.6,24,24,12.0,6.6,2,1,82,1,0,0,0,0,0,1,0,3,98.0,28.8,75.0,20.2,12.0,1,2.1,4.3,442347,81489,427766,43897,0.1,-0.1,0.1,-0.1,0.81,0.05,0.86,0.83,1,6,3,2,9,9.88,,1,1,64,14,5,1,3,1,,,,,,,0.89,0.0,0.05,0.94,0.91,0.0,118,10,2,2,3,2,63,23,1.1,1.1
Antoine Semenyo,Bournemouth,MID,7.2,21,6,10.5,22.3,2,1,180,1,4,0,0,0,0,0,0,3,86.6,37.3,77.0,20.1,10.5,1,1.5,2.9,1649725,154109,748692,105350,0.2,-0.2,0.1,-0.1,1.59,0.09,1.68,2.67,2,1,1,8,10,5.0,,7,3,45,37,4,2,4,2,,,,,3.0,,0.8,0.0,0.04,0.84,1.34,2.0,30,17,3,1,4,2,17,6,1.0,0.5
Hugo Ekitiké,Liverpool,FWD,8.7,20,9,10.0,26.1,2,1,150,0,2,0,0,0,0,0,0,5,92.6,46.8,60.0,19.9,10.0,0,1.1,2.3,1146743,213360,528000,118401,0.2,-0.2,0.1,-0.1,1.35,0.08,1.43,2.27,2,0,4,2,6,3.6,,2,1,27,1,14,6,5,2,,,,,,,0.81,0.0,0.05,0.86,1.36,1.2,9,5,4,1,5,1,10,3,1.2,0.0
Josh Cullen,Burnley,MID,5.0,18,14,9.0,1.3,1,1,180,1,3,0,0,0,0,0,0,3,89.6,76.4,21.0,18.7,9.0,1,1.8,3.6,119431,16568,115777,15443,0.0,0.0,0.0,0.0,0.08,0.47,0.55,3.09,2,4,7,8,19,9.5,,4,1,6,6,72,41,8,5,1.0,,,,,,0.04,0.0,0.24,0.28,1.54,1.5,241,153,6,2,8,3,161,52,1.0,0.5
Guglielmo Vicario,Spurs,GKP,5.0,18,9,9.0,6.7,0,0,180,2,0,0,0,0,8,0,0,4,58.4,0.0,0.0,5.8,9.0,0,1.8,3.6,235865,86393,200707,33759,0.0,0.0,0.0,0.0,0.0,0.01,0.01,2.49,2,0,2,13,0,0.0,,29,5,617,74,594,73,119,5,,,,,,,0.0,4.0,0.0,0.0,1.24,0.0,245,10,7,1,9,1,61,9,1.0,1.0
Daniel Ballard,Sunderland,DEF,4.6,18,1,9.0,5.4,1,0,98,1,0,0,0,0,0,0,0,3,74.8,10.8,66.0,15.2,9.0,1,2.0,3.9,580859,192616,78797,160602,0.1,-0.1,0.0,0.0,0.18,0.18,0.36,0.56,2,1,15,4,16,14.69,Groin Injury - Expected back 13 Sep,11,3,166,49,9,2,15,3,,,,,,,0.17,0.0,0.17,0.34,0.51,0.0,365,64,5,3,7,4,74,28,1.84,0.92
João Pedro João Pedro,Chelsea,FWD,7.6,17,15,8.5,58.4,1,2,162,1,1,0,0,0,0,0,0,3,75.8,36.4,58.0,16.8,8.5,1,1.1,2.2,885758,483272,716914,54427,0.1,-0.1,0.1,-0.1,0.69,0.13,0.82,1.33,2,1,3,2,6,3.33,,10,3,46,3,15,7,10,3,,,,,,,0.38,0.0,0.07,0.45,0.74,0.56,21,8,12,3,14,3,1,1,1.11,0.56
Brennan Johnson,Spurs,MID,7.1,17,9,8.5,7.9,2,0,156,2,0,0,0,0,0,1,0,2,83.0,42.9,42.0,16.8,8.5,0,1.2,2.4,507862,78418,486813,38607,0.1,-0.1,0.1,-0.1,0.9,0.09,0.99,2.31,2,5,1,3,9,5.19,,8,4,36,30,28,13,9,6,,,,,,,0.52,0.0,0.05,0.57,1.33,0.0,31,18,10,3,12,4,53,17,1.15,1.15
Cody Gakpo,Liverpool,MID,7.6,17,10,8.5,11.9,1,2,180,0,4,0,0,0,0,0,0,2,87.6,61.9,54.0,20.4,8.5,0,1.1,2.2,585954,159935,421357,74575,0.1,-0.1,0.1,-0.1,0.26,0.51,0.77,2.63,2,4,3,10,17,8.5,,6,2,18,16,21,10,2,1,,,,,2.0,,0.13,0.0,0.26,0.39,1.32,2.0,20,13,11,4,13,5,35,10,1.0,0.0
Richarlison Richarlison,Spurs,FWD,6.7,17,4,8.5,12.0,2,1,148,2,0,0,0,0,0,1,0,3,90.6,11.3,103.0,20.5,8.5,1,1.3,2.5,896337,140960,558969,79892,0.2,-0.2,0.1,-0.1,0.88,0.12,1.0,2.26,2,2,5,6,13,7.91,,3,2,163,14,1,1,1,1,,,,,3.0,,0.54,0.0,0.07,0.61,1.37,0.0,44,15,9,2,11,2,34,8,1.22,1.22
Jordan Pickford,Everton,GKP,5.5,17,15,8.5,11.9,0,0,180,1,1,0,1,0,6,0,0,3,71.4,0.0,0.0,7.1,8.5,1,1.5,3.1,155512,121209,133759,34601,0.0,0.0,0.0,0.0,0.0,0.0,0.0,4.5,2,0,5,19,0,0.0,,13,1,672,80,660,80,94,1,,,,,,,0.0,3.0,0.0,0.0,2.25,0.5,124,1,8,2,10,2,36,5,1.0,0.5
Dan Ndoye,Nott'm Forest,MID,6.0,16,7,8.0,2.7,1,1,148,0,2,0,0,0,0,0,0,4,56.0,30.0,35.0,12.1,8.0,0,1.3,2.7,222666,38915,178326,25553,0.0,0.0,0.0,0.0,0.1,0.36,0.46,2.6,2,0,2,6,8,4.86,,32,13,59,46,43,23,27,17,,,,,,,0.06,0.0,0.22,0.28,1.58,1.22,90,61,14,5,16,6,104,34,1.22,0.0
David Raya,Arsenal,GKP,5.5,16,6,8.0,21.4,0,0,180,2,0,0,0,0,8,1,0,3,62.6,0.0,0.0,6.2,8.0,1,1.5,2.9,399260,177045,121921,118365,0.0,0.0,0.0,0.0,0.0,0.0,0.0,1.69,2,0,1,16,0,0.0,,21,2,674,82,662,82,108,2,,,,,,,0.0,4.0,0.0,0.0,0.84,0.0,131,3,13,3,15,3,18,3,1.0,1.0
Marcus Tavernier,Bournemouth,MID,5.5,15,11,7.5,1.0,1,0,167,1,4,0,0,0,0,0,0,3,67.4,18.6,61.0,14.7,7.5,1,1.4,2.7,76433,24595,51638,16035,0.0,0.0,0.0,0.0,0.51,0.27,0.78,2.62,2,3,9,12,24,12.93,,16,8,102,68,12,5,19,12,1.0,,1.0,,,,0.27,0.0,0.15,0.42,1.41,2.16,140,88,15,6,17,7,184,61,1.08,0.54
Chris Wood,Nott'm Forest,FWD,7.7,15,2,7.5,24.7,2,0,165,0,2,0,0,0,0,0,0,3,66.2,15.3,67.0,14.5,7.5,1,1.0,1.9,1208039,239060,540764,146717,0.2,-0.2,0.1,-0.1,1.18,0.07,1.25,2.6,2,0,0,2,2,1.09,,18,5,126,11,8,4,20,5,,,,,1.0,,0.64,0.0,0.04,0.68,1.42,1.09,19,7,18,4,20,4,14,5,1.09,0.0
Jaidon Anthony,Burnley,MID,5.5,15,13,7.5,0.4,1,1,174,1,3,0,0,0,0,0,0,2,65.4,40.8,60.0,16.6,7.5,1,1.4,2.7,21680,6595,19108,4556,0.0,0.0,0.0,0.0,1.21,0.38,1.59,3.09,2,3,1,11,15,7.76,,20,9,41,35,13,6,11,7,3.0,,1.0,,,,0.63,0.0,0.2,0.83,1.6,1.55,162,101,16,7,18,8,287,92,1.03,0.52
William Saliba,Arsenal,DEF,6.1,15,6,7.5,18.1,0,0,180,2,0,0,0,0,0,0,0,1,49.8,2.2,2.0,5.5,7.5,0,1.2,2.5,421587,172868,110354,109337,0.1,-0.1,0.1,-0.1,0.0,0.01,0.01,1.69,2,4,15,7,19,9.5,,45,13,249,80,260,82,130,40,,,,,,,0.0,0.0,0.0,0.0,0.84,0.0,82,4,17,4,19,5,25,8,1.0,1.0
Erling Haaland,Man City,FWD,14.1,15,2,7.5,31.6,2,0,162,1,2,0,0,0,0,0,0,3,59.4,15.5,86.0,16.1,7.5,1,0.5,1.1,690283,197018,243949,147257,0.1,-0.1,0.1,-0.1,2.46,0.3,2.76,1.46,2,1,1,4,6,3.33,,27,6,121,10,3,2,13,4,,,5.0,,1.0,,1.37,0.0,0.17,1.54,0.81,1.11,2,1,19,5,21,5,6,2,1.11,0.56
Trevoh Chalobah,Chelsea,DEF,5.0,14,8,7.0,3.4,1,0,158,1,1,0,0,0,0,0,0,0,65.6,6.3,37.0,10.9,7.0,0,1.4,2.8,232665,43784,194290,28433,0.0,0.0,0.0,0.0,0.4,0.04,0.44,0.95,2,2,12,7,14,7.97,,19,5,195,56,39,4,42,6,,,,,,,0.23,0.0,0.02,0.25,0.54,0.57,244,37,20,5,23,6,93,37,1.14,0.57
Mohammed Kudus,Spurs,MID,6.6,13,3,6.5,31.3,0,2,169,2,0,0,0,0,0,0,0,1,56.8,92.9,13.0,16.2,6.5,1,1.0,2.0,827555,243272,451951,109733,0.1,-0.1,0.1,-0.1,0.06,0.67,0.73,2.49,2,4,0,9,13,6.92,,31,12,2,2,125,78,12,8,2.0,,,,,,0.03,0.0,0.36,0.39,1.33,0.0,45,30,28,11,31,12,7,4,1.07,1.07
Enzo Enzo,Chelsea,MID,6.5,13,10,6.5,4.8,1,1,168,1,1,0,0,0,0,0,0,0,37.0,25.3,40.0,10.2,6.5,0,1.0,2.0,154760,85622,137539,30733,0.0,0.0,0.0,0.0,1.03,0.12,1.15,1.34,2,2,0,3,5,2.68,,84,31,81,56,34,19,50,34,4.0,,3.0,,4.0,,0.55,0.0,0.06,0.61,0.72,0.54,61,43,27,10,30,11,83,28,1.07,0.54
Viktor Gyökeres,Arsenal,FWD,9.0,13,12,6.5,25.1,2,0,149,1,0,0,0,0,0,0,0,2,67.4,7.1,50.0,12.5,6.5,1,0.7,1.4,460330,444368,256914,179973,0.0,0.0,0.0,0.0,1.28,0.09,1.37,0.87,2,0,3,4,7,4.23,,17,4,191,17,23,9,25,6,,,,,2.0,,0.77,0.0,0.05,0.82,0.53,0.0,8,4,29,6,32,6,11,4,1.21,0.6
Marc Cucurella,Chelsea,DEF,6.1,13,5,6.5,26.7,0,1,158,1,1,0,0,0,0,0,0,2,42.0,29.6,17.0,8.8,6.5,0,1.1,2.1,756422,154304,414866,66502,0.1,-0.1,0.1,-0.1,0.11,0.42,0.53,0.95,2,3,6,11,9,5.13,,63,22,63,13,101,14,67,12,,,,,,,0.06,0.0,0.24,0.3,0.54,0.57,79,1,26,8,29,9,9,2,1.14,0.57
Tino Livramento,Newcastle,DEF,5.0,13,4,6.5,6.6,0,1,180,1,3,0,0,0,0,0,0,3,42.8,40.7,8.0,9.1,6.5,0,1.3,2.6,310135,52357,246805,26140,0.0,0.0,0.0,0.0,0.0,0.23,0.23,0.9,2,2,4,8,6,3.0,,62,21,42,5,166,43,63,10,,,,,,,0.0,0.0,0.12,0.12,0.45,1.5,285,46,23,7,27,8,62,22,1.0,0.5
Nick Pope,Newcastle,GKP,5.0,13,4,6.5,5.0,0,1,180,1,3,0,0,0,4,0,0,2,37.0,0.0,0.0,3.7,6.5,0,1.3,2.6,131183,52170,88252,25391,0.0,0.0,0.0,0.0,0.0,0.0,0.0,0.9,2,0,2,20,0,0.0,,83,9,613,72,587,70,192,12,,,,,,,0.0,2.0,0.0,0.0,0.45,1.5,228,7,21,4,25,5,81,11,1.0,0.5
Mohamed M.Salah,Liverpool,MID,14.5,13,5,6.5,53.4,1,1,180,0,4,0,0,0,0,0,0,1,70.0,62.1,57.0,18.9,6.5,0,0.4,0.9,354709,284772,204055,135341,0.0,0.0,0.0,0.0,0.26,0.32,0.58,2.63,2,0,2,10,12,6.0,,15,7,17,15,19,8,7,4,,,4.0,,1.0,,0.13,0.0,0.16,0.29,1.32,2.0,1,1,30,12,33,13,2,1,1.0,0.0
Moisés Caicedo,Chelsea,MID,5.5,13,8,6.5,6.4,1,0,180,1,1,0,0,0,0,0,0,1,82.0,9.1,19.0,11.0,6.5,0,1.2,2.4,152600,102948,104744,39324,0.0,0.0,0.0,0.0,0.28,0.06,0.34,1.39,2,8,8,3,19,9.5,,9,5,179,109,92,59,39,28,,,,,,,0.14,0.0,0.03,0.17,0.7,0.5,168,107,24,8,28,10,65,21,1.0,0.5
Cristian Romero,Spurs,DEF,5.0,13,7,6.5,5.1,0,0,180,2,0,0,0,0,0,1,0,0,38.6,1.7,8.0,4.8,6.5,0,1.3,2.6,166638,67464,135263,26569,0.0,0.0,0.0,0.0,0.0,0.02,0.02,2.49,2,3,12,9,15,7.5,,79,34,258,83,164,41,155,49,,,,,,,0.0,0.0,0.01,0.01,1.24,0.0,264,41,22,6,26,7,80,31,1.0,1.0
Dango O.Dango,Brentford,MID,6.0,13,13,13.0,0.9,1,0,83,1,0,0,0,0,0,0,0,3,50.4,3.7,56.0,11.0,6.5,1,1.1,2.2,70267,15470,69226,12674,0.0,0.0,0.0,0.0,0.77,0.02,0.79,1.1,1,4,5,6,15,16.27,,41,19,219,129,20,9,40,29,,,,,,,0.83,0.0,0.02,0.85,1.19,0.0,95,64,25,9,2,1,191,65,1.08,1.08
Rico Lewis,Man City,DEF,5.0,12,1,6.0,4.0,0,1,155,1,2,0,0,0,0,0,0,2,45.6,27.9,13.0,8.6,6.0,1,1.2,2.4,301288,76831,78322,46217,0.0,0.0,0.0,0.0,0.02,0.67,0.69,1.46,2,3,9,4,12,6.97,,54,16,68,15,121,19,72,15,,,,,,,0.01,0.0,0.39,0.4,0.85,1.16,296,48,34,11,38,12,87,35,1.16,0.58
Callum Hudson-Odoi,Nott'm Forest,MID,6.0,12,10,6.0,1.4,1,0,161,0,2,0,0,0,0,0,0,3,47.4,35.6,33.0,11.6,6.0,0,1.0,2.0,47729,30813,40380,11420,0.0,0.0,0.0,0.0,0.33,0.26,0.59,2.6,2,1,1,1,3,1.68,,48,22,48,39,45,25,31,21,4.0,,,,,,0.18,0.0,0.15,0.33,1.45,1.12,89,60,39,17,44,19,154,49,1.12,0.0
Jack Grealish,Everton,MID,6.5,12,11,6.0,5.9,0,2,109,1,1,0,0,0,0,0,0,2,54.0,36.1,17.0,10.8,6.0,1,0.9,1.8,293068,90442,277879,32689,0.0,0.0,0.0,0.0,0.03,0.7,0.73,3.57,1,3,2,8,13,10.73,,37,16,47,38,103,67,44,31,,,,,,,0.02,0.0,0.58,0.6,2.95,0.83,46,31,41,18,47,21,69,23,0.83,0.83
Tijjani Reijnders,Man City,MID,5.7,12,2,6.0,33.1,1,1,180,1,2,0,0,0,0,1,0,0,55.2,28.8,32.0,11.7,6.0,1,1.1,2.1,1524477,201055,317128,158435,0.2,-0.2,0.1,-0.1,0.24,0.18,0.42,1.67,2,2,1,5,8,4.0,,35,15,65,48,47,27,29,19,,,,,,,0.12,0.0,0.09,0.21,0.84,1.0,117,78,38,16,43,18,5,3,1.0,0.5
Declan Rice,Arsenal,MID,6.5,12,6,6.0,8.6,0,2,172,2,0,0,0,0,0,0,0,0,27.8,51.3,10.0,8.9,6.0,0,0.9,1.8,171860,136181,81666,68573,0.0,0.0,0.0,0.0,0.13,0.55,0.68,1.21,2,0,1,6,7,3.66,,127,46,25,23,151,91,65,45,2.0,,1.0,,,,0.07,0.0,0.29,0.36,0.63,0.0,50,35,42,19,48,22,47,15,1.05,1.05
Djed Spence,Spurs,DEF,4.5,12,6,6.0,2.0,0,0,180,2,0,0,0,0,0,0,0,0,20.4,8.4,24.0,5.3,6.0,0,1.3,2.7,100886,27992,83250,13951,0.0,0.0,0.0,0.0,0.18,0.09,0.27,2.49,2,2,7,6,9,4.5,,162,68,182,52,59,8,140,43,,,,,,,0.09,0.0,0.04,0.13,1.24,0.0,424,105,31,9,34,10,123,48,1.0,1.0
James Tarkowski,Everton,DEF,5.5,12,8,6.0,7.5,0,0,180,1,1,0,0,0,0,0,0,0,44.2,2.4,11.0,5.8,6.0,0,1.1,2.2,127596,82575,96357,32894,0.0,0.0,0.0,0.0,0.2,0.01,0.21,4.5,2,2,23,6,25,12.5,,58,17,241,74,139,26,120,35,,,,,,,0.1,0.0,0.0,0.1,2.25,0.5,120,12,35,12,39,13,58,20,1.0,0.5
James Garner,Everton,MID,5.0,12,10,6.0,0.2,1,0,180,1,1,0,0,0,0,1,0,1,70.6,29.8,10.0,11.1,6.0,0,1.2,2.4,13397,4443,12939,3022,0.0,0.0,0.0,0.0,0.07,0.08,0.15,4.5,2,3,14,8,25,12.5,,14,6,62,47,147,89,36,25,3.0,,3.0,,,,0.04,0.0,0.04,0.08,2.25,0.5,270,170,33,13,37,15,346,119,1.0,0.5
Micky Van de Ven,Spurs,DEF,4.5,12,6,6.0,28.5,0,0,180,2,0,0,0,0,0,0,0,0,24.2,1.7,14.0,4.0,6.0,0,1.3,2.7,431245,206210,268811,76540,0.0,0.0,0.0,0.0,0.59,0.01,0.6,2.49,2,2,8,7,10,5.0,,144,63,256,82,115,16,175,60,,,,,,,0.3,0.0,0.0,0.3,1.24,0.0,469,122,32,10,35,11,8,1,1.0,1.0
Matt O'Riley,Brighton,MID,5.5,12,2,6.0,1.6,1,0,177,1,2,0,0,0,0,0,0,2,60.8,66.6,63.0,19.0,6.0,1,1.1,2.2,126569,54200,11322,31007,0.0,0.0,0.0,0.0,1.21,0.17,1.38,2.12,2,4,3,2,9,4.58,,24,10,11,10,11,4,6,3,1.0,,2.0,,2.0,,0.62,0.0,0.09,0.71,1.08,1.02,145,92,37,15,42,17,150,47,1.02,0.51
Gabriel Gabriel,Arsenal,DEF,6.1,12,6,6.0,20.5,0,0,180,2,0,0,0,0,0,0,0,0,36.2,3.6,10.0,5.0,6.0,0,1.0,2.0,447228,205591,111691,124993,0.1,-0.1,0.1,-0.1,0.04,0.01,0.05,1.69,2,1,9,5,10,5.0,,91,39,220,66,150,32,150,47,,,,,,,0.02,0.0,0.0,0.02,0.84,0.0,80,2,40,13,46,15,21,5,1.0,1.0
João Maria J.Palhinha,Spurs,MID,5.5,12,11,6.0,0.6,1,0,100,1,0,0,0,0,0,0,0,3,50.0,1.3,19.0,7.1,6.0,0,1.1,2.2,31019,14690,29780,5071,0.0,0.0,0.0,0.0,0.14,0.0,0.14,1.55,1,4,3,2,9,8.1,,44,21,268,147,91,58,95,58,,,,,,,0.13,0.0,0.0,0.13,1.4,0.0,130,83,36,14,40,16,220,72,0.9,0.9
Dan Burn,Newcastle,DEF,5.0,11,2,5.5,5.0,0,0,180,1,3,0,0,0,0,1,0,1,39.0,15.5,14.0,6.9,5.5,0,1.1,2.2,144702,50854,90259,24595,0.0,0.0,0.0,0.0,0.01,0.08,0.09,0.9,2,2,21,7,23,11.5,,78,33,120,34,117,18,98,25,,,,,,,0.0,0.0,0.04,0.04,0.45,1.5,224,33,46,17,52,19,82,32,1.0,0.5
Ismaïla Sarr,Crystal Palace,MID,6.5,11,8,5.5,5.3,1,0,180,1,1,0,0,0,0,0,0,1,46.0,18.3,17.0,8.2,5.5,0,0.8,1.7,140439,105386,113297,39643,0.0,0.0,0.0,0.0,0.55,0.05,0.6,2.53,2,2,4,5,11,5.5,,52,24,103,69,105,69,79,50,,,,,,,0.28,0.0,0.02,0.3,1.26,0.5,54,38,52,21,58,24,76,26,1.0,0.5
Marcos Senesi,Bournemouth,DEF,4.5,11,9,5.5,1.6,0,0,180,1,4,0,0,0,0,0,0,1,51.6,15.5,4.0,7.1,5.5,0,1.2,2.4,104826,29465,49160,18237,0.0,0.0,0.0,0.0,0.0,0.06,0.06,2.67,2,4,25,6,29,14.5,,39,11,119,33,210,62,92,23,,,,,,,0.0,0.0,0.03,0.03,1.34,2.0,413,97,43,14,49,16,144,56,1.0,0.5
Maxence Lacroix,Crystal Palace,DEF,5.0,11,3,5.5,1.6,0,0,180,1,1,0,0,0,0,1,0,0,55.4,0.4,23.0,7.9,5.5,0,1.1,2.2,66171,29059,33116,16303,0.0,0.0,0.0,0.0,0.1,0.0,0.1,2.53,2,6,22,7,28,14.0,,34,9,306,109,65,10,84,19,,,,,,,0.05,0.0,0.0,0.05,1.26,0.5,283,45,49,19,55,21,146,57,1.0,0.5
Michael Kayode,Brentford,DEF,4.5,11,10,5.5,0.4,0,0,174,1,3,0,0,0,0,0,0,2,50.2,21.0,2.0,7.3,5.5,0,1.2,2.4,24750,6040,23523,4236,0.0,0.0,0.0,0.0,0.0,0.09,0.09,2.96,2,7,10,6,17,8.79,,42,12,93,21,236,74,90,22,,,,,,,0.0,0.0,0.05,0.05,1.53,1.55,549,136,45,16,51,18,261,98,1.03,0.52
Sepp Van den Berg,Brentford,DEF,4.5,11,8,5.5,0.7,0,0,180,1,3,0,0,0,0,0,0,0,62.4,0.9,24.0,8.7,5.5,0,1.2,2.4,28967,9348,23700,5812,0.0,0.0,0.0,0.0,0.21,0.0,0.21,3.05,2,2,24,6,26,13.0,,22,6,286,101,60,9,70,13,,,,,,,0.1,0.0,0.0,0.1,1.52,1.5,441,114,44,15,50,17,216,82,1.0,0.5
Pedro Pedro Porro,Spurs,DEF,5.5,11,5,5.5,24.7,0,0,180,2,0,0,0,0,0,1,0,0,36.4,76.2,9.0,12.2,5.5,0,1.0,2.0,456910,224237,333177,73220,0.0,0.0,0.0,0.0,0.1,0.39,0.49,2.49,2,3,7,8,10,5.0,,86,37,7,1,158,36,26,4,1.0,,2.0,,,,0.05,0.0,0.2,0.25,1.24,0.0,160,22,50,20,56,22,13,3,1.0,1.0
Matthijs De Ligt,Man Utd,DEF,5.0,11,7,5.5,3.3,0,0,180,0,2,0,0,0,0,0,0,3,62.4,16.2,26.0,10.4,5.5,0,1.1,2.2,115832,40437,66284,23318,0.0,0.0,0.0,0.0,0.21,0.07,0.28,3.07,2,3,18,6,21,10.5,,23,7,113,31,53,6,46,7,,,,,,,0.1,0.0,0.04,0.14,1.54,1.0,256,38,47,18,53,20,95,38,1.0,0.0
Lucas L.Paquetá,West Ham,MID,5.9,11,9,5.5,1.1,1,0,180,0,8,0,0,0,0,0,0,2,60.2,32.5,18.0,11.1,5.5,0,0.9,1.9,30215,44138,26321,12199,-0.1,0.1,0.0,0.0,0.07,0.17,0.24,3.42,2,6,1,10,17,8.5,,25,11,54,42,95,62,37,26,,,1.0,,1.0,,0.04,0.0,0.08,0.12,1.71,4.0,108,73,51,20,57,23,178,59,1.0,0.0
Robert Sánchez,Chelsea,GKP,5.0,11,3,5.5,24.7,0,0,180,1,1,0,0,0,7,0,0,1,48.6,0.0,0.0,4.8,5.5,0,1.1,2.2,256274,217134,99933,127225,0.0,0.0,0.0,0.0,0.0,0.0,0.0,1.39,2,0,1,13,0,0.0,,46,6,623,76,600,75,154,6,,,,,,,0.0,3.5,0.0,0.0,0.7,0.5,260,12,48,5,54,6,12,2,1.0,0.5
Bafodé Diakité,Bournemouth,DEF,4.5,10,10,5.0,0.3,0,0,180,1,4,0,0,0,0,0,0,2,35.6,1.1,0.0,3.7,5.0,1,1.1,2.2,17098,5249,9958,3204,0.0,0.0,0.0,0.0,0.0,0.0,0.0,2.67,2,5,14,11,19,9.5,,92,40,279,96,444,192,189,64,,,,,,,0.0,0.0,0.0,0.0,1.34,2.0,427,107,56,24,62,26,310,114,1.0,0.5
Leny Yoro,Man Utd,DEF,4.5,10,6,5.0,2.6,0,1,176,0,2,0,0,0,0,0,0,1,33.2,13.9,9.0,5.6,5.0,0,1.1,2.2,100651,33243,62531,17331,0.0,0.0,0.0,0.0,0.18,0.02,0.2,3.04,2,3,16,5,19,9.72,,106,45,135,40,153,34,126,39,,,,,,,0.09,0.0,0.01,0.1,1.55,1.02,513,132,57,25,63,27,108,43,1.02,0.0
Rayan Aït-Nouri,Man City,DEF,6.1,10,1,5.0,18.3,0,0,112,1,0,0,0,0,0,0,0,1,30.4,13.9,3.0,4.7,5.0,0,0.8,1.6,413392,599616,46657,495080,0.1,-0.1,0.1,-0.1,0.04,0.02,0.06,0.64,2,6,9,5,15,12.05,Ankle injury - 75% chance of playing,118,53,136,41,230,70,160,51,,,,,,,0.03,0.0,0.02,0.05,0.51,0.0,81,3,62,28,69,30,24,7,1.61,0.8
Eliezer Mayenda,Sunderland,FWD,5.5,10,2,5.0,2.0,1,0,137,1,1,0,0,0,0,0,0,2,45.2,11.6,45.0,10.2,5.0,0,0.9,1.8,208522,73148,42016,45878,0.0,0.0,0.0,0.0,0.39,0.0,0.39,0.67,2,1,2,2,5,3.28,,55,7,154,13,25,11,49,9,,,,,1.0,,0.26,0.0,0.0,0.26,0.44,0.66,181,39,61,7,67,7,125,22,1.31,0.66
Pedro Neto,Chelsea,MID,7.0,10,7,5.0,5.1,1,0,180,1,1,0,0,0,0,0,0,0,51.4,56.1,40.0,14.8,5.0,0,0.7,1.4,176306,86414,150968,33239,0.0,0.0,0.0,0.0,0.41,0.53,0.94,1.39,2,2,1,5,8,4.0,,40,18,19,17,35,20,18,11,1.0,,,,,,0.2,0.0,0.26,0.46,0.7,0.5,35,22,64,24,72,29,78,27,1.0,0.5
Michael Keane,Everton,DEF,4.5,10,8,5.0,0.5,0,0,180,1,1,0,0,0,0,0,0,0,43.8,0.7,4.0,4.8,5.0,0,1.1,2.2,18161,8421,14701,4580,0.0,0.0,0.0,0.0,0.0,0.01,0.01,4.5,2,2,18,5,20,10.0,,59,18,291,103,209,61,153,48,,,,,,,0.0,0.0,0.0,0.0,2.25,0.5,379,73,54,22,60,24,246,88,1.0,0.5
Anton Stach,Leeds,MID,5.0,10,2,5.0,0.5,0,1,180,1,5,0,0,0,0,0,0,0,30.6,99.6,22.0,15.2,5.0,0,1.0,2.0,24747,10893,7392,5557,0.0,0.0,0.0,0.0,0.27,0.36,0.63,3.43,2,4,8,5,17,8.5,,117,41,1,1,68,38,16,9,1.0,,4.0,,,,0.14,0.0,0.18,0.32,1.72,2.5,292,182,59,22,65,25,253,84,1.0,0.5
Matty Cash,Aston Villa,DEF,4.5,10,2,5.0,5.2,0,0,180,1,1,0,0,0,0,0,0,0,58.0,26.5,6.0,9.1,5.0,0,1.1,2.2,360050,93258,84620,51865,0.0,0.0,0.0,0.0,0.0,0.23,0.23,2.64,2,5,12,7,17,8.5,,30,8,74,18,186,52,62,9,,,,,,,0.0,0.0,0.12,0.12,1.32,0.5,399,87,55,23,61,25,77,29,1.0,0.5
Hjalmar Ekdal,Burnley,DEF,4.0,10,9,5.0,0.8,0,0,180,1,3,0,0,0,0,0,0,1,41.6,14.8,12.0,6.8,5.0,0,1.2,2.5,62632,12277,57546,9625,0.0,0.0,0.0,0.0,0.0,0.01,0.01,3.09,2,2,17,4,19,9.5,,65,23,130,37,126,20,99,26,,,,,,,0.0,0.0,0.0,0.0,1.54,1.5,646,188,53,21,59,23,196,73,1.0,0.5
Iliman Ndiaye,Everton,MID,6.5,10,8,5.0,9.4,1,0,153,1,1,0,0,0,0,0,0,0,55.8,13.2,42.0,11.1,5.0,0,0.8,1.5,85315,262158,60630,66129,0.0,0.0,0.0,0.0,0.73,0.02,0.75,3.55,2,5,2,10,17,10.0,,33,14,141,89,27,12,38,27,,,,,1.0,,0.43,0.0,0.01,0.44,2.09,0.59,58,41,63,23,71,28,43,13,1.18,0.59
Tyrick Mitchell,Crystal Palace,DEF,5.0,10,1,5.0,1.8,0,0,180,1,1,0,0,0,0,1,0,1,40.6,27.7,8.0,7.6,5.0,0,1.0,2.0,69593,29657,18949,16174,0.0,0.0,0.0,0.0,0.0,0.09,0.09,2.53,2,8,8,10,16,8.0,,69,26,71,17,165,42,88,21,,,,,,,0.0,0.0,0.04,0.04,1.26,0.5,272,42,58,26,64,28,134,53,1.0,0.5
Daniel Muñoz,Crystal Palace,DEF,5.5,10,5,5.0,9.6,0,1,180,1,1,0,0,0,0,1,0,0,38.2,24.6,8.0,7.0,5.0,0,0.9,1.8,225404,100439,145662,49379,0.0,0.0,0.0,0.0,0.05,0.32,0.37,2.53,2,2,7,7,9,4.5,,81,36,84,19,168,44,97,24,,,,,,,0.02,0.0,0.16,0.18,1.26,0.5,151,21,60,27,66,29,41,14,1.0,0.5
Pape Matar P.M.Sarr,Spurs,MID,5.0,9,3,4.5,2.8,0,1,180,2,0,0,0,0,0,0,0,0,39.4,20.2,21.0,8.1,4.5,0,0.9,1.8,83461,72757,41233,33716,0.0,0.0,0.0,0.0,0.03,0.23,0.26,2.49,2,4,5,10,19,9.5,,76,30,95,65,74,43,81,52,,,,,,,0.02,0.0,0.12,0.14,1.24,0.0,298,186,71,25,78,30,101,32,1.0,1.0
Fabian Schär,Newcastle,DEF,5.5,9,1,4.5,2.6,0,0,170,1,2,0,0,0,0,0,0,0,29.0,2.2,10.0,4.2,4.5,0,0.8,1.6,60859,80659,31736,62914,0.0,0.0,0.0,0.0,0.04,0.03,0.07,0.53,2,4,15,8,19,10.06,Head injury - 25% chance of playing,121,55,248,79,149,31,174,59,,,2.0,,4.0,,0.02,0.0,0.02,0.04,0.28,1.06,126,14,72,33,79,34,109,44,1.06,0.53
Alex Iwobi,Fulham,MID,6.5,9,7,4.5,1.3,0,1,155,0,2,0,0,0,0,0,0,2,34.4,62.4,18.0,11.5,4.5,0,0.7,1.4,12577,39046,9417,10936,0.0,0.0,0.0,0.0,0.08,0.53,0.61,2.68,2,0,2,4,6,3.48,,98,37,15,14,97,64,32,22,,,,,,,0.05,0.0,0.31,0.36,1.56,1.16,47,32,73,26,80,31,166,54,1.16,0.0
Josh Acheampong,Chelsea,DEF,4.0,9,0,9.0,2.4,0,0,90,1,0,0,0,0,0,0,0,3,16.2,2.3,10.0,2.9,4.5,0,1.1,2.2,241863,75206,27713,45539,0.0,0.0,0.0,0.0,0.09,0.01,0.1,0.66,1,2,6,4,8,8.0,,183,75,244,77,143,28,231,77,,,,,,,0.09,0.0,0.01,0.1,0.66,0.0,690,219,67,31,6,3,112,46,1.0,1.0
Nathan Collins,Brentford,DEF,5.0,9,9,4.5,1.8,0,0,180,1,3,0,0,0,0,1,0,1,30.6,0.5,11.0,4.2,4.5,0,0.9,1.8,25682,28283,20841,7924,0.0,0.0,0.0,0.0,0.02,0.01,0.03,3.05,2,1,17,10,18,9.0,,116,52,299,105,137,24,173,58,,,,,,,0.01,0.0,0.0,0.01,1.52,1.5,281,44,70,32,77,33,141,54,1.0,0.5
Reinildo Reinildo,Sunderland,DEF,4.0,9,3,4.5,8.4,0,0,180,1,2,0,0,0,0,0,0,0,43.0,12.9,0.0,5.6,4.5,0,1.1,2.2,257510,89145,80420,46618,0.0,0.0,0.0,0.0,0.0,0.02,0.02,1.56,2,7,13,6,20,10.0,,61,20,144,42,312,106,123,36,,,,,,,0.0,0.0,0.01,0.01,0.78,1.0,620,171,66,30,74,32,49,18,1.0,0.5
Joe Rodon,Leeds,DEF,4.0,9,2,4.5,2.4,0,0,180,1,5,0,0,0,0,0,0,1,43.4,0.7,0.0,4.4,4.5,0,1.1,2.2,50848,29866,30026,15959,0.0,0.0,0.0,0.0,0.0,0.0,0.0,3.43,2,1,20,4,21,10.5,,60,19,290,102,298,97,166,53,,,,,,,0.0,0.0,0.0,0.0,1.72,2.5,605,161,65,29,73,31,111,45,1.0,0.5
Bruno Bruno G.,Newcastle,MID,6.5,9,6,4.5,2.0,1,0,180,1,3,0,0,0,0,1,0,0,44.6,30.9,19.0,9.4,4.5,0,0.7,1.4,51696,36915,47251,12042,0.0,0.0,0.0,0.0,0.17,0.12,0.29,0.9,2,5,1,13,19,9.5,,57,27,57,44,93,60,58,41,,,,,,,0.08,0.0,0.06,0.14,0.45,1.5,52,36,74,27,81,32,122,38,1.0,0.5
James Trafford,Man City,GKP,5.0,9,2,4.5,2.5,0,0,180,1,2,0,0,0,6,0,0,0,59.6,0.0,0.0,6.0,4.5,0,0.9,1.8,77271,60569,20730,34069,0.0,0.0,0.0,0.0,0.0,0.0,0.0,1.67,2,2,5,20,0,0.0,,26,3,633,78,610,77,112,3,,,,,,,0.0,3.0,0.0,0.0,0.84,1.0,280,14,69,7,76,8,110,15,1.0,0.5
Bukayo Saka,Arsenal,MID,10.0,9,6,4.5,10.8,1,0,142,1,0,0,0,0,0,0,0,0,52.4,46.8,28.0,12.7,4.5,0,0.4,0.9,205945,744286,53774,635823,0.0,0.0,0.0,0.0,0.26,0.12,0.38,1.69,2,3,0,6,9,5.7,Hamstring injury - 50% chance of playing,38,17,28,25,50,29,24,16,1.0,,4.0,,1.0,,0.16,0.0,0.08,0.24,1.07,0.0,5,3,75,28,82,33,37,11,1.27,0.63
Robin Roefs,Sunderland,GKP,4.5,9,1,4.5,1.1,0,0,180,1,2,0,0,0,4,0,0,1,34.2,0.0,0.0,3.4,4.5,0,1.0,2.0,84725,27290,16993,14871,0.0,0.0,0.0,0.0,0.0,0.0,0.0,1.56,2,0,4,18,0,0.0,,99,12,513,66,481,64,211,16,,,,,,,0.0,2.0,0.0,0.0,0.78,1.0,479,31,68,6,75,7,176,23,1.0,0.5
Oscar Bobb,Man City,MID,5.5,8,2,4.0,0.5,0,1,164,1,2,0,0,0,0,0,0,0,36.4,55.5,22.0,11.4,4.0,0,0.7,1.5,39875,14151,13004,8065,0.0,0.0,0.0,0.0,0.0,0.28,0.28,1.31,2,3,0,6,9,4.94,,87,32,20,18,69,39,33,23,,,,,,,0.0,0.0,0.15,0.15,0.72,1.1,166,105,89,32,97,38,247,83,1.1,0.55
Chris Richards,Crystal Palace,DEF,4.5,8,2,4.0,1.6,0,0,180,1,1,0,0,0,0,0,0,0,41.6,1.3,4.0,4.7,4.0,0,0.9,1.8,49197,25241,16793,12682,0.0,0.0,0.0,0.0,0.08,0.05,0.13,2.53,2,3,13,2,16,8.0,,66,24,265,88,212,64,157,50,,,,,,,0.04,0.0,0.02,0.06,1.26,0.5,432,111,82,39,90,40,149,58,1.0,0.5
Jake O'Brien,Everton,DEF,5.0,8,6,4.0,0.6,0,0,180,1,1,0,0,0,0,0,0,0,15.0,6.1,11.0,3.2,4.0,0,0.8,1.6,9005,10116,5328,3969,0.0,0.0,0.0,0.0,0.17,0.02,0.19,4.5,2,4,4,6,8,4.0,,191,78,198,57,138,25,220,75,,,,,,,0.08,0.0,0.01,0.09,2.25,0.5,313,52,86,40,94,41,234,85,1.0,0.5
Igor Thiago Thiago,Brentford,FWD,6.0,8,2,4.0,1.3,1,0,180,1,3,0,0,0,0,0,0,0,41.0,27.0,39.0,10.7,4.0,0,0.7,1.3,62317,31301,30752,18004,0.0,0.0,0.0,0.0,1.13,0.02,1.15,3.05,2,3,4,3,10,5.0,,68,8,73,4,36,13,45,8,,,,,2.0,,0.56,0.0,0.01,0.57,1.52,1.5,94,25,91,8,99,8,168,28,1.0,0.5
Martin Dúbravka,Burnley,GKP,4.0,8,6,4.0,34.1,0,0,180,1,3,0,0,0,4,0,0,0,36.4,0.0,0.0,3.7,4.0,0,1.0,2.0,258366,104786,110598,60925,0.0,0.0,0.0,0.0,0.0,0.0,0.0,3.09,2,0,2,17,0,0.0,,85,10,324,8,273,4,186,10,,,,,,,0.0,2.0,0.0,0.0,1.54,1.5,579,39,76,8,83,9,4,1,1.0,0.5
Đorđe Petrović,Bournemouth,GKP,4.5,8,6,4.0,3.6,0,0,180,1,4,0,0,0,7,0,0,0,59.2,0.0,0.0,5.9,4.0,0,0.9,1.8,93820,50722,34545,25737,0.0,0.0,0.0,0.0,0.0,0.0,0.0,2.67,2,0,6,13,0,0.0,,28,4,492,64,459,61,115,4,,,,,,,0.0,3.5,0.0,0.0,1.34,2.0,447,28,83,9,91,10,90,12,1.0,0.5
Dean Henderson,Crystal Palace,GKP,5.0,8,2,4.0,7.2,0,0,180,1,1,0,0,0,2,0,0,0,25.8,10.0,0.0,3.5,4.0,0,0.8,1.6,73981,70401,34831,38784,0.0,0.0,0.0,0.0,0.0,0.0,0.0,2.53,2,0,2,9,0,0.0,,136,15,175,3,593,72,206,14,,,,,,,0.0,1.0,0.0,0.0,1.26,0.5,242,9,85,10,93,11,60,8,1.0,0.5
Pascal Struijk,Leeds,DEF,4.5,8,0,4.0,0.4,0,0,180,1,5,0,0,0,0,0,0,2,39.8,11.7,26.0,7.8,4.0,0,0.9,1.8,7554,8247,2700,4584,0.0,0.0,0.0,0.0,0.23,0.01,0.24,3.43,2,2,12,8,14,7.0,,73,29,153,44,52,5,86,20,,,,,3.0,,0.12,0.0,0.0,0.12,1.72,2.5,414,98,81,38,88,39,278,102,1.0,0.5
Gabriel Gudmundsson,Leeds,DEF,4.0,8,-1,4.0,3.6,0,0,180,1,5,0,0,0,0,1,0,3,39.8,34.1,17.0,9.1,4.0,0,1.0,2.0,131811,57316,41212,31061,0.0,0.0,0.0,0.0,0.17,0.14,0.31,3.43,2,4,12,7,16,8.0,,72,28,51,8,98,12,61,8,,,,,,,0.08,0.0,0.07,0.15,1.72,2.5,617,169,77,34,84,35,91,36,1.0,0.5
Marc Guéhi,Crystal Palace,DEF,4.5,8,2,4.0,13.1,0,0,180,1,1,0,0,0,0,0,0,0,25.0,11.5,6.0,4.3,4.0,0,0.9,1.8,222331,123626,80400,66974,0.0,0.0,0.0,0.0,0.11,0.01,0.12,2.53,2,2,9,4,11,5.5,,139,62,156,46,187,53,168,54,,,,,,,0.06,0.0,0.0,0.06,1.26,0.5,406,92,80,37,87,38,31,12,1.0,0.5
Chemsdine Talbi,Sunderland,MID,5.0,8,2,4.0,0.4,0,1,152,1,1,0,0,0,0,0,0,0,22.6,34.7,6.0,6.3,4.0,0,0.8,1.6,28050,12571,3806,6248,0.0,0.0,0.0,0.0,0.23,0.02,0.25,0.87,2,1,0,3,4,2.37,,151,57,49,40,192,107,105,63,,,,,,,0.14,0.0,0.01,0.15,0.52,0.59,318,202,87,30,95,36,286,91,1.18,0.59
Elliot Anderson,Nott'm Forest,MID,5.5,8,2,4.0,6.1,0,1,180,0,2,0,0,0,0,0,0,1,45.8,42.8,20.0,10.9,4.0,0,0.7,1.5,96537,113678,35170,46541,0.0,0.0,0.0,0.0,0.39,0.31,0.7,2.6,2,5,2,15,22,11.0,,53,25,37,31,85,52,43,30,3.0,,,,,,0.2,0.0,0.16,0.36,1.3,1.0,143,90,88,31,96,37,68,22,1.0,0.0
Martín Zubimendi,Arsenal,MID,5.5,8,3,4.0,2.0,0,0,180,2,0,0,0,0,0,0,0,0,22.4,8.8,3.0,3.4,4.0,0,0.7,1.5,48647,71336,12290,38410,0.0,0.0,0.0,0.0,0.02,0.03,0.05,1.69,2,5,5,10,20,10.0,,153,59,180,110,229,130,213,104,,,,,,,0.01,0.0,0.02,0.03,0.84,0.0,167,106,90,33,98,39,124,39,1.0,1.0
Tyrone Mings,Aston Villa,DEF,4.5,8,2,4.0,1.4,0,0,180,1,1,0,0,0,0,0,0,0,30.6,16.0,15.0,6.2,4.0,0,0.9,1.8,54888,21954,10897,12540,0.0,0.0,0.0,0.0,0.11,0.03,0.14,2.64,2,0,10,8,10,5.0,,114,50,115,32,109,15,107,29,,,,,,,0.06,0.0,0.02,0.08,1.32,0.5,387,79,79,36,86,37,160,60,1.0,0.5
Lucas Digne,Aston Villa,DEF,4.5,8,2,4.0,2.3,0,0,153,1,1,0,0,0,0,0,0,0,18.4,14.2,6.0,3.8,4.0,0,0.9,1.8,69658,31952,14231,17400,0.0,0.0,0.0,0.0,0.0,0.17,0.17,2.54,2,3,6,5,9,5.29,,171,71,133,38,183,49,180,61,7.0,,2.0,,,,0.0,0.0,0.1,0.1,1.49,0.59,377,72,78,35,85,36,116,47,1.18,0.59
Adam Smith,Bournemouth,DEF,4.5,7,6,3.5,0.4,0,0,179,1,3,0,0,0,0,0,0,0,17.8,13.9,4.0,3.6,3.5,0,0.8,1.6,12615,6574,1900,3291,0.0,0.0,0.0,0.0,0.0,0.09,0.09,2.56,2,1,10,3,11,5.53,,173,72,134,39,207,59,199,67,,,,,,,0.0,0.0,0.05,0.05,1.29,1.51,368,65,94,43,102,44,279,103,1.01,0.5
Trai Hume,Sunderland,DEF,4.5,7,1,3.5,0.3,0,0,180,1,2,0,0,0,0,0,0,0,25.8,29.8,4.0,6.0,3.5,0,0.8,1.6,13341,6552,2286,3734,0.0,0.0,0.0,0.0,0.03,0.12,0.15,1.56,2,4,5,6,9,4.5,,135,60,60,11,215,67,110,31,,,4.0,,,,0.02,0.0,0.06,0.08,0.78,1.0,460,120,97,45,104,46,313,116,1.0,0.5
Simon Adingra,Sunderland,MID,5.5,7,1,3.5,1.7,0,1,137,1,1,0,0,0,0,1,0,0,8.2,34.0,6.0,4.8,3.5,0,0.6,1.3,58555,47170,7488,26750,0.0,0.0,0.0,0.0,0.14,0.11,0.25,0.67,2,1,3,4,8,5.26,,238,110,53,41,197,112,156,81,,,,,,,0.09,0.0,0.07,0.16,0.44,0.66,177,114,109,40,115,45,143,45,1.31,0.66
Quilindschy Hartman,Burnley,DEF,4.0,7,6,3.5,0.5,0,0,180,1,3,0,0,0,0,0,0,0,33.2,19.0,4.0,5.6,3.5,0,0.9,1.8,13014,9218,5487,4381,0.0,0.0,0.0,0.0,0.0,0.08,0.08,3.09,2,6,8,5,14,7.0,,105,44,99,24,206,58,124,37,2.0,,,,,,0.0,0.0,0.04,0.04,1.54,1.5,656,193,93,42,101,43,238,87,1.0,0.5
Rodrigo Muniz,Fulham,FWD,5.5,7,0,3.5,2.3,1,0,94,0,1,1,0,0,0,1,0,3,31.0,10.3,57.0,9.5,3.5,0,0.6,1.3,91050,69486,28444,42554,0.0,0.0,0.0,0.0,0.52,0.0,0.52,1.95,1,1,2,3,6,5.74,,112,11,169,15,16,8,56,10,,,,,,,0.5,0.0,0.0,0.5,1.87,0.96,150,33,107,9,114,9,114,19,0.96,0.0
David Brooks,Bournemouth,MID,5.0,7,3,3.5,0.3,0,1,149,1,2,0,0,0,0,1,0,0,35.4,64.5,33.0,13.3,3.5,0,0.7,1.4,17617,7905,5233,4190,0.0,0.0,0.0,0.0,0.36,0.86,1.22,2.31,2,2,2,7,11,6.64,,93,34,14,13,44,24,22,14,5.0,,,,,,0.22,0.0,0.52,0.74,1.4,1.21,231,146,100,35,107,41,324,107,1.21,0.6
Federico Chiesa,Liverpool,MID,6.5,7,1,3.5,0.4,1,0,18,0,1,0,0,0,0,0,0,0,36.4,0.6,17.0,5.5,3.5,0,0.5,1.1,11914,8507,3072,5941,0.0,0.0,0.0,0.0,0.16,0.0,0.16,0.16,0,1,1,0,2,10.0,,88,33,296,158,104,68,131,68,,,,,,,0.8,0.0,0.0,0.8,0.8,5.0,53,37,111,42,117,47,285,90,0.0,0.0
Emile Smith Rowe,Fulham,MID,5.9,7,6,3.5,0.8,1,0,32,0,0,0,0,0,0,0,0,0,33.0,5.6,40.0,7.8,3.5,0,0.6,1.2,10757,32177,8117,8608,-0.1,0.1,0.0,0.0,0.79,0.02,0.81,0.51,0,0,0,0,0,0.0,,108,40,201,120,33,18,87,55,,,,,,,2.22,0.0,0.06,2.28,1.43,0.0,104,70,110,41,116,46,200,68,0.0,0.0
Marco M.Bizot,Aston Villa,GKP,4.5,7,0,7.0,0.8,0,0,90,1,0,0,0,0,3,0,0,0,19.6,0.0,0.0,2.0,3.5,0,0.8,1.6,58711,33982,7323,18328,0.0,0.0,0.0,0.0,0.0,0.0,0.0,1.43,1,0,1,12,0,0.0,,166,19,453,56,409,52,264,19,,,,,,,0.0,3.0,0.0,0.0,1.43,0.0,372,19,96,11,22,4,195,26,1.0,1.0
Keane Lewis-Potter,Brentford,DEF,5.0,7,6,3.5,0.4,0,0,158,1,3,0,0,0,0,0,0,0,13.4,5.3,9.0,2.8,3.5,0,0.7,1.4,7165,6993,4256,2644,0.0,0.0,0.0,0.0,0.12,0.0,0.12,3.05,2,3,6,6,9,5.13,,201,81,205,59,155,35,241,85,,,4.0,,,,0.07,0.0,0.0,0.07,1.74,1.71,275,43,101,47,108,48,258,95,1.14,0.57
Granit Xhaka,Sunderland,MID,5.0,7,4,3.5,2.8,0,0,180,1,2,0,0,0,0,0,0,0,35.0,53.9,3.0,9.2,3.5,0,0.7,1.4,48650,56705,16138,28009,0.0,0.0,0.0,0.0,0.05,0.1,0.15,1.56,2,3,8,8,19,9.5,,95,36,22,20,226,127,60,43,1.0,,1.0,,,,0.02,0.0,0.05,0.07,0.78,1.0,226,144,99,34,106,40,102,33,1.0,0.5
Mats Wieffer,Brighton,MID,5.0,7,3,3.5,0.1,0,0,174,0,3,0,0,0,0,1,0,0,44.8,5.2,21.0,7.1,3.5,0,0.7,1.4,2264,1929,783,871,0.0,0.0,0.0,0.0,0.02,0.04,0.06,1.97,2,12,11,8,31,16.03,,56,26,206,123,73,42,93,57,,,,,,,0.01,0.0,0.02,0.03,1.02,1.55,293,183,103,37,110,43,528,189,1.03,0.0
Yehor Yarmoliuk,Brentford,MID,5.0,7,5,3.5,0.1,0,0,168,1,3,0,0,0,0,0,0,0,22.0,16.2,8.0,4.6,3.5,0,0.7,1.4,2415,1379,2192,787,0.0,0.0,0.0,0.0,0.11,0.02,0.13,2.81,2,5,6,13,24,12.86,,155,60,114,74,167,96,162,83,,,,,,,0.06,0.0,0.01,0.07,1.51,1.61,311,196,104,38,111,44,532,192,1.07,0.54
Morgan Gibbs-White,Nott'm Forest,MID,7.5,7,2,3.5,5.8,0,1,164,0,2,0,0,0,0,0,0,0,28.8,72.3,19.0,11.8,3.5,0,0.5,0.9,122475,95782,88366,45104,0.0,0.0,0.0,0.0,0.49,0.38,0.87,2.6,2,1,1,3,5,2.74,,122,42,10,9,94,61,28,18,,,2.0,,2.0,,0.27,0.0,0.21,0.48,1.43,1.1,23,14,113,44,119,49,70,24,1.1,0.0
Kyle Walker,Burnley,DEF,4.5,7,6,3.5,1.9,0,0,180,1,3,0,0,0,0,0,0,0,23.6,3.0,1.0,2.8,3.5,0,0.8,1.6,28480,34701,11630,14588,0.0,0.0,0.0,0.0,0.01,0.04,0.05,3.09,2,1,11,10,12,6.0,,145,64,232,70,263,83,237,81,,,,,,,0.0,0.0,0.02,0.02,1.54,1.5,369,66,95,44,103,45,130,51,1.0,0.5
Kieran Trippier,Newcastle,DEF,5.0,7,1,3.5,2.6,0,0,165,1,2,0,0,0,0,0,0,0,9.8,34.1,0.0,4.3,3.5,0,0.7,1.4,59683,28704,37342,14535,0.0,0.0,0.0,0.0,0.0,0.14,0.14,0.53,2,0,4,8,4,2.18,,227,86,52,9,584,214,169,55,1.0,,1.0,,,,0.0,0.0,0.08,0.08,0.29,1.09,223,32,98,46,105,47,107,42,1.09,0.55
John Stones,Man City,DEF,5.5,7,1,3.5,1.1,0,0,171,1,2,0,0,0,0,0,0,0,38.2,4.0,0.0,4.3,3.5,0,0.6,1.3,26686,13514,13336,8047,0.0,0.0,0.0,0.0,0.0,0.03,0.03,1.58,2,0,10,8,10,5.26,,80,35,214,63,659,228,171,56,,,,,,,0.0,0.0,0.02,0.02,0.83,1.05,123,13,105,48,112,49,180,67,1.05,0.53
Rúben Rúben,Man City,DEF,5.5,7,1,3.5,4.3,0,0,180,1,2,0,0,0,0,0,0,0,39.8,3.3,2.0,4.5,3.5,0,0.6,1.3,98542,57397,49764,31521,0.0,0.0,0.0,0.0,0.0,0.09,0.09,1.67,2,2,9,6,11,5.5,,74,30,230,69,252,78,164,52,,,,,,,0.0,0.0,0.04,0.04,0.84,1.0,133,16,106,49,113,50,84,33,1.0,0.5
Ryan Gravenberch,Liverpool,MID,5.5,7,7,7.0,0.4,1,0,90,0,2,0,0,0,0,1,0,1,40.6,6.3,7.0,5.4,3.5,0,0.6,1.3,19716,6577,15245,4122,0.0,0.0,0.0,0.0,0.02,0.01,0.03,0.93,1,1,3,4,8,8.0,,70,29,196,118,180,104,136,71,,,,,,,0.02,0.0,0.01,0.03,0.93,2.0,161,100,108,39,24,9,273,86,1.0,0.0
Rayan Cherki,Man City,MID,6.5,7,1,3.5,7.8,1,0,70,0,2,0,0,0,0,0,0,0,50.2,28.3,15.0,9.4,3.5,0,0.5,1.1,156186,221597,44016,119425,0.0,0.0,0.0,0.0,0.06,0.47,0.53,0.83,1,4,2,3,9,11.57,,43,20,66,49,113,73,59,42,,,,,,,0.08,0.0,0.6,0.68,1.07,2.57,62,44,112,43,118,48,54,18,1.29,0.0
Hannibal Hannibal,Burnley,MID,5.0,7,5,3.5,0.2,0,0,144,1,2,0,0,0,0,0,0,0,9.2,20.2,9.0,3.8,3.5,0,0.7,1.4,3029,3434,2069,1449,0.0,0.0,0.0,0.0,0.05,0.13,0.18,2.07,2,3,2,9,14,8.75,,231,105,94,64,156,93,182,91,,,3.0,,,,0.03,0.0,0.08,0.11,1.29,1.25,289,180,102,36,109,42,405,137,1.25,0.62
Maxime Estève,Burnley,DEF,4.0,7,6,3.5,18.7,0,0,172,1,3,0,0,0,0,0,0,0,40.4,1.6,17.0,5.9,3.5,0,0.9,1.8,166837,164866,77806,79316,0.0,0.0,0.0,0.0,0.05,0.01,0.06,2.98,2,1,14,3,15,7.85,,71,27,259,84,99,13,114,33,,,,,,,0.03,0.0,0.01,0.04,1.56,1.57,645,187,92,41,100,42,22,6,1.05,0.52
Wilson Isidor,Sunderland,FWD,5.5,6,1,3.0,0.3,1,0,41,0,1,0,0,0,0,0,0,0,34.2,0.1,21.0,5.5,3.0,0,0.5,1.1,15935,11857,2572,7269,0.0,0.0,0.0,0.0,0.04,0.0,0.04,0.89,0,0,1,1,2,4.39,,100,9,318,33,78,21,128,17,,,,,3.0,,0.09,0.0,0.0,0.09,1.95,2.2,157,35,126,11,133,11,305,50,0.0,0.0
Amadou Onana,Aston Villa,MID,5.0,6,1,3.0,1.8,0,0,153,1,1,0,0,0,0,1,0,0,34.0,6.2,16.0,5.6,3.0,0,0.6,1.2,55963,50573,14386,25923,0.0,0.0,0.0,0.0,0.23,0.05,0.28,2.54,2,4,9,10,23,13.53,,103,39,197,119,106,70,127,67,,,,,,,0.14,0.0,0.03,0.17,1.49,0.59,286,178,122,47,129,52,139,43,1.18,0.59
Tyler Adams,Bournemouth,MID,5.0,6,2,3.0,0.3,0,0,177,1,3,0,0,0,0,1,0,0,41.8,7.0,11.0,6.0,3.0,0,0.6,1.2,10194,8920,2745,4575,0.0,0.0,0.0,0.0,0.03,0.11,0.14,2.51,2,7,12,9,28,14.24,,64,28,192,117,136,85,111,64,,,4.0,,,,0.02,0.0,0.06,0.08,1.28,1.53,251,158,121,46,128,51,294,95,1.02,0.51
Reece James,Chelsea,DEF,5.5,6,1,3.0,5.7,0,0,99,1,0,0,0,0,0,1,0,0,19.6,62.1,0.0,8.2,3.0,0,0.5,1.1,115572,116851,39669,79149,0.0,0.0,0.0,0.0,0.0,0.32,0.32,1.05,1,1,6,8,7,6.36,,168,70,16,2,669,230,77,17,3.0,,2.0,,,,0.0,0.0,0.29,0.29,0.95,0.0,146,19,125,53,132,54,72,26,0.91,0.91
Harry Wilson,Fulham,MID,5.5,6,1,3.0,0.8,0,1,118,0,1,0,0,0,0,0,0,0,6.2,7.3,19.0,3.2,3.0,0,0.5,1.1,8596,31700,2107,15453,0.0,0.0,0.0,0.0,0.07,0.11,0.18,1.59,1,2,1,4,7,5.34,Foot injury - 75% chance of playing,253,119,189,115,90,57,222,108,3.0,,3.0,,,,0.05,0.0,0.08,0.13,1.21,0.76,129,82,123,48,131,54,202,69,0.76,0.0
Martin Ødegaard,Arsenal,MID,8.0,6,1,3.0,2.9,0,0,127,1,0,0,0,0,0,0,0,0,19.4,24.7,20.0,6.4,3.0,0,0.4,0.8,56677,144306,7761,109448,0.0,0.0,0.0,0.0,0.14,0.34,0.48,1.69,2,2,6,8,16,11.34,Shoulder injury - 75% chance of playing,170,68,83,57,86,53,103,62,3.0,,2.0,,3.0,,0.1,0.0,0.24,0.34,1.2,0.0,14,9,130,50,137,56,98,31,1.42,0.71
Bernd Leno,Fulham,GKP,5.0,6,3,3.0,1.5,0,0,180,0,2,0,0,0,6,0,0,0,47.0,0.0,0.0,4.7,3.0,0,0.6,1.2,9723,25481,5647,9994,0.0,0.0,0.0,0.0,0.0,0.0,0.0,3.11,2,0,3,17,0,0.0,,49,7,611,70,585,68,158,7,,,,,,,0.0,3.0,0.0,0.0,1.56,1.0,225,5,119,14,125,14,152,21,1.0,0.0
Adrien Truffert,Bournemouth,DEF,4.5,6,6,3.0,1.0,0,0,180,1,4,0,0,0,0,0,0,0,36.2,38.0,6.0,8.0,3.0,0,0.7,1.3,52793,20655,12357,10231,0.0,0.0,0.0,0.0,0.0,0.17,0.17,2.67,2,2,8,8,10,5.0,,89,38,43,6,189,55,82,18,,,,,,,0.0,0.0,0.08,0.08,1.34,2.0,474,124,117,51,124,53,187,71,1.0,0.5
Rio Ngumoha,Liverpool,MID,4.5,6,6,6.0,0.4,1,0,1,0,0,0,0,0,0,0,0,0,34.0,0.1,17.0,5.1,3.0,0,0.7,1.3,31528,8119,24644,5801,0.0,0.0,0.0,0.0,0.37,0.0,0.37,0.0,0,0,0,0,0,0.0,,101,38,315,166,100,65,148,78,,,,,,,33.3,0.0,0.0,33.3,0.0,0.0,552,309,118,45,36,14,284,89,0.0,0.0
William Osula,Newcastle,FWD,5.5,6,5,3.0,0.4,1,0,15,0,1,0,0,0,0,0,0,0,31.0,0.6,24.0,5.5,3.0,0,0.5,1.1,23938,10117,21855,5478,0.0,0.0,0.0,0.0,0.16,0.02,0.18,0.37,0,0,0,0,0,0.0,,113,12,295,31,61,19,129,18,,,,,,,0.96,0.0,0.12,1.08,2.22,6.0,178,38,127,12,134,12,264,44,0.0,0.0
Georginio Georginio,Brighton,MID,6.0,6,0,6.0,1.0,0,1,68,1,0,0,0,0,0,0,0,0,2.2,1.2,15.0,1.8,3.0,0,0.5,1.0,22246,56092,2114,31769,0.0,0.0,0.0,0.0,0.07,0.0,0.07,0.52,1,1,0,1,2,2.65,Knock - 75% chance of playing,307,152,276,150,112,72,269,134,,,,,,,0.09,0.0,0.0,0.09,0.69,0.0,91,62,129,49,45,20,182,60,1.32,1.32
Caoimhín Kelleher,Brentford,GKP,4.5,6,5,3.0,10.4,0,0,180,1,3,0,0,0,4,1,0,0,21.8,0.0,0.0,2.2,3.0,0,0.7,1.3,89266,119716,61849,42023,0.0,0.0,0.0,0.0,0.0,0.01,0.01,3.05,2,0,5,21,0,0.0,,156,18,465,59,427,56,259,18,,,,,,,0.0,2.0,0.0,0.0,1.52,1.5,401,23,115,12,122,12,39,6,1.0,0.5
Virgil Virgil,Liverpool,DEF,6.0,6,3,3.0,24.4,0,0,180,0,4,0,0,0,0,0,0,0,88.0,1.2,25.0,11.4,3.0,0,0.5,1.0,256727,268573,125000,126638,0.0,0.0,0.0,0.0,0.18,0.01,0.19,2.63,2,1,35,5,36,18.0,,5,2,275,94,57,7,34,5,,,3.0,,,,0.09,0.0,0.0,0.09,1.32,2.0,84,5,128,54,135,55,15,4,1.0,0.0
Lucas Estella Perri,Leeds,GKP,4.5,6,0,3.0,0.4,0,0,180,1,5,0,0,0,1,0,0,0,14.0,0.0,0.0,1.4,3.0,0,0.7,1.3,7597,6539,2295,3497,0.0,0.0,0.0,0.0,0.0,0.0,0.0,3.43,2,0,2,12,0,0.0,,196,20,466,60,428,57,279,20,,,,,,,0.0,0.5,0.0,0.0,1.72,2.5,402,24,116,13,123,13,272,41,1.0,0.5
Lukas Nmecha,Leeds,FWD,5.0,6,1,3.0,0.7,1,0,44,0,1,0,0,0,0,0,0,0,34.0,1.7,22.0,5.8,3.0,0,0.6,1.2,45504,23807,17673,13741,0.0,0.0,0.0,0.0,0.85,0.01,0.86,1.31,0,0,1,2,3,6.14,,102,10,257,26,67,20,118,15,,,,,1.0,,1.74,0.0,0.02,1.76,2.68,2.05,243,45,120,10,126,10,204,33,0.0,0.0
Joachim Andersen,Fulham,DEF,4.5,6,4,3.0,2.7,0,0,180,0,2,0,0,0,0,0,0,0,41.0,12.4,10.0,6.3,3.0,0,0.7,1.3,20266,29827,10171,14507,0.0,0.0,0.0,0.0,0.0,0.65,0.65,3.11,2,4,15,3,19,9.5,,67,25,145,43,145,30,104,28,,,,,,,0.0,0.0,0.32,0.32,1.56,1.0,395,83,114,50,120,51,106,41,1.0,0.0
Benjamin White,Arsenal,DEF,5.5,6,0,6.0,0.7,0,0,70,1,0,0,0,0,0,0,0,0,15.4,11.3,1.0,2.8,3.0,0,0.5,1.1,21866,38232,453,27565,0.0,0.0,0.0,0.0,0.01,0.01,0.02,0.87,1,2,6,4,8,10.29,Knock - 75% chance of playing,187,76,160,48,268,85,244,86,,,,,,,0.01,0.0,0.01,0.02,1.12,0.0,138,17,124,52,41,14,205,75,1.29,1.29
Idrissa Gana Gana,Everton,MID,5.5,5,3,2.5,0.1,0,0,180,1,1,0,0,0,0,0,0,0,19.6,25.3,5.0,5.0,2.5,0,0.5,0.9,925,2928,480,1113,0.0,0.0,0.0,0.0,0.06,0.13,0.19,4.5,2,3,3,6,12,6.0,,167,66,80,55,204,118,149,79,,,,,,,0.03,0.0,0.06,0.09,2.25,0.5,122,80,140,57,148,64,498,171,1.0,0.5
Mason Mount,Man Utd,MID,6.0,5,3,2.5,0.3,0,0,132,1,1,0,0,0,0,0,0,0,13.4,53.6,24.0,9.1,2.5,0,0.4,0.8,11523,9791,6559,4976,0.0,0.0,0.0,0.0,0.12,0.34,0.46,2.16,2,3,0,3,6,4.09,,202,86,23,21,63,35,64,44,,,,,,,0.08,0.0,0.23,0.31,1.47,0.68,88,59,150,67,157,73,290,93,1.36,0.68
Yankuba Minteh,Brighton,MID,5.9,5,2,2.5,0.9,0,0,158,1,2,0,0,0,0,0,0,0,16.6,45.3,41.0,10.3,2.5,0,0.4,0.8,7134,40982,2267,16449,-0.1,0.1,-0.1,0.1,0.17,0.57,0.74,2.12,2,1,3,7,11,6.27,,181,75,30,26,31,16,48,33,,,,,,,0.1,0.0,0.32,0.42,1.21,1.14,116,77,148,65,155,71,194,67,1.14,0.57
Adam Wharton,Crystal Palace,MID,5.0,5,2,2.5,0.6,0,0,171,1,1,0,0,0,0,0,0,0,22.8,42.5,0.0,6.5,2.5,0,0.5,1.0,11568,13188,4144,6327,0.0,0.0,0.0,0.0,0.0,0.14,0.14,2.26,2,1,4,10,15,7.89,,150,56,38,32,623,269,102,61,3.0,,,,,,0.0,0.0,0.07,0.07,1.19,0.53,307,192,137,54,145,61,226,76,1.05,0.53
Yasin Ayari,Brighton,MID,5.0,5,2,2.5,0.2,0,0,156,0,3,0,0,0,0,0,0,1,17.8,7.1,20.0,4.5,2.5,0,0.5,1.0,2150,5373,669,2594,0.0,0.0,0.0,0.0,0.15,0.14,0.29,1.96,2,4,4,8,16,9.23,,174,70,190,116,83,50,163,84,3.0,,5.0,,,,0.09,0.0,0.08,0.17,1.13,1.73,312,197,138,55,146,62,378,129,1.15,0.0
Omar Alderete,Sunderland,DEF,4.0,5,1,2.5,1.3,0,1,127,0,2,0,0,0,0,0,0,0,55.0,20.1,10.0,8.5,2.5,0,0.6,1.2,45661,22874,11421,11348,0.0,0.0,0.0,0.0,0.06,0.14,0.2,1.23,1,3,11,7,14,9.92,,36,10,96,22,142,27,73,16,,,,,,,0.04,0.0,0.1,0.14,0.87,1.42,602,159,131,55,139,56,165,63,0.71,0.0
Frank Onyeka,Brentford,MID,5.0,5,1,2.5,0.1,0,1,42,0,0,0,0,0,0,0,0,0,3.4,0.3,2.0,0.5,2.5,0,0.5,1.0,2097,1730,393,941,0.0,0.0,0.0,0.0,0.0,0.0,0.0,0.31,0,0,2,3,5,10.71,,294,144,308,163,247,140,317,159,,,,,,,0.0,0.0,0.0,0.0,0.66,0.0,278,176,136,53,144,60,542,200,0.0,0.0
André André,Wolves,MID,5.5,5,1,2.5,0.1,0,0,116,0,3,0,0,0,0,0,0,0,23.6,3.5,0.0,2.7,2.5,0,0.5,0.9,2513,2656,650,1593,0.0,0.0,0.0,0.0,0.0,0.02,0.02,2.79,1,6,4,10,20,15.52,,146,53,223,131,679,299,249,121,,,,,,,0.0,0.0,0.02,0.02,2.16,2.33,175,112,145,62,153,69,503,175,0.78,0.0
Alexis Mac Allister,Liverpool,MID,6.5,5,0,5.0,1.9,0,1,71,0,1,0,0,0,0,0,0,0,27.4,15.2,11.0,5.4,2.5,0,0.4,0.8,32869,52586,11099,31702,0.0,0.0,0.0,0.0,0.03,0.02,0.05,1.49,1,3,1,2,6,7.61,Knock - 75% chance of playing,129,48,128,81,141,87,139,74,2.0,,5.0,,3.0,,0.04,0.0,0.03,0.07,1.89,1.27,55,39,152,69,70,27,131,41,1.27,0.0
Anthony Elanga,Newcastle,MID,7.0,5,2,2.5,8.3,0,0,167,1,3,0,0,0,0,0,0,0,15.2,44.6,37.0,9.6,2.5,0,0.4,0.7,182549,195279,160317,64189,0.0,0.0,0.0,0.0,0.57,0.12,0.69,0.87,2,0,1,3,4,2.16,,190,80,32,28,40,21,55,39,,,,,,,0.31,0.0,0.06,0.37,0.47,1.62,39,25,155,72,161,77,50,16,1.08,0.54
Wilfried Gnonto,Leeds,MID,5.5,5,2,2.5,0.3,0,0,131,1,4,0,0,0,0,0,0,0,13.8,7.8,13.0,3.5,2.5,0,0.5,0.9,2927,10217,969,4185,0.0,0.0,0.0,0.0,0.14,0.01,0.15,2.09,2,8,2,3,13,8.93,,198,83,183,111,122,76,208,102,,,,,,,0.1,0.0,0.01,0.11,1.44,2.75,172,109,144,61,152,68,316,102,1.37,0.69
John McGinn,Aston Villa,MID,5.5,5,2,2.5,0.7,0,0,156,1,1,0,0,0,0,0,0,0,22.6,50.4,21.0,9.4,2.5,0,0.5,0.9,13078,19484,4174,8841,0.0,0.0,0.0,0.0,0.05,0.21,0.26,2.44,2,0,2,9,11,6.35,,152,58,26,24,77,46,57,40,6.0,,6.0,,,,0.03,0.0,0.12,0.15,1.41,0.58,127,81,141,58,149,65,219,71,1.15,0.58
Mikkel Damsgaard,Brentford,MID,5.9,5,5,5.0,0.9,0,0,90,1,0,0,0,0,0,0,0,0,27.8,43.2,14.0,8.5,2.5,0,0.4,0.8,10977,32695,8919,7482,-0.1,0.1,0.0,0.0,0.06,0.24,0.3,1.19,1,3,5,7,15,15.0,,126,45,35,29,119,75,74,46,2.0,,3.0,,,,0.06,0.0,0.24,0.3,1.19,0.0,110,75,147,64,68,26,193,66,1.0,1.0
Youri Tielemans,Aston Villa,MID,6.0,5,2,2.5,2.0,0,0,180,1,1,0,0,0,0,0,0,0,15.2,51.9,12.0,7.9,2.5,0,0.4,0.8,28574,61972,10074,25947,0.0,0.0,0.0,0.0,0.04,0.3,0.34,2.64,2,3,3,4,10,5.0,,189,79,24,22,130,80,85,54,3.0,,,,4.0,,0.02,0.0,0.15,0.17,1.32,0.5,86,57,149,66,156,72,126,40,1.0,0.5
Morgan Rogers,Aston Villa,MID,7.0,5,2,2.5,9.0,0,0,180,1,1,0,0,0,0,0,0,0,11.6,41.4,21.0,7.4,2.5,0,0.4,0.7,171195,238322,65128,116233,0.0,0.0,0.0,0.0,0.1,0.17,0.27,2.64,2,1,1,6,8,4.0,,212,93,40,34,79,47,89,56,,,,,,,0.05,0.0,0.08,0.13,1.32,0.5,34,21,154,71,160,76,46,14,1.0,0.5
Endo Endo,Liverpool,MID,5.0,5,1,2.5,0.1,0,1,31,0,2,0,0,0,0,0,0,0,24.6,10.7,0.0,3.5,2.5,0,0.5,1.0,2425,3512,687,1859,0.0,0.0,0.0,0.0,0.0,0.0,0.0,0.89,0,2,1,0,3,8.71,,143,52,168,105,591,251,205,100,,,,,,,0.0,0.0,0.0,0.0,2.58,5.81,236,151,133,51,141,58,461,156,0.0,0.0
Daniel James,Leeds,MID,5.5,5,2,2.5,0.4,0,0,142,1,4,0,0,0,0,0,0,0,7.8,16.0,20.0,4.4,2.5,0,0.5,0.9,2675,12677,1106,5262,0.0,0.0,0.0,0.0,0.21,0.05,0.26,2.29,2,0,1,5,6,3.8,,242,113,117,76,84,51,167,86,,,,,,,0.13,0.0,0.03,0.16,1.45,2.54,139,87,142,59,150,66,275,87,1.27,0.63
Habib Diarra,Sunderland,MID,5.5,5,2,2.5,0.1,0,0,169,1,1,0,0,0,0,0,0,0,10.6,19.4,24.0,5.4,2.5,0,0.5,0.9,3197,3372,562,1671,0.0,0.0,0.0,0.0,0.23,0.05,0.28,0.9,2,1,3,5,9,4.79,,221,100,98,66,62,34,137,72,,,,,,,0.12,0.0,0.03,0.15,0.48,0.53,180,116,146,63,154,70,467,157,1.07,0.53
Harvey Barnes,Newcastle,MID,6.5,5,2,2.5,0.9,0,0,164,1,2,0,0,0,0,0,0,0,17.0,72.6,27.0,11.7,2.5,0,0.4,0.8,41144,21208,36539,10182,0.0,0.0,0.0,0.0,0.23,0.69,0.92,0.53,2,0,1,5,6,3.29,,179,73,9,8,51,30,30,20,,,,,,,0.13,0.0,0.38,0.51,0.29,1.1,49,34,151,68,158,74,190,64,1.1,0.55
Noah Sadiki,Sunderland,MID,5.0,5,2,2.5,0.0,0,0,180,1,2,0,0,0,0,0,0,0,20.4,13.3,4.0,3.8,2.5,0,0.5,1.0,1131,1155,243,569,0.0,0.0,0.0,0.0,0.0,0.09,0.09,1.56,2,4,7,2,13,6.5,,163,65,140,88,221,122,183,92,,,,,,,0.0,0.0,0.04,0.04,0.78,1.0,323,206,139,56,147,63,572,226,1.0,0.5
Jayden Bogle,Leeds,DEF,4.5,5,-1,2.5,0.2,0,0,172,1,4,0,0,0,0,1,0,0,17.2,1.4,6.0,2.5,2.5,0,0.6,1.1,2043,3500,980,1693,0.0,0.0,0.0,0.0,0.01,0.01,0.02,2.64,2,3,6,8,9,4.71,,176,73,264,87,188,54,252,88,,,,,,,0.01,0.0,0.01,0.02,1.38,2.09,416,100,132,56,140,57,369,132,1.05,0.52
Saša Lukić,Fulham,MID,5.0,5,3,2.5,0.1,0,0,180,0,2,0,0,0,0,1,0,0,13.6,79.2,4.0,9.7,2.5,0,0.5,1.0,810,1508,606,715,0.0,0.0,0.0,0.0,0.0,0.45,0.45,3.11,2,2,5,8,15,7.5,,200,85,5,5,220,121,54,38,4.0,,,,,,0.0,0.0,0.22,0.22,1.56,1.0,259,164,135,52,143,59,534,193,1.0,0.0
Sandro Tonali,Newcastle,MID,5.5,5,2,2.5,1.4,0,0,155,1,2,0,0,0,0,0,0,0,14.2,30.5,8.0,5.3,2.5,0,0.5,0.9,13124,65549,5398,37093,0.0,0.0,0.0,0.0,0.09,0.19,0.28,0.53,2,2,4,8,14,8.13,Shoulder injury - 50% chance of playing,194,82,58,45,169,97,143,75,4.0,,5.0,,,,0.05,0.0,0.11,0.16,0.31,1.16,153,95,143,60,151,67,159,51,1.16,0.58
Ola Aina,Nott'm Forest,DEF,5.0,5,1,2.5,14.1,0,0,180,0,2,0,0,0,0,1,0,0,39.6,18.0,2.0,5.9,2.5,0,0.5,1.0,179973,162526,82841,82517,0.0,0.0,0.0,0.0,0.0,0.05,0.05,2.6,2,4,14,18,18,9.0,,75,31,105,26,239,75,116,34,,,,,,,0.0,0.0,0.02,0.02,1.3,1.0,237,34,134,57,142,58,30,11,1.0,0.0
Estêvão Estêvão,Chelsea,MID,6.5,5,5,2.5,2.2,0,1,112,0,1,0,0,0,0,1,0,0,28.6,21.5,33.0,8.3,2.5,0,0.4,0.8,88430,58547,71270,17647,0.0,0.0,0.0,0.0,0.63,0.98,1.61,0.4,1,3,1,4,8,6.43,,123,43,91,62,46,26,75,47,2.0,,,,,,0.51,0.0,0.79,1.3,0.32,0.8,65,46,153,70,159,75,120,37,0.8,0.0
Carlos Baleba,Brighton,MID,5.0,4,1,2.0,3.9,0,0,113,1,1,0,0,0,0,0,0,0,4.4,22.7,1.0,2.8,2.0,0,0.4,0.8,41881,113387,11661,58344,0.0,0.0,0.0,0.0,0.02,0.01,0.03,1.44,2,1,4,8,13,10.35,,280,137,90,61,267,150,242,117,,,,,,,0.02,0.0,0.01,0.03,1.15,0.8,315,199,173,83,184,89,88,29,1.59,0.8
Bernardo Bernardo,Man City,MID,6.5,4,1,2.0,0.7,0,0,101,1,0,0,0,0,0,0,0,0,25.2,64.9,8.0,9.8,2.0,0,0.3,0.6,10516,27710,3440,11982,0.0,0.0,0.0,0.0,0.0,0.46,0.46,0.84,1,4,3,5,12,10.69,,138,50,13,12,173,100,53,37,1.0,,,,,,0.0,0.0,0.41,0.41,0.75,0.0,48,33,184,93,196,100,213,70,0.89,0.89
Kiernan Dewsbury-Hall,Everton,MID,5.0,4,2,2.0,3.9,0,0,180,1,1,0,0,0,0,1,0,0,19.4,81.7,2.0,10.3,2.0,0,0.4,0.8,35190,89049,12811,41845,0.0,0.0,0.0,0.0,0.0,0.41,0.41,4.5,2,2,3,4,9,4.5,,169,67,4,4,246,139,47,32,2.0,,,,,,0.0,0.0,0.2,0.2,2.25,0.5,262,165,166,78,176,83,89,30,1.0,0.5
Joelinton Cássio Joelinton,Newcastle,MID,6.0,4,2,2.0,0.4,0,0,157,1,2,0,0,0,0,1,0,0,11.0,4.6,13.0,2.9,2.0,0,0.3,0.7,5693,19283,2655,10153,0.0,0.0,0.0,0.0,0.03,0.02,0.05,0.5,2,4,4,8,16,9.17,Thigh injury - 50% chance of playing,216,97,210,126,123,77,235,116,,,,,,,0.02,0.0,0.01,0.03,0.29,1.15,87,58,180,89,192,96,281,88,1.15,0.57
Jørgen Strand Larsen,Wolves,FWD,6.5,4,2,2.0,4.2,0,0,158,0,5,0,0,0,0,0,0,0,14.2,6.1,68.0,8.8,2.0,0,0.3,0.6,71811,113686,25094,61324,0.0,0.0,0.0,0.0,0.48,0.02,0.5,3.41,2,1,4,1,6,3.42,,195,15,199,19,7,3,68,11,,,,,,,0.27,0.0,0.01,0.28,1.94,2.85,56,17,185,14,197,14,85,13,1.14,0.0
Marshall Munetsi,Wolves,MID,5.5,4,2,2.0,0.1,0,0,180,0,5,0,0,0,0,0,0,0,12.6,7.7,11.0,3.1,2.0,0,0.4,0.7,2358,2054,409,1157,0.0,0.0,0.0,0.0,0.11,0.03,0.14,3.76,2,3,3,6,12,6.0,,206,89,185,112,140,86,227,113,,,,,,,0.06,0.0,0.02,0.08,1.88,2.5,155,97,177,86,189,93,560,217,1.0,0.0
Emmanuel Agbadou,Wolves,DEF,4.5,4,4,2.0,0.5,0,0,180,0,5,0,0,0,0,0,0,0,47.8,1.0,5.0,5.4,2.0,0,0.4,0.9,6791,5245,3708,2679,0.0,0.0,0.0,0.0,0.12,0.04,0.16,3.76,2,4,17,5,21,10.5,,47,14,282,99,199,56,134,42,,,5.0,,,,0.06,0.0,0.02,0.08,1.88,2.5,490,128,159,60,167,64,256,93,1.0,0.0
Jarrod Bowen,West Ham,FWD,7.8,4,2,2.0,9.2,0,0,180,0,8,0,0,0,0,0,0,0,20.4,25.5,64.0,11.0,2.0,0,0.3,0.5,27617,756935,8359,329276,-0.2,0.2,-0.1,0.1,0.24,0.16,0.4,3.42,2,2,0,7,9,4.5,,164,13,78,7,10,5,41,7,,,4.0,,2.0,,0.12,0.0,0.08,0.2,1.71,4.0,18,6,189,15,201,15,44,9,1.0,0.0
James Ward-Prowse,West Ham,MID,5.9,4,2,2.0,0.3,0,0,160,0,6,0,0,0,0,0,0,0,23.4,73.8,4.0,10.1,2.0,0,0.3,0.7,2771,14012,1234,4924,-0.1,0.1,-0.1,0.1,0.11,0.33,0.44,3.34,2,3,3,3,9,5.06,,148,55,8,7,223,124,51,35,2.0,,2.0,,3.0,,0.06,0.0,0.19,0.25,1.88,3.38,99,65,179,88,191,95,308,100,1.12,0.0
El Hadji Malick Diouf,West Ham,DEF,4.5,4,3,2.0,5.7,0,1,180,0,8,0,0,0,0,0,0,0,31.4,43.4,12.0,8.7,2.0,0,0.4,0.9,15194,143679,4841,58514,0.0,0.0,0.0,0.0,0.16,0.08,0.24,3.42,2,1,6,8,7,3.5,,110,48,34,4,128,22,71,14,,,,,,,0.08,0.0,0.04,0.12,1.71,4.0,554,137,161,61,169,65,71,25,1.0,0.0
Lucas Bergvall,Spurs,MID,5.5,4,1,2.0,0.1,0,0,83,1,0,0,0,0,0,0,0,0,18.4,13.8,35.0,6.8,2.0,0,0.4,0.7,1506,4302,484,2059,0.0,0.0,0.0,0.0,0.12,0.06,0.18,0.94,1,2,4,1,7,7.59,,172,69,137,85,42,22,100,60,,,,,,,0.13,0.0,0.07,0.2,1.02,0.0,182,117,178,87,190,94,431,145,1.08,1.08
Rodrigo Bentancur,Spurs,MID,5.5,4,3,2.0,0.2,0,0,109,1,0,0,0,0,0,0,0,0,16.2,13.0,2.0,3.2,2.0,0,0.4,0.7,2333,5649,1523,1765,0.0,0.0,0.0,0.0,0.0,0.0,0.0,1.59,1,3,4,7,14,11.56,,184,76,143,91,253,144,223,109,,,,,,,0.0,0.0,0.0,0.0,1.31,0.0,141,89,175,85,187,92,413,140,0.83,0.83
Ibrahim Sangaré,Nott'm Forest,MID,5.0,4,2,2.0,0.1,0,0,177,0,2,0,0,0,0,0,0,0,10.8,7.5,2.0,2.1,2.0,0,0.4,0.8,1026,1509,497,673,0.0,0.0,0.0,0.0,0.03,0.02,0.05,2.6,2,2,9,7,18,9.15,,218,99,186,113,245,138,263,129,,,,,,,0.02,0.0,0.01,0.03,1.32,1.02,258,163,165,77,175,82,546,204,1.02,0.0
Nikola Milenković,Nott'm Forest,DEF,5.5,4,2,2.0,9.5,0,0,180,0,2,0,0,0,0,0,0,0,33.0,1.3,2.0,3.7,2.0,0,0.4,0.7,85110,126353,49758,57322,0.0,0.0,0.0,0.0,0.0,0.02,0.02,2.6,2,2,13,4,15,7.5,,107,46,269,90,254,79,195,65,,,,,,,0.0,0.0,0.01,0.01,1.3,1.0,147,20,176,62,188,66,42,15,1.0,0.0
Matz Sels,Nott'm Forest,GKP,5.0,4,2,2.0,18.6,0,0,180,0,2,0,0,0,5,1,0,0,36.2,0.0,0.0,3.7,2.0,0,0.4,0.8,121255,229939,68429,106183,0.0,0.0,0.0,0.0,0.0,0.0,0.0,2.6,2,0,0,20,0,0.0,,90,11,612,71,586,69,191,11,,,,,,,0.0,2.5,0.0,0.0,1.3,1.0,227,6,163,15,171,15,23,4,1.0,0.0
Matheus Cunha,Man Utd,MID,8.1,4,2,2.0,12.2,0,0,180,0,2,0,0,0,0,0,0,0,26.4,28.2,72.0,12.7,2.0,0,0.2,0.5,511846,171197,339756,99923,0.1,-0.1,0.1,-0.1,0.79,0.07,0.86,3.07,2,2,1,4,7,3.5,,132,49,67,50,6,3,23,15,,,,,,,0.4,0.0,0.04,0.44,1.54,1.0,13,8,191,98,203,105,33,9,1.0,0.0
Tim Iroegbunam,Everton,MID,5.0,4,2,2.0,0.0,0,0,140,2,0,0,0,0,0,2,0,0,20.8,3.8,1.0,2.6,2.0,0,0.4,0.8,219,734,113,303,0.0,0.0,0.0,0.0,0.08,0.0,0.08,2.41,2,3,8,9,20,12.86,,161,64,217,128,266,149,251,122,,,,,,,0.05,0.0,0.0,0.05,1.55,0.0,302,189,170,80,181,86,619,257,1.29,1.29
Bruno B.Fernandes,Man Utd,MID,9.0,4,2,2.0,20.9,0,0,180,0,2,0,0,1,0,0,0,0,46.2,82.6,22.0,15.1,2.0,0,0.2,0.4,265812,386428,183545,205799,0.0,0.0,0.0,0.0,0.97,0.34,1.31,3.07,2,5,5,14,24,12.0,,51,23,3,3,70,40,17,10,1.0,,1.0,,1.0,,0.48,0.0,0.17,0.65,1.54,1.0,6,4,193,100,205,107,20,7,1.0,0.0
Luke Shaw,Man Utd,DEF,4.5,4,2,2.0,0.3,0,0,165,0,2,0,0,0,0,0,0,0,20.8,15.3,0.0,3.6,2.0,0,0.4,0.9,10422,5117,4237,2853,0.0,0.0,0.0,0.0,0.0,0.03,0.03,2.83,2,4,5,6,9,4.91,,160,67,124,36,413,175,200,68,3.0,,,,,,0.0,0.0,0.02,0.02,1.54,1.09,380,74,156,58,162,59,295,109,1.09,0.0
Altay Bayindir,Man Utd,GKP,5.0,4,2,2.0,0.5,0,0,180,0,2,0,0,0,4,0,0,0,29.4,10.0,0.0,3.9,2.0,0,0.4,0.8,12017,10201,8098,5221,0.0,0.0,0.0,0.0,0.0,0.03,0.03,3.07,2,0,1,16,0,0.0,,119,13,176,4,612,78,179,8,,,,,,,0.0,2.0,0.02,0.02,1.54,1.0,287,15,169,16,180,17,243,35,1.0,0.0
Bryan Mbeumo,Man Utd,MID,8.0,4,2,2.0,14.9,0,0,180,0,2,0,0,0,0,0,0,0,16.8,65.1,57.0,13.9,2.0,0,0.2,0.5,363309,261890,191469,144702,0.0,0.0,0.0,0.0,0.42,0.36,0.78,3.07,2,0,1,7,8,4.0,,180,74,12,11,18,7,21,13,2.0,,2.0,,,,0.21,0.0,0.18,0.39,1.54,1.0,17,12,190,97,202,104,28,8,1.0,0.0
Nico N.Gonzalez,Man City,MID,6.0,4,1,2.0,0.1,0,0,164,1,2,0,0,0,0,1,0,0,35.2,12.3,6.0,5.3,2.0,0,0.3,0.7,2972,3312,1184,1547,0.0,0.0,0.0,0.0,0.05,0.07,0.12,1.31,2,6,5,6,17,9.33,,94,35,146,92,198,113,144,76,,,,,,,0.03,0.0,0.04,0.07,0.72,1.1,93,63,181,90,193,97,500,173,1.1,0.55
Jérémy Doku,Man City,MID,6.4,4,1,2.0,1.0,0,0,101,1,0,0,0,0,0,0,0,0,2.2,15.2,12.0,2.8,2.0,0,0.3,0.6,13941,42434,5869,17763,-0.1,0.1,-0.1,0.1,0.0,0.27,0.27,0.84,1,0,0,2,2,1.78,,309,153,127,80,131,81,245,118,,,,,3.0,,0.0,0.0,0.24,0.24,0.75,0.0,71,50,182,91,194,98,185,62,0.89,0.89
Dominik Szoboszlai,Liverpool,MID,6.5,4,2,2.0,1.8,0,0,180,0,4,0,0,0,0,0,0,0,23.6,32.2,26.0,8.2,2.0,0,0.3,0.6,18527,57062,10363,22067,0.0,0.0,0.0,0.0,0.1,0.1,0.2,2.63,2,5,6,9,20,10.0,,147,54,56,43,54,31,80,51,5.0,,2.0,,,,0.05,0.0,0.05,0.1,1.32,2.0,57,40,186,94,198,101,137,42,1.0,0.0
Florian Wirtz,Liverpool,MID,8.4,4,2,2.0,23.4,0,0,160,0,3,0,0,0,0,0,0,0,13.8,55.2,31.0,10.0,2.0,0,0.2,0.5,112201,1015078,65561,442344,-0.1,0.1,-0.1,0.1,0.19,0.38,0.56,2.48,2,3,1,8,12,6.75,,199,84,21,19,48,28,52,36,1.0,,,,,,0.11,0.0,0.21,0.32,1.4,1.69,12,7,192,99,204,106,16,5,1.12,0.0
Tanaka Tanaka,Leeds,MID,5.0,4,1,2.0,0.2,0,0,147,1,4,0,0,0,0,0,0,0,2.2,27.6,9.0,3.9,2.0,0,0.4,0.8,3621,8909,754,5716,0.0,0.0,0.0,0.0,0.09,0.03,0.12,2.4,2,0,1,8,9,5.51,Knee injury - Expected back 13 Aug,304,150,72,52,154,92,178,90,,,,,,,0.06,0.0,0.02,0.08,1.47,2.45,274,173,167,79,178,85,355,123,1.22,0.61
Sander Berge,Fulham,MID,5.0,4,2,2.0,0.1,0,0,155,0,2,0,0,0,0,0,0,0,8.6,5.5,2.0,1.6,2.0,0,0.4,0.8,440,1361,209,539,0.0,0.0,0.0,0.0,0.0,0.05,0.05,2.68,2,1,3,1,5,2.9,,237,109,203,121,244,137,272,137,,,,,,,0.0,0.0,0.03,0.03,1.56,1.16,254,160,164,76,174,81,536,195,1.16,0.0
Kenny Tete,Fulham,DEF,4.5,4,2,2.0,0.2,0,0,180,0,2,0,0,0,0,0,0,0,30.6,19.4,10.0,6.0,2.0,0,0.4,0.9,3519,3488,2221,1536,0.0,0.0,0.0,0.0,0.0,0.38,0.38,3.11,2,6,5,8,11,5.5,,115,51,97,23,144,29,109,30,,,,,,,0.0,0.0,0.19,0.19,1.56,1.0,393,82,157,59,164,61,388,141,1.0,0.0
Mitoma Mitoma,Brighton,MID,6.4,4,2,2.0,5.3,0,0,172,1,2,0,0,0,0,1,0,0,12.0,45.2,18.0,7.1,2.0,0,0.3,0.6,31342,201620,10119,88301,-0.1,0.1,-0.1,0.1,0.22,0.13,0.35,2.12,2,1,0,4,5,2.62,,211,92,31,27,96,63,96,59,,,,,,,0.12,0.0,0.07,0.19,1.11,1.05,72,51,183,92,195,99,75,25,1.05,0.52
Josh King,Fulham,MID,4.5,4,2,2.0,1.3,0,0,146,0,2,0,0,0,0,0,0,0,17.4,15.3,50.0,8.2,2.0,0,0.4,0.9,79294,39495,33319,18523,0.0,0.0,0.0,0.0,0.35,0.14,0.49,2.59,2,4,0,7,11,6.78,,175,71,125,79,22,11,76,48,,,,,,,0.22,0.0,0.09,0.31,1.6,1.23,533,296,160,74,168,78,169,56,1.23,0.0
Noni Madueke,Arsenal,MID,7.0,4,3,2.0,0.9,0,0,93,1,0,0,0,0,0,0,0,0,7.2,37.6,12.0,5.7,2.0,0,0.3,0.6,11064,32851,7640,13012,0.0,0.0,0.0,0.0,0.0,0.11,0.11,0.99,1,0,0,3,3,2.9,,246,116,44,36,133,83,121,66,,,,,,,0.0,0.0,0.11,0.11,0.96,0.0,36,23,187,95,199,102,188,63,0.97,0.97
Lesley Ugochukwu,Burnley,MID,5.0,4,3,2.0,0.0,0,0,95,1,1,0,0,0,0,0,0,0,7.8,17.0,6.0,2.9,2.0,0,0.4,0.8,491,1124,206,466,0.0,0.0,0.0,0.0,0.07,0.02,0.09,1.52,1,2,1,2,5,4.74,,240,111,107,72,191,106,234,115,,,,,,,0.07,0.0,0.02,0.09,1.44,0.95,310,195,172,82,183,88,582,230,0.95,0.95
Lyle Foster,Burnley,FWD,5.0,4,2,2.0,0.6,0,0,158,1,3,0,0,0,0,0,0,0,6.6,26.3,14.0,4.7,2.0,0,0.4,0.8,32799,20737,10206,10611,0.0,0.0,0.0,0.0,0.22,0.05,0.27,2.75,2,2,2,4,8,4.56,,250,19,75,5,118,26,159,21,,,,,,,0.13,0.0,0.03,0.16,1.57,1.71,282,48,168,13,179,13,236,40,1.14,0.57
Hamed H.Traorè,Bournemouth,MID,4.5,4,0,4.0,1.3,0,1,16,0,2,0,0,0,0,0,0,0,21.2,10.0,0.0,3.1,2.0,0,0.4,0.9,104992,42298,24051,22386,0.0,0.0,0.0,0.0,0.0,0.0,0.0,0.4,0,1,1,2,4,22.5,,158,62,173,108,446,159,225,111,,,,,,,0.0,0.0,0.0,0.0,2.25,11.25,431,239,158,73,89,34,167,55,0.0,0.0
Jordan Henderson,Brentford,MID,5.0,4,3,2.0,0.3,0,0,89,1,0,0,0,0,0,0,0,0,9.8,3.4,5.0,1.8,2.0,0,0.4,0.8,3440,7398,1898,2838,0.0,0.0,0.0,0.0,0.03,0.0,0.03,0.88,1,2,3,7,12,12.13,,226,103,226,132,200,114,266,131,,,,,,,0.03,0.0,0.0,0.03,0.89,0.0,221,142,162,75,170,79,326,108,1.01,1.01
Ollie Watkins,Aston Villa,FWD,9.0,4,2,2.0,21.1,0,0,180,1,1,0,0,0,0,0,0,0,12.4,26.3,49.0,8.8,2.0,0,0.2,0.4,193543,677233,50538,394629,0.0,0.0,0.0,0.0,0.49,0.09,0.58,2.64,2,1,2,6,9,4.5,,208,16,76,6,24,10,69,12,,,,,3.0,,0.24,0.0,0.04,0.28,1.32,0.5,7,3,194,16,206,16,19,6,1.0,0.5
Alex Scott,Bournemouth,MID,5.0,4,2,2.0,0.1,0,0,138,1,2,0,0,0,0,1,0,0,9.4,16.0,7.0,3.2,2.0,0,0.4,0.8,1866,2395,575,1120,0.0,0.0,0.0,0.0,0.05,0.03,0.08,2.22,2,3,3,3,9,5.87,,230,104,116,75,177,101,219,106,,,5.0,,,,0.03,0.0,0.02,0.05,1.45,1.3,309,194,171,81,182,87,494,169,1.3,0.65
Max Dowman,Arsenal,MID,4.5,4,4,4.0,0.2,0,1,26,0,0,0,0,0,0,0,0,0,1.0,0.5,15.0,1.7,4.0,0,0.9,0.9,20743,4790,20743,4790,0.0,0.0,0.0,0.0,0.08,0.02,0.1,0.0,0,2,0,1,3,10.38,,322,158,298,159,110,71,271,136,,,,,,,0.28,0.0,0.07,0.35,0.0,0.0,555,310,84,29,92,35,347,120,0.0,0.0
Kevin Schade,Brentford,MID,7.0,4,3,2.0,0.3,0,0,123,1,0,0,0,0,0,0,0,0,21.0,18.2,15.0,5.5,2.0,0,0.3,0.6,7228,8760,5180,3393,0.0,0.0,0.0,0.0,0.1,0.06,0.16,1.32,1,4,5,8,17,12.44,,159,63,104,70,114,74,132,69,,,,,,,0.07,0.0,0.04,0.11,0.97,0.0,40,26,188,96,200,103,298,96,0.73,0.73
Jacob Bruun Larsen,Burnley,MID,5.5,4,3,2.0,0.0,0,0,95,1,1,0,0,0,0,0,0,0,3.6,2.5,12.0,1.6,2.0,0,0.4,0.7,472,1344,203,465,0.0,0.0,0.0,0.0,0.02,0.02,0.04,1.52,1,0,2,4,6,5.68,,291,143,237,139,129,79,273,138,,,,,2.0,,0.02,0.0,0.02,0.04,1.44,0.95,135,84,174,84,186,91,602,244,0.95,0.95
Murillo Murillo,Nott'm Forest,DEF,5.5,3,1,1.5,6.3,0,0,180,0,2,0,0,0,0,1,0,0,26.2,6.9,0.0,3.3,1.5,0,0.3,0.5,44200,84663,21319,40537,0.0,0.0,0.0,0.0,0.0,0.18,0.18,2.6,2,2,9,11,11,5.5,,133,58,194,55,681,232,216,73,,,3.0,,,,0.0,0.0,0.09,0.09,1.3,1.0,183,24,218,72,227,75,66,24,1.0,0.0
Francisco Evanilson Evanilson,Bournemouth,FWD,7.0,3,2,1.5,2.1,0,0,177,1,4,0,0,0,0,1,0,0,6.4,46.1,21.0,7.2,1.5,0,0.2,0.4,103721,85251,10312,48521,0.0,0.0,0.0,0.0,0.29,0.02,0.31,2.62,2,0,3,3,6,3.05,,251,20,29,2,80,22,91,13,,,,,2.0,,0.15,0.0,0.01,0.16,1.33,2.03,37,14,224,22,233,22,121,21,1.02,0.51
Mathias Jensen,Brentford,MID,5.0,3,1,1.5,0.1,0,0,79,0,3,0,0,0,0,0,0,0,12.4,25.7,8.0,4.6,1.5,0,0.3,0.6,889,2248,277,1056,0.0,0.0,0.0,0.0,0.13,0.04,0.17,2.1,1,3,3,2,8,9.11,,207,90,77,53,162,95,161,82,3.0,,,,,,0.15,0.0,0.05,0.2,2.39,3.42,255,161,208,105,218,111,511,179,1.14,0.0
Curtis C.Jones,Liverpool,MID,5.4,3,2,1.5,0.1,0,0,108,0,3,0,0,0,0,0,0,0,15.6,18.7,0.0,3.4,1.5,0,0.3,0.6,1498,4210,1042,1500,-0.1,0.1,-0.1,0.1,0.0,0.06,0.06,1.14,1,4,0,7,11,9.17,,185,77,101,67,642,282,212,103,,,,,,,0.0,0.0,0.05,0.05,0.95,2.5,193,125,214,109,223,114,486,166,0.83,0.0
Archie Gray,Spurs,MID,5.0,3,0,3.0,0.1,0,0,70,1,0,0,0,0,0,0,0,0,3.6,3.0,2.0,0.9,1.5,0,0.3,0.6,1418,4217,419,2118,0.0,0.0,0.0,0.0,0.0,0.05,0.05,0.89,1,1,2,5,8,10.29,,289,142,234,136,249,141,298,152,,,,,,,0.0,0.0,0.06,0.06,1.14,0.0,316,200,213,108,130,53,447,150,1.29,1.29
Cole Palmer,Chelsea,MID,10.5,3,0,3.0,43.4,0,0,90,1,0,0,0,0,0,0,0,0,4.8,16.9,23.0,4.5,1.5,0,0.1,0.3,142396,1771921,28159,1411670,0.0,0.0,0.0,0.0,0.17,0.03,0.2,0.66,1,1,0,4,5,5.0,Groin Injury - 75% chance of playing,272,130,108,73,66,37,165,85,5.0,,1.0,,1.0,,0.17,0.0,0.03,0.2,0.66,0.0,3,2,227,114,138,57,3,2,1.0,1.0
Liam Delap,Chelsea,FWD,6.4,3,2,1.5,3.0,0,0,78,0,1,0,0,0,0,0,0,0,8.0,3.5,38.0,5.0,1.5,0,0.2,0.5,30298,141473,12422,68624,-0.1,0.1,-0.1,0.1,0.14,0.03,0.17,0.23,1,0,1,3,4,4.62,,239,18,224,22,38,15,151,20,,,,,,,0.16,0.0,0.03,0.19,0.27,1.15,73,22,223,21,232,21,97,15,1.15,0.0
Malo Gusto,Chelsea,DEF,5.0,3,2,1.5,1.5,0,0,79,0,1,0,0,0,0,0,0,0,9.0,4.0,1.0,1.4,1.5,0,0.3,0.6,20447,49719,9966,19218,0.0,0.0,0.0,0.0,0.02,0.01,0.03,0.34,1,2,3,1,5,5.7,,233,89,213,62,265,84,280,93,,,,,,,0.02,0.0,0.01,0.03,0.39,1.14,299,50,211,71,221,74,151,59,1.14,0.0
Neco N.Williams,Nott'm Forest,DEF,5.0,3,2,1.5,9.1,0,0,180,0,2,0,0,0,0,1,0,0,26.8,32.3,8.0,6.7,1.5,0,0.3,0.6,60672,125428,25084,58848,0.0,0.0,0.0,0.0,0.0,0.11,0.11,2.6,2,5,4,8,9,4.5,,130,56,55,10,163,40,101,27,,,,,,,0.0,0.0,0.06,0.06,1.3,1.0,261,39,209,70,219,73,45,16,1.0,0.0
Boubacar Kamara,Aston Villa,MID,5.0,3,1,1.5,0.2,0,0,105,1,1,0,0,0,0,1,0,0,15.4,3.0,19.0,3.7,1.5,0,0.3,0.6,3697,9516,659,5959,0.0,0.0,0.0,0.0,0.05,0.03,0.08,2.26,2,3,3,6,12,10.29,Hamstring injury - 50% chance of playing,186,78,233,135,87,54,193,96,,,,,,,0.04,0.0,0.03,0.07,1.94,0.86,268,168,210,106,220,112,395,135,1.71,0.86
Ethan Ampadu,Leeds,MID,5.0,3,0,3.0,0.1,0,0,77,1,0,0,0,0,0,0,0,0,10.8,4.9,2.0,1.8,1.5,0,0.3,0.6,604,4117,20,2178,0.0,0.0,0.0,0.0,0.0,0.02,0.02,0.28,1,3,2,3,8,9.35,Knee injury - Expected back 13 Sep,217,98,209,125,242,135,267,132,,,,,,,0.0,0.0,0.02,0.02,0.33,0.0,247,155,207,104,127,50,549,207,1.17,1.17
Eberechi Eze,Arsenal,MID,7.5,3,0,3.0,10.5,0,0,83,1,0,0,0,0,0,0,0,0,7.2,2.6,26.0,3.6,1.5,0,0.2,0.4,287374,337701,190386,168330,0.0,0.0,0.0,0.0,0.24,0.0,0.24,1.22,1,1,1,5,7,7.59,,247,117,236,138,55,32,202,99,1.0,,1.0,,1.0,,0.26,0.0,0.0,0.26,1.32,0.0,25,15,226,113,136,55,38,12,1.08,1.08
Ilia Gruev,Leeds,MID,5.0,3,2,1.5,0.0,0,0,102,0,5,0,0,0,0,0,0,0,11.0,1.0,0.0,1.2,1.5,0,0.3,0.6,245,1136,123,423,0.0,0.0,0.0,0.0,0.0,0.0,0.0,3.16,1,1,3,3,7,6.18,,214,95,284,151,618,265,289,146,2.0,,1.0,,,,0.0,0.0,0.0,0.0,2.79,4.41,300,187,212,107,222,113,585,231,0.88,0.0
Nayef N.Aguerd,West Ham,DEF,4.5,3,2,1.5,0.1,0,0,180,0,8,0,0,0,0,0,0,0,39.0,3.9,8.0,5.1,1.5,0,0.3,0.7,989,3292,463,1376,0.0,0.0,0.0,0.0,0.1,0.03,0.13,3.42,2,1,14,8,15,7.5,,77,32,216,64,159,37,146,45,,,,,,,0.05,0.0,0.02,0.07,1.71,4.0,407,93,199,66,210,69,460,173,1.0,0.0
Jean-Philippe Mateta,Crystal Palace,FWD,7.5,3,2,1.5,8.0,0,0,177,1,1,0,0,0,0,1,0,0,16.4,1.2,39.0,5.7,1.5,0,0.2,0.4,128677,229540,50688,121172,0.0,0.0,0.0,0.0,0.45,0.0,0.45,2.26,2,1,6,3,10,5.08,,182,14,277,29,37,14,122,16,,,,,2.0,,0.23,0.0,0.0,0.23,1.15,0.51,24,10,225,23,234,23,51,10,1.02,0.51
Ezri Konsa,Aston Villa,DEF,4.5,3,0,3.0,14.7,0,0,65,1,0,0,0,0,0,0,1,0,1.8,1.1,0.0,0.3,1.5,0,0.3,0.7,54115,648969,34920,112111,0.0,0.0,0.0,0.0,0.0,0.01,0.01,1.11,1,0,3,1,3,4.15,,314,112,278,95,426,182,329,114,,,,,,,0.0,0.0,0.01,0.01,1.54,0.0,400,88,198,65,121,52,29,10,1.38,1.38
Raúl Raúl,Fulham,FWD,6.4,3,1,1.5,1.6,0,0,84,0,1,0,0,0,0,0,0,0,1.0,5.6,13.0,1.2,1.5,0,0.2,0.5,11193,71854,3967,34062,-0.1,0.1,-0.1,0.1,0.29,0.0,0.29,1.16,1,0,1,1,2,2.14,,325,31,202,20,124,28,292,29,,,4.0,,1.0,,0.31,0.0,0.0,0.31,1.24,1.07,68,21,222,20,231,20,147,25,1.07,0.0
Joël Piroe,Leeds,FWD,5.4,3,1,1.5,1.4,0,0,134,1,4,0,0,0,0,0,0,0,2.0,6.9,44.0,5.3,1.5,0,0.3,0.6,12956,64735,3675,36756,-0.1,0.1,-0.1,0.1,0.28,0.04,0.32,2.13,2,0,0,5,5,3.36,,312,27,193,18,26,12,142,19,,,3.0,,2.0,,0.19,0.0,0.03,0.22,1.43,2.69,200,42,215,17,224,17,156,27,1.34,0.67
Timothy Castagne,Fulham,DEF,4.5,3,2,1.5,0.1,0,0,67,0,1,0,0,0,0,0,0,0,4.8,8.4,21.0,3.4,1.5,0,0.3,0.7,851,2782,507,1068,0.0,0.0,0.0,0.0,0.3,0.04,0.34,1.92,1,0,2,1,2,2.69,,269,99,181,51,71,11,209,71,,,,,,,0.4,0.0,0.05,0.45,2.58,1.34,392,81,197,64,209,68,457,172,1.34,0.0
Jean-Ricner Bellegarde,Wolves,MID,5.5,3,1,1.5,0.1,0,0,117,0,4,0,0,0,0,0,0,0,7.4,22.9,7.0,3.7,1.5,0,0.3,0.5,1415,2592,164,1334,0.0,0.0,0.0,0.0,0.03,0.04,0.07,2.94,2,4,2,1,7,5.38,,243,114,88,60,179,103,196,98,4.0,,4.0,,,,0.02,0.0,0.03,0.05,2.26,3.08,148,93,216,110,225,115,514,181,1.54,0.0
Lewis Dunk,Brighton,DEF,4.5,3,1,1.5,1.2,0,0,180,0,3,0,0,0,0,0,0,0,32.6,2.4,7.0,4.2,1.5,0,0.3,0.7,17405,22462,4100,12616,0.0,0.0,0.0,0.0,0.09,0.0,0.09,2.36,2,3,13,11,16,8.0,,109,47,239,72,175,46,172,57,,,,,,,0.04,0.0,0.0,0.04,1.18,1.5,373,68,195,63,207,67,170,64,1.0,0.0
Calvin Bassey,Fulham,DEF,4.5,3,2,1.5,0.5,0,0,180,0,2,0,0,0,0,1,0,0,14.2,2.4,7.0,2.4,1.5,0,0.3,0.7,7404,9588,4366,3741,0.0,0.0,0.0,0.0,0.15,0.01,0.16,3.11,2,2,7,10,9,4.5,,193,79,240,73,176,47,256,90,,,,,,,0.08,0.0,0.0,0.08,1.56,1.0,425,106,200,67,211,70,254,91,1.0,0.0
Justin Devenny,Crystal Palace,MID,4.5,3,2,1.5,1.6,0,0,71,0,1,0,0,0,0,0,0,0,8.8,3.3,25.0,3.7,1.5,0,0.3,0.7,19487,36773,11695,17968,0.0,0.0,0.0,0.0,0.05,0.02,0.07,1.04,1,3,1,6,10,12.68,,234,107,228,134,56,33,190,95,,,2.0,,,,0.06,0.0,0.03,0.09,1.32,1.27,462,255,203,101,214,108,145,46,1.27,0.0
José José Sá,Wolves,GKP,4.5,3,3,1.5,1.9,0,0,180,0,5,0,0,0,3,0,0,0,24.6,10.0,0.0,3.5,1.5,0,0.3,0.7,12712,25631,6063,11604,0.0,0.0,0.0,0.0,0.0,0.03,0.03,3.76,2,0,2,18,0,0.0,,141,16,172,1,419,55,203,13,,,,,,,0.0,1.5,0.02,0.02,1.88,2.5,386,22,196,17,208,18,132,17,1.0,0.0
Jan Paul Van Hecke,Brighton,DEF,4.5,3,1,1.5,1.0,0,0,180,0,3,0,0,0,0,0,0,0,46.6,2.2,4.0,5.3,1.5,0,0.3,0.7,8200,20684,1814,10445,0.0,0.0,0.0,0.0,0.01,0.14,0.15,2.36,2,1,13,7,14,7.0,,50,15,246,78,213,65,141,44,,,,,,,0.0,0.0,0.07,0.07,1.18,1.5,455,117,201,68,212,71,183,69,1.0,0.0
Patrick Dorgu,Man Utd,DEF,4.5,3,2,1.5,8.5,0,0,180,0,2,0,0,0,0,1,0,0,13.8,7.3,14.0,3.5,1.5,0,0.3,0.7,296916,95830,96575,59536,0.0,0.0,0.0,0.0,0.04,0.06,0.1,3.07,2,4,5,3,9,4.5,,197,80,187,54,116,17,204,70,,,,,,,0.02,0.0,0.03,0.05,1.54,1.0,544,135,204,69,215,72,48,17,1.0,0.0
Niclas Füllkrug,West Ham,FWD,5.9,3,1,1.5,2.3,0,0,135,0,6,0,0,0,0,0,0,0,2.0,25.0,36.0,6.3,1.5,0,0.3,0.5,18788,152964,7548,79262,-0.1,0.1,-0.1,0.1,0.14,0.1,0.24,2.3,2,0,0,1,1,0.67,,313,28,82,8,41,16,106,14,,,,,,,0.09,0.0,0.07,0.16,1.53,4.0,98,27,219,18,228,18,113,18,1.33,0.0
Thierno Barry,Everton,FWD,5.9,3,2,1.5,0.6,0,0,67,1,0,0,0,0,0,0,0,0,0.0,3.2,16.0,1.5,1.5,0,0.3,0.5,8262,26081,3944,11313,-0.1,0.1,-0.1,0.1,0.35,0.01,0.36,1.68,1,0,0,0,0,0.0,,690,69,231,24,108,24,278,27,,,,,,,0.47,0.0,0.01,0.48,2.26,0.0,115,30,221,19,230,19,233,39,1.34,1.34
Bart Verbruggen,Brighton,GKP,4.5,3,1,1.5,6.5,0,0,180,0,3,0,0,0,2,0,0,0,24.6,10.0,0.0,3.4,1.5,0,0.3,0.7,41063,117954,7996,65276,0.0,0.0,0.0,0.0,0.0,0.0,0.0,2.36,2,0,1,20,0,0.0,,142,17,174,2,469,63,210,15,,,,,,,0.0,1.0,0.0,0.0,1.18,1.5,461,30,202,18,213,19,64,10,1.0,0.0
João Victor Gomes,Wolves,MID,5.5,3,1,1.5,0.1,0,0,180,0,5,0,0,0,0,1,0,0,28.0,17.8,6.0,5.2,1.5,0,0.3,0.5,1074,2754,309,1296,0.0,0.0,0.0,0.0,0.0,0.06,0.06,3.76,2,7,6,7,20,10.0,,125,44,106,71,196,111,145,77,,,,,,,0.0,0.0,0.03,0.03,1.88,2.5,163,102,217,111,226,116,479,163,1.0,0.0
Tomáš Souček,West Ham,MID,5.9,3,2,1.5,0.6,0,0,88,0,7,0,0,0,0,0,0,0,10.2,2.0,41.0,5.4,1.5,0,0.3,0.5,1196,35084,514,10379,-0.1,0.1,0.0,0.0,0.16,0.0,0.16,2.51,1,1,2,4,7,7.16,,224,102,251,143,30,15,138,73,,,,,,,0.16,0.0,0.0,0.16,2.57,7.16,106,72,220,112,229,117,230,78,1.02,0.0
Will Hughes,Crystal Palace,MID,5.0,3,1,1.5,0.1,0,0,159,1,1,0,0,0,0,2,0,0,27.4,41.5,10.0,7.9,1.5,0,0.3,0.6,1481,2713,629,1281,0.0,0.0,0.0,0.0,0.12,0.27,0.39,2.15,2,4,7,8,19,10.75,Knock - 75% chance of playing,128,47,39,33,146,88,83,53,2.0,,,,,,0.07,0.0,0.15,0.22,1.22,0.57,230,145,205,102,216,109,468,158,1.13,0.57
Josh Laurent,Burnley,MID,5.0,3,1,1.5,0.0,0,0,83,0,2,0,0,0,0,0,0,0,21.4,12.0,20.0,5.4,1.5,0,0.3,0.6,274,777,50,352,0.0,0.0,0.0,0.0,0.11,0.13,0.24,1.57,1,2,5,3,10,10.84,,157,61,151,97,82,49,135,70,,,,,,,0.12,0.0,0.14,0.26,1.7,2.17,238,152,206,103,217,110,621,259,1.08,0.0
Lewis L.Miley,Newcastle,MID,4.5,2,1,1.0,2.2,0,0,31,0,1,0,0,0,0,0,0,0,4.8,11.3,4.0,2.1,1.0,0,0.2,0.4,25519,54080,9776,26004,0.0,0.0,0.0,0.0,0.03,0.01,0.04,0.4,0,1,0,2,3,8.71,,270,129,159,99,218,119,261,127,,,,,,,0.09,0.0,0.03,0.12,1.16,2.9,508,282,242,116,259,121,118,36,0.0,0.0
Omar Marmoush,Man City,MID,8.4,2,1,1.0,7.6,0,0,77,0,2,0,0,0,0,0,0,0,13.0,3.6,42.0,5.9,1.0,0,0.1,0.2,82127,474615,57245,159917,-0.1,0.1,0.0,0.0,0.77,0.01,0.78,0.83,1,1,2,2,5,5.84,,203,87,221,130,29,14,117,65,2.0,,1.0,,2.0,,0.9,0.0,0.01,0.91,0.97,2.34,11,6,275,139,328,170,57,20,1.17,0.0
Jamie Gittens,Chelsea,MID,6.4,2,1,1.0,0.2,0,0,66,0,0,0,0,0,0,0,0,0,9.2,27.8,12.0,4.9,1.0,0,0.2,0.3,3350,13701,728,6484,-0.1,0.1,-0.1,0.1,0.07,0.08,0.15,0.99,1,1,1,1,3,4.09,,232,106,69,51,132,82,152,80,,,,,,,0.1,0.0,0.11,0.21,1.35,0.0,74,52,271,137,317,162,357,125,1.36,0.0
Andrey Andrey Santos,Chelsea,MID,4.5,2,1,1.0,0.3,0,0,39,0,0,0,0,0,0,0,0,0,4.2,12.2,23.0,4.0,1.0,0,0.2,0.4,11582,11526,4556,5871,0.0,0.0,0.0,0.0,0.31,0.01,0.32,0.6,0,0,1,2,3,6.92,,283,138,147,93,64,36,176,88,,,,,,,0.72,0.0,0.02,0.74,1.38,0.0,498,275,241,115,258,120,292,94,0.0,0.0
Donyell Malen,Aston Villa,MID,5.4,2,1,1.0,1.2,0,0,32,0,0,0,0,0,0,0,0,0,3.4,2.8,19.0,2.5,1.0,0,0.2,0.4,8486,79070,2868,30716,-0.1,0.1,0.0,0.0,0.03,0.02,0.05,0.21,0,0,0,1,1,2.81,,295,145,235,137,88,55,254,123,,,,,,,0.08,0.0,0.06,0.14,0.59,0.0,191,124,254,126,281,138,174,58,0.0,0.0
Benjamin Šeško,Man Utd,FWD,7.5,2,1,1.0,7.8,0,0,62,0,1,0,0,0,0,0,0,0,0.4,22.8,14.0,3.7,1.0,0,0.1,0.3,160496,271022,45726,167416,0.0,0.0,0.0,0.0,0.11,0.1,0.21,1.07,0,0,0,2,2,2.9,,328,32,89,9,120,27,197,22,,,,,,,0.16,0.0,0.15,0.31,1.55,1.45,27,11,274,31,326,34,55,11,0.0,0.0
Manuel Ugarte,Man Utd,MID,4.9,2,1,1.0,0.2,0,0,46,0,1,0,0,0,0,0,0,0,8.6,12.2,1.0,2.1,1.0,0,0.2,0.4,2428,6381,974,2881,-0.1,0.1,-0.1,0.1,0.03,0.01,0.04,0.91,0,3,2,1,6,11.74,,236,108,148,94,264,148,262,128,,,,,,,0.06,0.0,0.02,0.08,1.78,1.96,347,219,245,118,265,126,411,138,0.0,0.0
Oliver Sonne,Burnley,DEF,4.0,2,1,1.0,0.2,0,0,94,0,3,0,0,0,0,0,0,0,4.6,16.4,6.0,2.7,1.0,0,0.2,0.5,2185,2678,611,1211,0.0,0.0,0.0,0.0,0.03,0.08,0.11,2.25,1,0,0,3,0,0.0,,273,101,111,29,182,48,246,87,,,,,,,0.03,0.0,0.08,0.11,2.15,2.87,671,205,231,76,240,81,421,159,0.96,0.0
Diogo Dalot,Man Utd,DEF,4.5,2,1,1.0,2.0,0,0,92,0,2,0,0,0,0,0,0,0,6.8,18.9,12.0,3.7,1.0,0,0.2,0.4,15961,38452,5118,20461,0.0,0.0,0.0,0.0,0.01,0.16,0.17,1.89,1,2,4,3,6,5.87,,248,92,100,25,127,21,188,63,,,,,,,0.01,0.0,0.16,0.17,1.85,1.96,409,95,235,80,247,88,127,49,0.98,0.0
Harry Maguire,Man Utd,DEF,4.5,2,1,1.0,0.7,0,0,13,0,0,0,0,0,0,0,0,0,5.4,0.5,4.0,1.0,1.0,0,0.2,0.4,6725,17242,2865,8303,0.0,0.0,0.0,0.0,0.1,0.0,0.1,0.24,0,0,4,0,4,27.69,,260,96,297,104,208,60,293,96,,,,,,,0.69,0.0,0.0,0.69,1.66,0.0,375,70,232,77,243,84,217,83,0.0,0.0
Zian Flemming,Burnley,FWD,5.5,2,1,1.0,0.1,0,0,20,0,0,0,0,0,0,0,0,0,2.2,10.0,2.0,1.4,1.0,0,0.2,0.4,3027,6194,1148,3012,0.0,0.0,0.0,0.0,0.0,0.0,0.0,0.34,0,0,0,0,0,0.0,,306,24,177,16,255,32,282,28,,,2.0,,,,0.0,0.0,0.0,0.0,1.53,0.0,152,34,263,26,300,28,426,59,0.0,0.0
Loum Tchaouna,Burnley,MID,5.0,2,1,1.0,0.0,0,0,23,0,0,0,0,0,0,0,0,0,3.6,5.4,3.0,1.2,1.0,0,0.2,0.4,117,665,64,260,0.0,0.0,0.0,0.0,0.08,0.04,0.12,0.34,0,1,0,3,4,15.65,,288,141,204,122,228,129,288,145,,,,,,,0.31,0.0,0.16,0.47,1.33,0.0,294,184,252,124,277,134,628,265,0.0,0.0
Rico Henry,Brentford,DEF,4.5,2,1,1.0,0.2,0,0,93,0,3,0,0,0,0,0,0,0,10.6,11.5,6.0,2.8,1.0,0,0.2,0.4,1991,3022,671,1484,0.0,0.0,0.0,0.0,0.0,0.04,0.04,1.96,1,1,3,2,4,3.87,,219,83,155,45,185,51,239,83,,,,,,,0.0,0.0,0.04,0.04,1.9,2.9,398,86,234,79,246,87,409,154,0.97,0.0
Amad Amad,Man Utd,MID,6.4,2,1,1.0,2.3,0,0,86,0,0,0,0,0,0,0,0,0,24.8,15.7,41.0,8.2,1.0,0,0.2,0.3,19949,93351,6977,41719,-0.1,0.1,-0.1,0.1,0.17,0.06,0.23,1.17,1,5,2,3,10,10.47,,140,51,118,77,32,17,78,49,4.0,,,,,,0.18,0.0,0.06,0.24,1.22,0.0,76,54,272,138,318,163,117,35,1.05,0.0
Carlos Henrique Casemiro,Man Utd,MID,5.5,2,0,1.0,0.2,0,0,116,0,1,0,0,0,0,1,0,0,17.0,12.1,2.0,3.1,1.0,0,0.2,0.4,3877,7091,1711,3848,0.0,0.0,0.0,0.0,0.0,0.02,0.02,2.0,2,5,2,5,12,9.31,,178,72,150,96,251,143,226,112,,,,,,,0.0,0.0,0.02,0.02,1.55,0.78,121,79,261,132,296,149,348,121,1.55,0.0
Igor Jesus Igor Jesus,Nott'm Forest,FWD,5.9,2,1,1.0,0.6,0,0,13,0,0,0,0,0,0,0,0,0,1.0,1.8,8.0,0.9,1.0,0,0.2,0.3,6452,31088,2840,12756,-0.1,0.1,-0.1,0.1,0.07,0.0,0.07,0.0,0,0,1,0,1,6.92,,323,29,255,25,172,29,300,30,,,,,,,0.48,0.0,0.0,0.48,0.0,0.0,114,29,269,28,313,30,227,37,0.0,0.0
Ryan Yates,Nott'm Forest,MID,5.0,2,1,1.0,0.1,0,0,8,0,0,0,0,0,0,0,0,0,7.2,3.4,2.0,1.2,1.0,0,0.2,0.4,572,3367,191,1368,0.0,0.0,0.0,0.0,0.0,0.01,0.01,0.0,0,0,3,3,6,67.5,,245,115,227,133,243,136,287,144,,,,,,,0.0,0.0,0.11,0.11,0.0,0.0,253,159,250,122,275,133,474,162,0.0,0.0
Norberto Bercique Beto,Everton,FWD,5.4,2,0,1.0,6.1,0,0,116,0,1,0,0,0,0,1,0,0,10.2,3.3,15.0,2.5,1.0,0,0.2,0.4,58735,271293,16492,160195,-0.1,0.1,-0.1,0.1,0.2,0.01,0.21,3.02,1,1,3,1,5,3.88,,223,17,229,23,111,25,255,26,,,,,2.0,,0.16,0.0,0.01,0.17,2.34,0.78,207,43,257,25,287,27,67,12,0.78,0.0
Tosin Tosin,Chelsea,DEF,4.5,2,2,2.0,1.1,0,0,90,0,1,0,0,0,0,0,0,0,26.4,1.9,0.0,2.8,1.0,0,0.2,0.4,20732,37310,10303,10958,0.0,0.0,0.0,0.0,0.0,0.03,0.03,0.73,1,3,6,3,9,9.0,,131,57,252,81,414,176,238,82,,,,,,,0.0,0.0,0.03,0.03,0.73,1.0,381,75,233,78,163,60,181,68,1.0,0.0
Brenden Aaronson,Leeds,MID,5.4,2,1,1.0,0.1,0,0,47,0,1,0,0,0,0,0,0,0,11.4,25.3,6.0,4.3,1.0,0,0.2,0.4,605,2275,241,869,-0.1,0.1,-0.1,0.1,0.0,0.25,0.25,1.34,0,3,0,2,5,9.57,,213,94,79,54,195,110,170,87,,,2.0,,,,0.0,0.0,0.48,0.48,2.57,1.91,201,130,256,128,284,141,556,213,0.0,0.0
David Møller Wolfe,Wolves,DEF,4.5,2,1,1.0,0.1,0,0,116,0,4,0,0,0,0,0,0,0,9.4,1.1,4.0,1.5,1.0,0,0.2,0.4,1210,1350,278,715,0.0,0.0,0.0,0.0,0.0,0.0,0.0,2.94,2,2,3,4,5,3.88,,229,88,280,97,216,68,275,92,,,,,,,0.0,0.0,0.0,0.0,2.28,3.1,478,125,239,84,255,94,507,191,1.55,0.0
Jhon J.Arias,Wolves,MID,5.4,2,1,1.0,0.5,0,0,72,0,2,0,0,0,0,0,0,0,7.8,13.6,6.0,2.7,1.0,0,0.2,0.4,2799,21817,1023,8451,-0.1,0.1,-0.1,0.1,0.13,0.03,0.16,1.07,1,4,2,4,10,12.5,,241,112,138,86,194,109,247,119,1.0,,,,,,0.16,0.0,0.04,0.2,1.34,2.5,198,128,255,127,283,140,245,82,1.25,0.0
Hwang Hee Chan,Wolves,MID,5.9,2,1,1.0,0.1,0,0,20,0,0,0,0,0,0,0,0,0,3.0,10.3,0.0,1.3,1.0,0,0.2,0.3,1666,5656,736,2442,-0.1,0.1,-0.1,0.1,0.0,0.02,0.02,0.35,0,1,0,0,1,4.5,,297,147,170,106,683,302,285,143,,,,,1.0,,0.0,0.0,0.09,0.09,1.58,0.0,101,67,268,136,309,157,445,149,0.0,0.0
Ki-Jana Hoever,Wolves,DEF,4.0,2,1,1.0,1.9,0,0,106,0,4,0,0,0,0,0,0,0,22.8,34.2,2.0,5.9,1.0,0,0.2,0.5,20023,45790,2814,29629,0.0,0.0,0.0,0.0,0.0,0.24,0.24,2.85,2,2,6,2,8,6.79,Knock - 75% chance of playing,149,65,50,7,231,71,113,32,,,,,,,0.0,0.0,0.2,0.2,2.42,3.4,626,177,228,73,237,78,129,50,1.7,0.0
Maxim De Cuyper,Brighton,DEF,4.5,2,0,1.0,5.1,0,0,156,0,3,0,0,0,0,1,0,0,19.8,27.7,8.0,5.6,1.0,0,0.2,0.4,36105,115813,5360,71961,0.0,0.0,0.0,0.0,0.0,0.11,0.11,1.96,2,3,8,5,11,6.35,,165,69,70,16,161,39,125,38,,,,,,,0.0,0.0,0.06,0.06,1.13,1.73,452,116,238,83,252,92,79,30,1.15,0.0
Jorge J.Cuenca,Fulham,DEF,4.5,2,0,2.0,0.0,0,0,83,0,1,0,0,0,0,0,0,0,9.6,1.2,4.0,1.5,1.0,0,0.2,0.4,280,878,96,390,0.0,0.0,0.0,0.0,0.0,0.01,0.01,1.07,1,1,2,4,3,3.25,,228,87,272,92,211,63,274,91,,,,,,,0.0,0.0,0.01,0.01,1.16,1.08,430,110,237,82,166,63,589,212,1.08,0.0
Callum Wilson,West Ham,FWD,5.9,2,1,1.0,0.4,0,0,64,0,4,0,0,0,0,0,0,0,2.4,11.8,16.0,2.7,1.0,0,0.2,0.3,3719,17612,1665,7746,-0.1,0.1,-0.1,0.1,0.05,0.04,0.09,1.2,0,0,1,1,2,2.81,,300,23,152,12,107,23,250,25,,,,,,,0.07,0.0,0.06,0.13,1.69,5.62,97,26,267,27,308,29,271,46,0.0,0.0
Ryan Sessegnon,Fulham,MID,5.4,2,2,2.0,0.0,0,0,61,0,1,0,0,0,0,0,0,0,11.0,15.4,6.0,3.2,1.0,0,0.2,0.4,500,1238,453,363,-0.1,0.1,-0.1,0.1,0.0,0.16,0.16,1.52,1,2,2,1,5,7.38,,215,96,123,78,193,108,221,107,,,,,,,0.0,0.0,0.24,0.24,2.24,1.48,189,122,253,125,185,90,629,266,1.48,0.0
Guido G.Rodriguez,West Ham,MID,5.0,2,0,2.0,0.1,0,0,70,0,1,0,0,0,0,0,0,0,2.2,2.3,2.0,0.7,1.0,0,0.2,0.4,378,1470,121,717,0.0,0.0,0.0,0.0,0.03,0.03,0.06,0.6,1,0,0,4,4,5.14,,303,149,245,140,241,134,306,154,,,,,,,0.04,0.0,0.04,0.08,0.77,1.29,246,154,249,121,173,80,565,221,1.29,0.0
Carlos Alcaraz,Everton,MID,5.4,2,1,1.0,0.1,0,0,111,0,1,0,0,0,0,1,0,0,12.6,4.5,21.0,3.8,1.0,0,0.2,0.4,1304,5099,484,2326,-0.1,0.1,-0.1,0.1,0.03,0.01,0.04,2.82,1,3,1,6,10,8.11,,205,88,211,127,75,44,184,93,,,1.0,,,,0.02,0.0,0.01,0.03,2.29,0.81,211,134,258,129,290,144,435,146,0.81,0.0
Brajan Gruda,Brighton,MID,5.4,2,1,1.0,0.0,0,0,12,0,1,0,0,0,0,0,0,0,0.2,0.3,10.0,1.0,1.0,0,0.2,0.4,399,1446,166,534,-0.1,0.1,-0.1,0.1,0.37,0.0,0.37,0.63,0,1,0,2,3,22.5,,330,162,309,164,148,90,295,149,2.0,,6.0,,,,2.78,0.0,0.0,2.78,4.72,7.5,212,135,259,130,291,145,596,238,0.0,0.0
Dominic Solanke,Spurs,FWD,7.3,2,1,1.0,2.7,0,0,31,0,0,0,0,0,0,0,0,0,6.0,0.3,25.0,3.1,1.0,0,0.1,0.3,17951,222485,7818,86663,-0.2,0.2,-0.1,0.1,0.2,0.0,0.2,0.22,0,1,2,0,3,8.71,,257,21,311,32,58,18,229,24,,,,,2.0,,0.58,0.0,0.0,0.58,0.64,0.0,29,13,273,30,324,32,103,17,0.0,0.0
Alisson A.Becker,Liverpool,GKP,5.5,2,1,1.0,10.3,0,0,180,0,4,0,0,0,2,0,0,0,28.0,0.0,0.0,2.8,1.0,0,0.2,0.4,44593,197961,24623,83900,0.0,0.0,0.0,0.0,0.0,0.01,0.01,2.63,2,0,7,17,0,0.0,,124,14,673,81,661,81,243,17,,,,,,,0.0,1.0,0.0,0.0,1.32,2.0,125,2,262,20,297,20,40,7,1.0,0.0
Wilson Odobert,Spurs,MID,5.4,2,1,1.0,0.0,0,0,22,0,0,0,0,0,0,0,0,0,4.6,10.8,21.0,3.7,1.0,0,0.2,0.4,454,1423,330,512,-0.1,0.1,-0.1,0.1,0.25,0.01,0.26,0.18,0,0,0,3,3,12.27,,276,133,167,104,76,45,194,97,,,,,,,1.02,0.0,0.04,1.06,0.74,0.0,215,138,260,131,293,147,611,251,0.0,0.0
James Hill,Bournemouth,DEF,4.0,2,1,1.0,0.7,0,0,3,0,1,0,0,0,0,0,0,0,3.4,0.3,0.0,0.4,1.0,0,0.2,0.5,15504,15588,4589,7738,0.0,0.0,0.0,0.0,0.0,0.0,0.0,0.17,0,0,2,0,2,60.0,,292,107,307,110,328,116,323,108,,,,,,,0.0,0.0,0.0,0.0,5.1,30.0,637,182,229,74,238,79,206,76,0.0,0.0
Jefferson Lerma,Crystal Palace,MID,5.0,2,1,1.0,0.1,0,0,28,0,0,0,0,0,0,0,0,0,5.0,2.1,2.0,0.9,1.0,0,0.2,0.4,341,1569,127,674,0.0,0.0,0.0,0.0,0.0,0.0,0.0,0.65,0,0,3,2,5,16.07,,267,127,250,142,238,133,297,151,,,,,,,0.0,0.0,0.0,0.0,2.09,0.0,232,147,248,120,270,131,545,203,0.0,0.0
Pau Pau,Aston Villa,DEF,4.5,2,2,2.0,0.5,0,0,90,0,1,0,0,0,0,0,0,0,17.0,5.8,9.0,3.2,1.0,0,0.2,0.4,5382,11900,1706,4211,0.0,0.0,0.0,0.0,0.07,0.13,0.2,1.21,1,2,1,8,3,3.0,,177,74,200,58,152,33,218,74,,,,,,,0.07,0.0,0.13,0.2,1.21,1.0,429,109,236,81,165,62,257,94,1.0,0.0
Emiliano Martinez,Aston Villa,GKP,5.0,2,2,2.0,1.6,0,0,90,0,1,0,0,0,1,0,0,0,12.8,0.0,0.0,1.3,1.0,0,0.2,0.4,48979,20661,26471,13292,0.0,0.0,0.0,0.0,0.0,0.01,0.01,1.21,1,0,0,10,0,0.0,,204,21,614,73,588,71,283,21,,,,,,,0.0,1.0,0.01,0.01,1.21,1.0,229,8,247,19,172,16,148,20,1.0,0.0
Fábio Carvalho,Brentford,MID,5.0,2,0,2.0,0.3,0,0,90,0,3,0,0,0,0,0,0,0,5.4,5.0,3.0,1.3,1.0,0,0.2,0.4,4390,9689,1311,5183,0.0,0.0,0.0,0.0,0.03,0.03,0.06,1.86,1,3,0,4,7,7.0,,261,123,208,124,227,128,284,142,4.0,,,,,,0.03,0.0,0.03,0.06,1.86,3.0,273,172,251,123,177,84,331,110,1.0,0.0
Eli Junior Kroupi.Jr,Bournemouth,FWD,4.5,2,1,1.0,1.2,0,0,3,0,1,0,0,0,0,0,0,0,0.0,0.0,2.0,0.2,1.0,0,0.2,0.4,64445,44003,16274,24075,0.0,0.0,0.0,0.0,0.0,0.0,0.0,0.17,0,0,0,0,0,0.0,,552,44,547,44,235,31,335,34,,,,,,,0.0,0.0,0.0,0.0,5.1,30.0,520,66,243,24,260,25,171,29,0.0,0.0
Enzo E.Le Fée,Sunderland,MID,4.9,2,1,1.0,0.3,0,0,41,0,1,0,0,0,0,0,0,0,12.2,23.7,4.0,4.0,1.0,0,0.2,0.4,1899,11356,1288,4631,-0.1,0.1,-0.1,0.1,0.04,0.05,0.09,0.89,0,2,2,8,12,26.34,,209,91,86,59,219,120,177,89,2.0,,2.0,,,,0.09,0.0,0.11,0.2,1.95,2.2,356,225,246,119,266,127,321,105,0.0,0.0
Jenson Seelt,Sunderland,DEF,4.0,2,1,1.0,0.3,0,0,133,0,2,0,0,0,0,0,0,0,33.6,2.4,0.0,3.6,1.0,0,0.2,0.5,2510,5638,847,1730,0.0,0.0,0.0,0.0,0.0,0.01,0.01,1.33,1,4,8,6,12,8.12,,104,43,238,71,357,134,198,66,,,,,,,0.0,0.0,0.01,0.01,0.9,1.35,670,204,230,75,239,80,330,121,0.68,0.0
Sean Longstaff,Leeds,MID,4.9,2,1,1.0,0.1,0,0,33,0,1,0,0,0,0,0,0,0,1.6,0.7,0.0,0.3,1.0,0,0.2,0.4,685,4810,262,2013,-0.1,0.1,-0.1,0.1,0.0,0.0,0.0,1.03,0,0,1,1,2,5.45,,317,155,292,155,557,233,330,163,,,,,,,0.0,0.0,0.0,0.0,2.81,2.73,337,215,244,117,264,125,427,144,0.0,0.0
Marcus Edwards,Burnley,MID,4.9,1,0,1.0,0.1,0,0,5,0,0,0,0,0,0,0,0,0,0.0,0.0,0.0,0.0,0.5,0,0.1,0.2,652,3192,329,1583,-0.1,0.1,-0.1,0.1,0.0,0.0,0.0,0.0,0,0,0,0,0,0.0,,593,242,588,248,556,232,598,245,4.0,,,,,,0.0,0.0,0.0,0.0,0.0,0.0,336,214,296,144,263,124,518,184,0.0,0.0
Jeremie Frimpong,Liverpool,DEF,5.9,1,0,1.0,12.4,0,0,59,0,0,0,0,0,0,0,0,0,5.4,1.3,2.0,0.9,0.5,0,0.1,0.2,56521,1888678,1996,725581,-0.1,0.1,-0.1,0.1,0.01,0.01,0.02,0.81,1,1,3,1,4,6.1,Hamstring injury - Expected back 14 Sep,262,97,270,91,258,80,299,97,,,,,,,0.02,0.0,0.02,0.04,1.24,0.0,107,8,326,110,311,104,32,13,1.53,0.0
Milos Kerkez,Liverpool,DEF,6.0,1,1,0.5,5.7,0,0,149,0,2,0,0,0,0,1,0,0,26.0,2.4,0.0,2.9,0.5,0,0.1,0.2,61628,177980,32173,68290,0.0,0.0,0.0,0.0,0.0,0.01,0.01,1.74,2,3,12,9,15,9.06,,134,59,242,75,692,234,236,80,,,,,,,0.0,0.0,0.01,0.01,1.05,1.21,96,7,328,111,337,111,73,27,1.21,0.0
Noah Okafor,Leeds,MID,5.5,1,1,1.0,0.0,0,0,24,0,1,0,0,0,0,0,0,0,4.6,0.3,0.0,0.5,1.0,0,0.2,0.2,1186,390,770,294,0.0,0.0,0.0,0.0,0.0,0.0,0.0,0.87,0,2,0,2,4,15.0,Groin Injury - 25% chance of playing,277,134,310,165,671,294,320,160,,,,,,,0.0,0.0,0.0,0.0,3.26,3.75,156,98,264,133,302,152,660,287,0.0,0.0
Sam Byram,Leeds,DEF,4.0,1,1,1.0,0.2,0,0,7,0,1,0,0,0,0,0,0,0,0.0,0.0,0.0,0.0,0.5,0,0.1,0.2,962,4533,354,1887,0.0,0.0,0.0,0.0,0.0,0.0,0.0,0.79,0,0,0,0,0,0.0,,346,120,336,119,285,90,356,124,,,,,,,0.0,0.0,0.0,0.0,10.16,12.86,591,153,276,86,235,76,344,124,0.0,0.0
Ryan Christie,Bournemouth,MID,5.0,1,1,1.0,0.1,0,0,24,0,0,0,0,0,0,0,0,0,4.4,13.1,5.0,2.3,0.5,0,0.1,0.2,424,3218,342,787,0.0,0.0,0.0,0.0,0.06,0.02,0.08,0.06,0,0,1,1,2,7.5,,279,136,142,90,201,115,257,124,4.0,,,,,,0.22,0.0,0.08,0.3,0.22,0.0,235,150,300,148,271,132,526,188,0.0,0.0
Jack Harrison,Leeds,MID,5.4,1,0,1.0,0.1,0,0,12,0,0,0,0,0,0,0,0,0,2.2,1.3,2.0,0.6,0.5,0,0.1,0.2,454,5335,208,2181,-0.1,0.1,-0.1,0.1,0.0,0.0,0.0,0.28,0,1,0,0,1,7.5,,305,151,267,146,250,142,311,155,3.0,,,,,,0.0,0.0,0.0,0.0,2.1,0.0,196,126,309,153,282,139,487,167,0.0,0.0
Ibrahima Konaté,Liverpool,DEF,5.5,1,0,0.5,2.8,0,0,180,0,4,0,0,0,0,1,0,0,34.6,1.6,0.0,3.6,0.5,0,0.1,0.2,36758,77357,18552,37556,0.0,0.0,0.0,0.0,0.0,0.01,0.01,2.63,2,1,12,6,13,6.5,,97,42,262,86,667,229,201,69,,,,,,,0.0,0.0,0.0,0.0,1.32,2.0,142,18,319,108,336,110,99,40,1.0,0.0
Joe Gomez,Liverpool,DEF,5.0,1,0,1.0,0.1,0,0,18,0,1,0,0,0,0,0,0,0,2.4,0.4,0.0,0.3,0.5,0,0.1,0.2,2555,2724,1107,1550,0.0,0.0,0.0,0.0,0.0,0.0,0.0,0.21,0,0,1,1,1,5.0,,299,109,305,108,592,215,331,115,,,,,,,0.0,0.0,0.0,0.0,1.05,5.0,240,36,302,101,273,97,454,171,0.0,0.0
Justin Kluivert,Bournemouth,MID,7.0,1,1,1.0,0.6,0,0,12,0,0,0,0,0,0,0,0,0,0.0,11.3,7.0,1.8,0.5,0,0.1,0.1,7700,43031,7372,6844,0.0,0.0,0.0,0.0,0.11,0.01,0.12,0.06,0,0,0,0,0,0.0,,703,314,164,102,181,105,270,135,3.0,,,,1.0,,0.82,0.0,0.08,0.9,0.45,0.0,33,20,335,169,322,167,223,74,0.0,0.0
Nathan Aké,Man City,DEF,5.5,1,1,1.0,0.7,0,0,67,0,2,0,0,0,0,0,0,0,15.2,9.8,5.0,3.0,0.5,0,0.1,0.2,9024,19050,6105,6724,0.0,0.0,0.0,0.0,0.14,0.12,0.26,1.03,0,1,4,2,5,6.72,,188,77,178,50,205,57,230,76,,,,,,,0.19,0.0,0.16,0.35,1.38,2.69,128,15,318,107,298,102,209,77,0.0,0.0
Harvey Elliott,Liverpool,MID,5.4,1,1,1.0,0.1,0,0,1,0,0,0,0,0,0,0,0,0,0.2,0.8,0.0,0.1,0.5,0,0.1,0.2,1393,6194,752,2246,-0.1,0.1,0.0,0.0,0.0,0.0,0.0,0.0,0,0,0,0,0,0.0,,329,161,288,154,648,285,339,164,,,,,,,0.0,0.0,0.0,0.0,0.0,0.0,203,131,310,154,285,142,437,147,0.0,0.0
Adama Adama,Fulham,MID,5.4,1,0,1.0,0.2,0,0,24,0,0,0,0,0,0,0,0,0,0.0,0.8,0.0,0.0,0.5,0,0.1,0.2,1507,10139,633,4234,-0.1,0.1,-0.1,0.1,0.0,0.0,0.0,0.43,0,0,0,0,0,0.0,,659,287,287,153,640,281,663,290,,,,,,,0.0,0.0,0.0,0.0,1.61,0.0,188,121,307,151,279,136,334,112,0.0,0.0
Joe Worrall,Burnley,DEF,4.0,1,1,1.0,0.1,0,0,7,0,0,0,0,0,0,0,0,0,6.0,0.0,0.0,0.6,0.5,0,0.1,0.2,748,2596,390,1024,0.0,0.0,0.0,0.0,0.0,0.0,0.0,0.11,0,1,2,0,3,38.57,,255,94,347,125,296,96,308,103,,,,,,,0.0,0.0,0.0,0.0,1.41,0.0,603,160,277,87,236,77,446,168,0.0,0.0
Abdukodir Khusanov,Man City,DEF,5.4,1,0,1.0,0.3,0,0,8,0,0,0,0,0,0,0,0,0,3.6,0.0,0.0,0.4,0.5,0,0.1,0.2,3419,13562,1530,6123,-0.1,0.1,-0.1,0.1,0.0,0.0,0.0,0.08,0,1,0,0,1,11.25,,290,106,670,233,657,227,326,111,,,,,,,0.0,0.0,0.0,0.0,0.9,0.0,217,31,316,106,294,101,291,107,0.0,0.0
Matheus Matheus N.,Man City,DEF,5.4,1,0,1.0,0.4,0,0,24,0,0,0,0,0,0,0,0,0,3.8,1.2,0.0,0.5,0.5,0,0.1,0.2,3355,17586,1468,7293,-0.1,0.1,-0.1,0.1,0.0,0.0,0.0,0.21,0,1,3,2,4,15.0,,287,105,273,93,649,223,318,106,,,,,4.0,,0.0,0.0,0.0,0.0,0.79,0.0,204,27,311,103,286,99,283,104,0.0,0.0
Kevin Danso,Spurs,DEF,4.4,1,1,1.0,0.2,0,0,1,0,0,0,0,0,0,0,0,0,4.2,0.0,0.0,0.4,0.5,0,0.1,0.2,3794,8061,2954,2997,-0.1,0.1,-0.1,0.1,0.0,0.0,0.0,0.0,0,0,2,0,2,180.0,,282,103,442,189,396,165,324,109,,,,,,,0.0,0.0,0.0,0.0,0.0,0.0,565,141,280,90,242,83,374,134,0.0,0.0
Ethan Nwaneri,Arsenal,MID,5.4,1,1,1.0,0.2,0,0,52,0,0,0,0,0,0,0,0,0,5.6,1.8,5.0,1.2,0.5,0,0.1,0.2,3414,11716,1764,4724,-0.1,0.1,-0.1,0.1,0.02,0.01,0.03,0.0,0,1,0,3,4,6.92,,258,121,253,144,203,117,290,147,4.0,,3.0,,,,0.03,0.0,0.02,0.05,0.0,0.0,209,133,313,155,288,143,341,117,0.0,0.0
Mathys Tel,Spurs,MID,6.4,1,0,1.0,0.1,0,0,5,0,0,0,0,0,0,0,0,0,0.0,0.1,0.0,0.0,0.5,0,0.1,0.2,1329,6357,724,2642,-0.1,0.1,0.0,0.0,0.0,0.0,0.0,0.0,0,0,0,0,0,0.0,,695,309,319,168,696,310,696,310,5.0,,4.0,,4.0,,0.0,0.0,0.0,0.0,0.0,0.0,78,55,332,166,319,164,482,165,0.0,0.0
Mikel Merino,Arsenal,MID,5.9,1,0,1.0,0.4,0,0,7,0,0,0,0,0,0,0,0,0,1.2,0.0,0.0,0.1,0.5,0,0.1,0.2,5901,31398,1470,14362,-0.1,0.1,-0.1,0.1,0.0,0.0,0.0,0.49,0,0,1,0,1,12.86,,321,157,687,304,684,303,340,165,,,,,,,0.0,0.0,0.0,0.0,6.3,0.0,102,68,325,162,310,158,267,85,0.0,0.0
Leandro Trossard,Arsenal,MID,6.9,1,1,1.0,0.3,0,0,37,0,0,0,0,0,0,0,0,0,5.4,21.5,4.0,3.1,0.5,0,0.1,0.1,2159,11106,1291,3962,-0.1,0.1,-0.1,0.1,0.07,0.03,0.1,0.0,0,0,0,0,0,0.0,,265,125,92,63,225,126,228,114,,,,,4.0,,0.17,0.0,0.07,0.24,0.0,0.0,41,27,334,168,321,166,304,99,0.0,0.0
Gabriel Martinelli,Arsenal,MID,7.0,1,0,1.0,1.2,0,0,59,0,0,0,0,0,0,0,0,0,6.2,10.3,21.0,3.8,0.5,0,0.1,0.1,13016,44693,3356,25192,0.0,0.0,0.0,0.0,0.02,0.01,0.03,0.7,1,1,0,3,4,6.1,,254,120,171,107,81,48,185,94,,,,,,,0.03,0.0,0.02,0.05,1.07,0.0,38,24,336,170,323,168,173,57,1.53,0.0
Jean-Clair Todibo,West Ham,DEF,4.4,1,0,0.5,0.1,0,0,126,0,5,0,0,0,0,0,0,0,25.2,3.4,0.0,2.9,0.5,0,0.1,0.2,1117,4066,574,1763,-0.1,0.1,-0.1,0.1,0.0,0.01,0.01,2.26,2,3,8,2,11,7.86,,137,61,225,68,401,169,232,78,,,,,,,0.0,0.0,0.01,0.01,1.61,3.57,571,146,281,91,330,106,464,175,1.43,0.0
Aaron Wan-Bissaka,West Ham,DEF,4.5,1,0,0.5,17.9,0,0,180,0,8,0,0,0,0,0,0,0,34.8,44.5,8.0,8.8,0.5,0,0.1,0.2,36142,585790,9633,301967,0.0,0.0,0.0,0.0,0.0,0.13,0.13,3.42,2,1,7,8,8,4.0,,96,41,33,3,160,38,66,11,,,,,,,0.0,0.0,0.06,0.06,1.71,4.0,408,94,284,94,331,107,26,9,1.0,0.0
Andy Irving,West Ham,MID,4.5,1,0,1.0,0.3,0,0,8,0,1,0,0,0,0,0,0,0,4.4,14.8,0.0,1.9,0.5,0,0.1,0.2,3784,6947,520,3338,0.0,0.0,0.0,0.0,0.0,0.06,0.06,0.04,0,1,0,1,2,22.5,,278,135,131,83,437,157,265,130,4.0,,,,,,0.0,0.0,0.68,0.68,0.45,11.25,418,237,285,140,248,118,323,106,0.0,0.0
Freddie Potts,West Ham,MID,4.5,1,1,1.0,0.6,0,0,45,0,2,0,0,0,0,0,0,0,6.2,2.2,2.0,1.0,0.5,0,0.1,0.2,3925,16045,1497,7117,0.0,0.0,0.0,0.0,0.0,0.0,0.0,1.12,0,1,1,2,4,8.0,,252,118,247,141,234,131,294,148,,,,,,,0.0,0.0,0.0,0.0,2.24,4.0,463,256,291,141,254,119,224,75,0.0,0.0
Kyle Walker-Peters,West Ham,DEF,4.5,1,1,1.0,0.3,0,0,20,0,0,0,0,0,0,0,0,0,0.0,1.6,6.0,0.7,0.5,0,0.1,0.2,1397,9594,494,3499,0.0,0.0,0.0,0.0,0.04,0.0,0.04,0.31,0,0,0,1,0,0.0,,471,199,260,85,184,50,303,100,,,,,,,0.18,0.0,0.0,0.18,1.4,0.0,391,80,282,92,244,85,289,106,0.0,0.0
Mads Hermansen,West Ham,GKP,4.5,1,0,0.5,0.3,0,0,180,0,8,0,0,0,4,0,0,0,37.8,0.0,0.0,3.8,0.5,0,0.1,0.2,3310,7344,896,3847,0.0,0.0,0.0,0.0,0.0,0.01,0.01,3.42,2,0,4,13,0,0.0,,82,8,498,65,465,62,181,9,,,,,,,0.0,2.0,0.0,0.0,1.71,4.0,454,29,289,21,332,21,302,44,1.0,0.0
Myles Lewis-Skelly,Arsenal,DEF,5.4,1,1,0.5,3.1,0,0,44,0,0,0,0,0,0,1,0,0,4.4,3.7,0.0,0.8,0.5,0,0.1,0.2,24919,149791,5730,77154,-0.1,0.1,-0.1,0.1,0.0,0.0,0.0,0.66,0,1,1,2,2,4.09,,281,102,218,65,652,225,301,98,,,,,,,0.0,0.0,0.0,0.0,1.35,0.0,208,29,312,104,335,109,96,39,0.0,0.0
Hugo H.Bueno,Wolves,DEF,4.5,1,0,0.5,0.1,0,0,63,0,1,0,0,0,0,1,0,0,10.0,29.8,11.0,5.1,0.5,0,0.1,0.2,982,1822,142,1023,0.0,0.0,0.0,0.0,0.06,0.11,0.17,0.81,0,1,3,3,4,5.71,,225,85,61,12,135,23,147,46,,,,,,,0.09,0.0,0.16,0.25,1.16,1.43,465,121,292,99,333,108,517,194,0.0,0.0
Rodrigo R.Gomes,Wolves,DEF,4.5,1,0,1.0,0.1,0,0,17,0,1,0,0,0,0,0,0,0,2.2,1.0,4.0,0.7,0.5,0,0.1,0.2,803,1743,139,962,0.0,0.0,0.0,0.0,0.0,0.0,0.0,0.24,0,1,0,0,1,5.29,,302,110,281,98,214,66,304,101,,,,,,,0.0,0.0,0.0,0.0,1.27,5.29,458,118,290,98,253,93,519,195,0.0,0.0
Santiago S.Bueno,Wolves,DEF,4.5,1,1,1.0,0.0,0,0,34,0,0,0,0,0,0,0,0,0,12.0,0.2,0.0,1.2,0.5,0,0.1,0.2,173,1086,65,408,0.0,0.0,0.0,0.0,0.0,0.0,0.0,0.46,0,2,2,1,4,10.59,,210,82,312,111,440,190,286,94,,,,,,,0.0,0.0,0.0,0.0,1.22,0.0,421,103,286,95,249,89,575,207,0.0,0.0
Fer Fer López,Wolves,MID,5.4,1,0,1.0,0.0,0,0,18,0,1,0,0,0,0,0,0,0,3.4,0.6,19.0,2.3,0.5,0,0.1,0.2,212,1305,62,534,-0.1,0.1,-0.1,0.1,0.08,0.02,0.1,0.24,0,0,0,0,0,0.0,,296,146,293,156,89,56,258,125,,,,,,,0.4,0.0,0.1,0.5,1.2,5.0,219,140,317,157,295,148,601,243,0.0,0.0
Kai Havertz,Arsenal,FWD,7.4,1,0,1.0,0.6,0,0,30,0,0,0,0,0,0,0,0,0,2.8,0.8,2.0,0.6,0.5,0,0.1,0.1,8080,77731,154,35442,-0.1,0.1,-0.1,0.1,0.0,0.01,0.01,0.82,0,0,1,2,3,9.0,Knee injury - Unknown return date,298,22,289,30,262,33,315,32,,,,,,,0.0,0.0,0.03,0.03,2.46,0.0,28,12,337,35,325,33,225,36,0.0,0.0
Cristhian Mosquera,Arsenal,DEF,5.4,1,1,1.0,0.1,0,0,26,0,0,0,0,0,0,0,0,0,4.8,0.0,0.0,0.5,0.5,0,0.1,0.2,634,3844,219,1571,-0.1,0.1,-0.1,0.1,0.0,0.0,0.0,0.0,0,2,0,0,2,6.92,,271,100,667,232,653,226,319,107,,,,,,,0.0,0.0,0.0,0.0,0.0,0.0,210,30,314,105,289,100,483,182,0.0,0.0
Chris Rigg,Sunderland,MID,4.9,1,0,1.0,0.1,0,0,1,0,0,0,0,0,0,0,0,0,0.0,0.0,0.0,0.0,0.5,0,0.1,0.2,238,1799,79,770,-0.1,0.1,-0.1,0.1,0.0,0.0,0.0,0.03,0,0,0,0,0,0.0,,615,254,609,260,580,245,619,257,,,,,,,0.0,0.0,0.0,0.0,2.7,0.0,362,229,297,145,267,128,564,220,0.0,0.0
Jacob J.Murphy,Newcastle,MID,6.4,1,0,1.0,1.5,0,0,12,0,0,0,0,0,0,0,0,0,0.6,1.3,4.0,0.6,0.5,0,0.1,0.2,4638,91300,3101,29062,-0.1,0.1,0.0,0.0,0.0,0.01,0.01,0.03,0,0,0,2,2,15.0,,327,160,271,148,224,125,314,158,,,,,,,0.0,0.0,0.08,0.08,0.22,0.0,69,48,330,164,315,160,153,48,0.0,0.0
Phil Foden,Man City,MID,8.0,1,1,1.0,1.4,0,0,15,0,0,0,0,0,0,0,0,0,5.6,14.3,12.0,3.2,0.5,0,0.1,0.1,20727,47695,13718,17465,0.0,0.0,0.0,0.0,0.18,0.02,0.2,0.36,0,0,0,3,3,18.0,,259,122,132,84,134,84,224,110,3.0,,3.0,,,,1.08,0.0,0.12,1.2,2.16,0.0,15,10,339,172,327,169,157,50,0.0,0.0
Rodrigo 'Rodri' Rodrigo,Man City,MID,6.4,1,1,1.0,0.6,0,0,15,0,0,0,0,0,0,0,0,0,5.4,11.4,17.0,3.4,0.5,0,0.1,0.2,9120,23571,5632,8270,-0.1,0.1,0.0,0.0,0.05,0.02,0.07,0.36,0,1,0,4,5,30.0,,264,124,158,98,102,66,214,105,,,,,,,0.3,0.0,0.12,0.42,2.16,0.0,70,49,331,165,316,161,232,79,0.0,0.0
Ayden Heaven,Man Utd,DEF,4.0,1,1,1.0,1.3,0,0,3,0,0,0,0,0,0,0,0,0,2.0,0.0,0.0,0.2,0.5,0,0.1,0.2,8060,27596,2854,12786,0.0,0.0,0.0,0.0,0.0,0.0,0.0,0.03,0,0,1,0,1,30.0,,310,111,431,179,385,155,333,116,,,,,,,0.0,0.0,0.0,0.0,0.9,0.0,700,227,279,89,241,82,163,62,0.0,0.0
Jacob J.Ramsey,Newcastle,MID,5.5,1,1,1.0,0.5,0,0,14,0,1,0,0,0,0,0,0,0,4.2,11.0,0.0,1.5,0.5,0,0.1,0.2,8987,20679,5192,6802,0.0,0.0,0.0,0.0,0.0,0.02,0.02,0.37,0,1,0,3,4,25.71,,284,139,165,103,670,293,276,139,,,,,,,0.0,0.0,0.13,0.13,2.38,6.43,149,94,320,158,299,150,240,80,0.0,0.0
Lewis Hall,Newcastle,DEF,5.5,1,1,1.0,1.7,0,0,14,0,1,0,0,0,0,0,0,0,7.4,0.5,0.0,0.8,0.5,0,0.1,0.2,24821,61009,19303,20897,0.0,0.0,0.0,0.0,0.0,0.0,0.0,0.37,0,1,4,1,5,32.14,,244,91,300,106,677,231,302,99,2.0,,,,,,0.0,0.0,0.0,0.0,2.38,6.43,170,23,322,109,303,103,142,55,0.0,0.0
Evann Guessand,Aston Villa,MID,6.5,1,1,1.0,0.1,0,0,15,0,0,0,0,0,0,0,0,0,2.4,1.0,2.0,0.5,0.5,0,0.1,0.2,714,3089,309,1080,0.0,0.0,0.0,0.0,0.0,0.01,0.01,0.11,0,1,0,1,2,12.0,,301,148,285,152,261,147,322,162,,,,,,,0.0,0.0,0.06,0.06,0.66,0.0,63,45,333,167,320,165,567,223,0.0,0.0
Anthony Gordon,Newcastle,MID,7.5,1,-2,0.5,1.8,0,0,137,1,3,0,0,0,0,0,1,0,5.4,24.2,86.0,11.3,0.5,0,0.1,0.1,115968,134201,78010,103434,0.0,0.0,0.0,0.0,1.03,0.05,1.08,0.27,2,0,0,7,7,4.6,Suspended until 28 Sep,266,126,85,58,2,1,35,24,3.0,,,,3.0,,0.68,0.0,0.03,0.71,0.18,1.97,26,16,338,171,339,172,140,44,1.31,0.66
Malick Thiaw,Newcastle,DEF,5.0,1,1,1.0,0.2,0,0,9,0,1,0,0,0,0,0,0,0,1.8,0.1,0.0,0.2,0.5,0,0.1,0.2,2694,5108,1393,1966,0.0,0.0,0.0,0.0,0.0,0.0,0.0,0.37,0,0,1,0,1,10.0,,315,113,317,114,614,217,338,119,,,,,,,0.0,0.0,0.0,0.0,3.7,10.0,290,47,304,102,276,98,393,146,0.0,0.0
Patrick Roberts,Sunderland,MID,5.4,1,1,1.0,0.0,0,0,27,0,1,0,0,0,0,0,0,0,1.8,7.3,5.0,1.4,0.5,0,0.1,0.2,386,1562,209,513,-0.1,0.1,0.0,0.0,0.03,0.02,0.05,0.66,0,0,0,1,1,3.33,,316,154,188,114,202,116,281,141,4.0,,,,2.0,,0.1,0.0,0.07,0.17,2.2,3.33,185,118,306,150,278,135,613,252,0.0,0.0
Antonee Robinson,Fulham,DEF,5.0,1,1,1.0,0.7,0,0,28,0,0,0,0,0,0,0,0,0,6.6,16.2,2.0,2.5,0.5,0,0.1,0.2,9959,37732,9432,6639,0.0,0.0,0.0,0.0,0.0,0.02,0.02,0.11,0,0,1,0,1,3.21,,249,93,112,30,240,76,253,89,,,,,,,0.0,0.0,0.06,0.06,0.35,0.0,239,35,301,100,272,96,215,81,0.0,0.0
Emiliano Buendía,Aston Villa,MID,5.4,1,1,1.0,0.1,0,0,58,0,0,0,0,0,0,0,0,0,0.8,12.2,9.0,2.2,0.5,0,0.1,0.2,948,7858,454,2366,-0.1,0.1,0.0,0.0,0.2,0.2,0.4,0.28,0,1,2,0,3,4.66,,326,159,149,95,157,94,260,126,,,,,,,0.31,0.0,0.31,0.62,0.43,0.0,190,123,308,152,280,137,472,160,0.0,0.0
João Pedro Jota,Nott'm Forest,MID,5.5,1,0,1.0,0.1,0,0,11,0,0,0,0,0,0,0,0,0,5.0,0.5,4.0,1.0,0.5,0,0.1,0.2,636,2625,287,1189,0.0,0.0,0.0,0.0,0.0,0.0,0.0,0.0,0,2,1,0,3,24.55,,268,128,301,160,222,123,296,150,,,,,,,0.0,0.0,0.0,0.0,0.0,0.0,176,113,323,160,306,155,504,176,0.0,0.0
Omari Hutchinson,Nott'm Forest,MID,5.5,1,1,1.0,0.0,0,0,8,0,0,0,0,0,0,0,0,0,0.0,0.6,8.0,0.5,1.0,0,0.2,0.2,1295,493,617,317,0.0,0.0,0.0,0.0,0.2,0.0,0.2,0.0,0,0,0,0,0,0.0,,682,300,294,157,170,98,321,161,,,,,,,2.25,0.0,0.0,2.25,0.0,0.0,174,111,266,135,305,154,647,279,0.0,0.0
Arnaud Kalimuendo,Nott'm Forest,FWD,6.0,1,1,1.0,0.0,0,0,19,0,0,0,0,0,0,0,0,0,1.0,1.6,0.0,0.3,1.0,0,0.2,0.2,1803,703,1024,544,0.0,0.0,0.0,0.0,0.0,0.0,0.0,0.0,0,0,1,1,2,9.47,,324,30,263,28,691,69,332,33,,,,,,,0.0,0.0,0.0,0.0,0.0,0.0,92,24,270,29,314,31,592,71,0.0,0.0
Marc Marc Guiu,Sunderland,FWD,4.5,1,1,1.0,16.7,0,0,10,0,1,0,0,0,0,0,0,0,0.0,1.6,6.0,0.6,0.5,0,0.1,0.2,160316,384905,47460,249071,0.0,0.0,0.0,0.0,0.02,0.01,0.03,0.66,0,0,0,0,0,0.0,,518,37,261,27,190,30,310,31,,,,,,,0.18,0.0,0.09,0.27,5.94,9.0,480,59,293,32,256,24,27,7,0.0,0.0
Ian Maatsen,Aston Villa,DEF,4.5,1,1,1.0,0.7,0,0,26,0,0,0,0,0,0,0,0,0,10.6,15.4,2.0,2.8,0.5,0,0.1,0.2,5245,24269,1631,8900,0.0,0.0,0.0,0.0,0.02,0.06,0.08,0.11,0,1,3,2,4,13.85,,220,84,122,35,233,73,240,84,,,,,,,0.07,0.0,0.21,0.28,0.38,0.0,439,112,287,96,250,90,214,80,0.0,0.0
James McAtee,Nott'm Forest,MID,5.5,1,1,1.0,0.2,0,0,18,0,0,0,0,0,0,0,0,0,1.4,11.3,2.0,1.5,0.5,0,0.1,0.2,4448,5921,1620,2340,0.0,0.0,0.0,0.0,0.0,0.03,0.03,0.0,0,0,0,0,0,0.0,,319,156,161,100,256,145,277,140,,,,,,,0.0,0.0,0.15,0.15,0.0,0.0,154,96,321,159,301,151,396,136,0.0,0.0
Jackson Tchatchoua,Wolves,DEF,4.5,1,1,1.0,0.0,0,0,55,0,0,0,0,0,0,0,0,0,8.6,16.8,4.0,2.9,1.0,0,0.2,0.2,672,196,422,148,0.0,0.0,0.0,0.0,0.0,0.02,0.02,0.66,0,0,4,3,4,6.55,,235,90,109,27,217,69,233,79,,,,,,,0.0,0.0,0.03,0.03,1.08,0.0,493,129,240,85,257,95,670,227,0.0,0.0
Diego Gomez,Brighton,MID,5.0,1,1,0.5,0.1,0,0,44,0,1,0,0,0,0,1,0,0,14.6,13.3,7.0,3.5,0.5,0,0.1,0.2,389,1657,144,644,0.0,0.0,0.0,0.0,0.03,0.04,0.07,0.64,0,2,5,3,10,20.45,,192,81,139,87,178,102,207,101,,,3.0,,,,0.06,0.0,0.08,0.14,1.31,2.05,314,198,305,149,334,171,548,206,0.0,0.0
Romain Esse,Crystal Palace,MID,4.9,1,1,1.0,0.2,0,0,24,0,0,0,0,0,0,0,0,0,4.6,0.4,2.0,0.7,0.5,0,0.1,0.2,2891,7871,1103,3353,-0.1,0.1,-0.1,0.1,0.0,0.01,0.01,0.27,0,2,0,0,2,7.5,,274,131,303,161,237,132,305,153,,,,,,,0.0,0.0,0.04,0.04,1.01,0.0,363,230,298,146,268,129,358,126,0.0,0.0
Odsonne Édouard,Crystal Palace,FWD,5.0,1,1,1.0,0.8,0,0,2,0,0,0,0,0,0,0,0,0,2.0,0.0,0.0,0.2,0.5,0,0.1,0.2,8927,27077,3176,13054,0.0,0.0,0.0,0.0,0.0,0.0,0.0,0.27,0,1,0,0,1,45.0,Achilles injury - 75% chance of playing,311,26,618,57,595,56,337,35,,,,,,,0.0,0.0,0.0,0.0,12.15,0.0,248,46,303,33,274,26,201,32,0.0,0.0
Aaron Hickey,Brentford,DEF,4.0,1,1,0.5,0.4,0,0,13,0,0,0,0,0,0,1,0,0,6.0,0.1,0.0,0.6,0.5,0,0.1,0.2,3834,7319,2145,3370,0.0,0.0,0.0,0.0,0.0,0.0,0.0,0.24,0,3,1,0,4,27.69,,256,95,313,112,331,118,309,104,,,,,,,0.0,0.0,0.0,0.0,1.66,0.0,640,184,278,88,329,105,260,97,0.0,0.0
Kristoffer Ajer,Brentford,DEF,4.5,1,1,1.0,0.2,0,0,5,0,0,0,0,0,0,0,0,0,1.4,0.1,0.0,0.2,0.5,0,0.1,0.2,1906,4109,953,1624,0.0,0.0,0.0,0.0,0.0,0.0,0.0,0.1,0,0,1,0,1,18.0,,318,114,314,113,424,180,334,117,,,,,,,0.0,0.0,0.0,0.0,1.8,0.0,396,84,283,93,245,86,381,139,0.0,0.0
Dwight McNeil,Everton,MID,5.9,1,1,1.0,0.3,0,0,19,0,0,0,0,0,0,0,0,0,0.0,11.3,8.0,1.8,0.5,0,0.1,0.2,1711,17571,658,6277,-0.1,0.1,0.0,0.0,0.24,0.0,0.24,0.95,0,0,0,0,0,0.0,,686,304,162,101,171,99,268,133,1.0,,,,,,1.14,0.0,0.0,1.14,4.5,0.0,109,74,327,163,312,159,329,109,0.0,0.0
James Milner,Brighton,MID,5.0,1,0,1.0,0.1,0,0,2,0,1,0,0,0,0,0,0,0,0.0,0.1,0.0,0.0,0.5,0,0.1,0.2,1021,3116,341,1430,0.0,0.0,0.0,0.0,0.0,0.0,0.0,0.24,0,0,0,0,0,0.0,,617,256,316,167,582,247,621,259,,,,,,,0.0,0.0,0.0,0.0,10.8,45.0,220,141,299,147,269,130,489,168,0.0,0.0
Antoni Milambo,Brentford,MID,5.5,1,0,1.0,0.1,0,0,45,0,3,0,0,0,0,0,0,0,4.0,1.8,0.0,0.6,0.5,0,0.1,0.2,667,2055,257,946,0.0,0.0,0.0,0.0,0.0,0.01,0.01,1.49,1,2,0,2,4,8.0,,286,140,254,145,680,300,313,157,,,,,,,0.0,0.0,0.02,0.02,2.98,6.0,179,115,324,161,307,156,562,219,2.0,0.0
Harrison Armstrong,Everton,MID,4.5,1,1,1.0,0.1,0,0,1,0,0,0,0,0,0,0,0,0,0.0,0.0,0.0,0.0,0.5,0,0.1,0.2,2410,3944,1623,1574,0.0,0.0,0.0,0.0,0.0,0.0,0.0,0.0,0,0,0,0,0,0.0,,579,232,574,238,542,222,584,235,,,,,,,0.0,0.0,0.0,0.0,0.0,0.0,550,307,295,143,262,123,453,152,0.0,0.0
Amine Adli,Bournemouth,MID,5.5,1,1,1.0,0.0,0,0,24,0,0,0,0,0,0,0,0,0,10.4,15.0,2.0,2.7,1.0,0,0.2,0.2,1419,450,913,362,0.0,0.0,0.0,0.0,0.0,0.02,0.02,0.06,0,3,1,2,6,22.5,,222,101,129,82,257,146,248,120,,,,,,,0.0,0.0,0.08,0.08,0.22,0.0,171,108,265,134,304,153,641,275,0.0,0.0
Ben Winterburn,Bournemouth,MID,4.5,1,0,1.0,0.1,0,0,6,0,2,0,0,0,0,0,0,0,0.0,0.0,0.0,0.0,0.5,0,0.1,0.2,2608,2579,607,1328,0.0,0.0,0.0,0.0,0.0,0.0,0.0,0.31,0,0,0,0,0,0.0,,578,231,573,237,541,221,583,234,,,,,,,0.0,0.0,0.0,0.0,4.65,30.0,548,306,294,142,261,122,495,170,0.0,0.0
Danny Welbeck,Brighton,FWD,6.4,1,0,0.5,2.8,0,0,111,0,3,0,0,1,0,0,0,0,2.2,4.0,29.0,3.3,0.5,0,0.1,0.2,21310,187427,6331,86179,-0.1,0.1,-0.1,0.1,1.56,0.1,1.66,1.84,1,1,0,1,2,1.62,,308,25,215,21,49,17,217,23,,,1.0,,1.0,,1.26,0.0,0.08,1.34,1.49,2.43,66,20,329,34,338,35,100,16,0.81,0.0
Jack Hinshelwood,Brighton,MID,5.4,1,1,1.0,0.1,0,0,45,0,1,0,0,0,0,0,0,0,4.6,1.2,0.0,0.6,0.5,0,0.1,0.2,343,3894,153,1152,-0.1,0.1,0.0,0.0,0.0,0.01,0.01,0.67,0,1,0,2,3,6.0,,275,132,274,149,655,288,312,156,,,,,,,0.0,0.0,0.02,0.02,1.34,2.0,214,137,315,156,292,146,515,182,0.0,0.0
Wesley Fofana,Chelsea,DEF,4.5,1,1,1.0,0.2,0,0,21,0,0,0,0,0,0,0,0,0,3.4,0.4,0.0,0.4,0.5,0,0.1,0.2,2602,7086,1352,2418,0.0,0.0,0.0,0.0,0.0,0.0,0.0,0.44,0,1,1,0,2,8.57,,293,108,302,107,453,194,325,110,,,,,,,0.0,0.0,0.0,0.0,1.89,0.0,440,113,288,97,251,91,360,128,0.0,0.0
Leo Fuhr Hjelde,Sunderland,DEF,4.0,0,0,0.0,0.0,0,0,0,0,0,0,0,0,0,0,0,0,0.0,0.0,0.0,0.0,0.0,0,0.0,0.0,97,153,33,49,0.0,0.0,0.0,0.0,0.0,0.0,0.0,0.0,0,0,0,0,0,0.0,Achilles injury - Expected back 13 Sep,391,145,382,145,335,120,401,149,,,,,,,0.0,0.0,0.0,0.0,0.0,0.0,644,186,399,140,399,140,692,232,0.0,0.0
Aji Alese,Sunderland,DEF,4.0,0,0,0.0,0.0,0,0,0,0,0,0,0,0,0,0,0,0,0.0,0.0,0.0,0.0,0.0,0,0.0,0.0,95,165,33,57,0.0,0.0,0.0,0.0,0.0,0.0,0.0,0.0,0,0,0,0,0,0.0,Shoulder injury - Expected back 13 Sep,361,128,352,128,302,100,371,132,,,,,,,0.0,0.0,0.0,0.0,0.0,0.0,609,164,369,123,369,123,694,234,0.0,0.0
Dan Neil,Sunderland,MID,5.0,0,0,0.0,0.0,0,0,0,0,0,0,0,0,0,0,0,0,0.0,0.0,0.0,0.0,0.0,0,0.0,0.0,137,1102,54,441,0.0,0.0,0.0,0.0,0.0,0.0,0.0,0.0,0,0,0,0,0,0.0,,626,263,625,267,602,255,630,266,,,,,,,0.0,0.0,0.0,0.0,0.0,0.0,265,166,629,268,629,268,610,250,0.0,0.0
Romaine Mundle,Sunderland,MID,4.9,0,0,0.0,0.0,0,0,0,0,0,0,0,0,0,0,0,0,0.0,0.0,0.0,0.0,0.0,0,0.0,0.0,44,439,13,110,-0.1,0.1,-0.1,0.1,0.0,0.0,0.0,0.0,0,0,0,0,0,0.0,Hamstring injury - Expected back 18 Oct,609,250,604,256,573,241,614,253,3.0,,3.0,,,,0.0,0.0,0.0,0.0,0.0,0.0,354,224,613,257,613,257,688,304,0.0,0.0
Joe Anderson,Sunderland,DEF,4.0,0,0,0.0,0.4,0,0,0,0,0,0,0,0,0,0,0,0,0.0,0.0,0.0,0.0,0.0,0,0.0,0.0,3532,10163,1065,4414,0.0,0.0,0.0,0.0,0.0,0.0,0.0,0.0,0,0,0,0,0,0.0,,365,131,356,131,306,103,375,135,,,,,,,0.0,0.0,0.0,0.0,0.0,0.0,613,167,373,126,373,126,263,100,0.0,0.0
Dennis Cirkin,Sunderland,DEF,4.0,0,0,0.0,0.0,0,0,0,0,0,0,0,0,0,0,0,0,0.0,0.0,0.0,0.0,0.0,0,0.0,0.0,102,798,26,311,0.0,0.0,0.0,0.0,0.0,0.0,0.0,0.0,0,0,0,0,0,0.0,Wrist Injury - Expected back 13 Sep,380,141,371,141,322,114,390,145,,,,,,,0.0,0.0,0.0,0.0,0.0,0.0,631,180,388,136,388,136,640,218,0.0,0.0
Mike Penders,Chelsea,GKP,4.0,0,0,0.0,0.0,0,0,0,0,0,0,0,0,0,0,0,0,0.0,0.0,0.0,0.0,0.0,0,0.0,0.0,0,172,0,55,0.0,0.0,0.0,0.0,0.0,0.0,0.0,0.0,0,0,0,0,0,0.0,Has joined RC Strasbourg on loan for the rest of the season.,422,62,412,46,366,42,431,62,,,,,,,0.0,0.0,0.0,0.0,0.0,0.0,680,77,430,62,430,62,695,79,0.0,0.0
Milan Aleksić,Sunderland,MID,4.9,0,0,0.0,0.0,0,0,0,0,0,0,0,0,0,0,0,0,0.0,0.0,0.0,0.0,0.0,0,0.0,0.0,207,1226,58,490,-0.1,0.1,-0.1,0.1,0.0,0.0,0.0,0.0,0,0,0,0,0,0.0,,616,255,610,261,581,246,620,258,,,,,,,0.0,0.0,0.0,0.0,0.0,0.0,364,231,620,261,620,261,614,253,0.0,0.0
Luke O'Nien,Sunderland,DEF,4.0,0,0,0.0,0.0,0,0,0,0,0,0,0,0,0,0,0,0,0.0,0.0,0.0,0.0,0.0,0,0.0,0.0,223,563,55,218,0.0,0.0,0.0,0.0,0.0,0.0,0.0,0.0,0,0,0,0,0,0.0,Shoulder injury - Expected back 13 Sep,352,122,342,121,291,92,362,126,,,,,4.0,,0.0,0.0,0.0,0.0,0.0,0.0,597,155,360,117,360,117,638,217,0.0,0.0
Zak Johnson,Sunderland,DEF,4.0,0,0,0.0,0.2,0,0,0,0,0,0,0,0,0,0,0,0,0.0,0.0,0.0,0.0,0.0,0,0.0,0.0,1221,4509,424,2008,0.0,0.0,0.0,0.0,0.0,0.0,0.0,0.0,0,0,0,0,0,0.0,,408,154,399,154,352,129,418,158,,,,,,,0.0,0.0,0.0,0.0,0.0,0.0,664,198,416,149,416,149,353,126,0.0,0.0
Gabriel Slonina,Chelsea,GKP,4.0,0,0,0.0,0.1,0,0,0,0,0,0,0,0,0,0,0,0,0.0,0.0,0.0,0.0,0.0,0,0.0,0.0,1047,1973,393,985,0.0,0.0,0.0,0.0,0.0,0.0,0.0,0.0,0,0,0,0,0,0.0,,387,50,378,34,330,30,397,50,,,,,,,0.0,0.0,0.0,0.0,0.0,0.0,639,65,395,50,395,50,475,71,0.0,0.0
Jayden Meghoma,Brentford,DEF,4.0,0,0,0.0,0.1,0,0,0,0,0,0,0,0,0,0,0,0,0.0,0.0,0.0,0.0,0.0,0,0.0,0.0,279,5169,0,2292,0.0,0.0,0.0,0.0,0.0,0.0,0.0,0.0,0,0,0,0,0,0.0,Has joined Rangers on loan for the rest of the season.,404,152,395,152,348,127,414,156,,,,,,,0.0,0.0,0.0,0.0,0.0,0.0,660,196,412,147,412,147,492,187,0.0,0.0
Niall Huggins,Sunderland,DEF,4.0,0,0,0.0,0.2,0,0,0,0,0,0,0,0,0,0,0,0,0.0,0.0,0.0,0.0,0.0,0,0.0,0.0,940,4055,271,1769,0.0,0.0,0.0,0.0,0.0,0.0,0.0,0.0,0,0,0,0,0,0.0,Groin Injury - 75% chance of playing,399,148,390,148,343,123,409,152,,,,,,,0.0,0.0,0.0,0.0,0.0,0.0,654,191,407,143,407,143,377,137,0.0,0.0
Ian Poveda,Sunderland,MID,4.9,0,0,0.0,0.0,0,0,0,0,0,0,0,0,0,0,0,0,0.0,0.0,0.0,0.0,0.0,0,0.0,0.0,65,805,28,313,-0.1,0.1,-0.1,0.1,0.0,0.0,0.0,0.0,0,0,0,0,0,0.0,,598,245,593,251,562,236,603,248,,,,,,,0.0,0.0,0.0,0.0,0.0,0.0,342,218,602,252,602,252,630,267,0.0,0.0
Andrés A.García,Aston Villa,DEF,4.0,0,0,0.0,0.2,0,0,0,0,0,0,0,0,0,0,0,0,0.0,0.0,0.0,0.0,0.0,0,0.0,0.0,720,8520,248,3266,0.0,0.0,0.0,0.0,0.0,0.0,0.0,0.0,0,0,0,0,0,0.0,Knock - 25% chance of playing,441,180,432,180,386,156,450,183,,,,,,,0.0,0.0,0.0,0.0,0.0,0.0,701,228,449,175,449,175,350,125,0.0,0.0
Timothée Pembele,Sunderland,DEF,4.0,0,0,0.0,0.2,0,0,0,0,0,0,0,0,0,0,0,0,0.0,0.0,0.0,0.0,0.0,0,0.0,0.0,1004,3940,270,1712,0.0,0.0,0.0,0.0,0.0,0.0,0.0,0.0,0,0,0,0,0,0.0,,386,143,377,143,329,117,396,147,,,,,,,0.0,0.0,0.0,0.0,0.0,0.0,638,183,394,138,394,138,375,135,0.0,0.0
Levi Colwill,Chelsea,DEF,4.9,0,0,0.0,0.2,0,0,0,0,0,0,0,0,0,0,0,0,0.0,0.0,0.0,0.0,0.0,0,0.0,0.0,283,20816,109,5372,-0.1,0.1,0.0,0.0,0.0,0.0,0.0,0.0,0,0,0,0,0,0.0,Anterior cruciate ligament - Unknown return date,608,225,603,224,572,211,613,226,,,,,,,0.0,0.0,0.0,0.0,0.0,0.0,353,61,612,221,612,221,368,131,0.0,0.0
Martin Sherif,Everton,FWD,4.5,0,0,0.0,0.2,0,0,0,0,0,0,0,0,0,0,0,0,0.0,0.0,0.0,0.0,0.0,0,0.0,0.0,2658,6657,809,3413,0.0,0.0,0.0,0.0,0.0,0.0,0.0,0.0,0,0,0,0,0,0.0,,537,41,532,41,501,41,543,43,,,,,,,0.0,0.0,0.0,0.0,0.0,0.0,503,63,545,43,545,43,352,54,0.0,0.0
Filip Jörgensen,Chelsea,GKP,4.5,0,0,0.0,0.2,0,0,0,0,0,0,0,0,0,0,0,0,0.0,0.0,0.0,0.0,0.0,0,0.0,0.0,1232,5130,463,2337,0.0,0.0,0.0,0.0,0.0,0.0,0.0,0.0,0,0,0,0,0,0.0,,524,77,519,67,487,65,530,77,,,,,,,0.0,0.0,0.0,0.0,0.0,0.0,486,32,532,77,532,77,366,54,0.0,0.0
Stefanos Tzimas,Brighton,FWD,5.4,0,0,0.0,0.1,0,0,0,0,0,0,0,0,0,0,0,0,0.0,0.0,0.0,0.0,0.0,0,0.0,0.0,2238,5632,907,2465,-0.1,0.1,-0.1,0.1,0.0,0.0,0.0,0.0,0,0,0,0,0,0.0,,670,63,671,64,658,63,674,64,,,,,,,0.0,0.0,0.0,0.0,0.0,0.0,218,44,673,64,673,64,462,64,0.0,0.0
Gabriel G.Jesus,Arsenal,FWD,6.5,0,0,0.0,0.0,0,0,0,0,0,0,0,0,0,0,0,0,0.0,0.0,0.0,0.0,0.0,0,0.0,0.0,394,1701,151,666,0.0,0.0,0.0,0.0,0.0,0.0,0.0,0.0,0,0,0,0,0,0.0,Knee injury - Unknown return date,696,71,697,71,697,71,697,71,,,,,,,0.0,0.0,0.0,0.0,0.0,0.0,51,16,696,71,696,71,591,70,0.0,0.0
Nordi Mukiele,Sunderland,DEF,4.0,0,0,0.0,0.4,0,0,0,0,0,0,0,0,0,0,0,0,0.0,0.0,0.0,0.0,0.0,0,0.0,0.0,21397,7033,7734,4725,0.0,0.0,0.0,0.0,0.0,0.0,0.0,0.0,0,0,0,0,0,0.0,,356,125,346,124,295,95,366,129,,,,,,,0.0,0.0,0.0,0.0,0.0,0.0,601,158,364,120,364,120,277,101,0.0,0.0
Andrew Moran,Brighton,MID,4.5,0,0,0.0,0.0,0,0,0,0,0,0,0,0,0,0,0,0,0.0,0.0,0.0,0.0,0.0,0,0.0,0.0,490,2405,0,1451,0.0,0.0,0.0,0.0,0.0,0.0,0.0,0.0,0,0,0,0,0,0.0,Has joined Los Angeles FC on loan for the rest of the season.,525,197,520,203,489,187,531,200,,,,,,,0.0,0.0,0.0,0.0,0.0,0.0,488,269,533,207,533,207,594,236,0.0,0.0
Arthur Masuaku,Sunderland,DEF,4.0,0,0,0.0,0.7,0,0,0,0,0,0,0,0,0,0,0,0,0.0,0.0,0.0,0.0,0.0,0,0.0,0.0,10862,12348,2220,5970,0.0,0.0,0.0,0.0,0.0,0.0,0.0,0.0,0,0,0,0,0,0.0,,342,118,332,117,281,88,352,122,,,,,,,0.0,0.0,0.0,0.0,0.0,0.0,587,151,351,114,351,114,212,79,0.0,0.0
Evan Ferguson,Brighton,FWD,5.5,0,0,0.0,0.0,0,0,0,0,0,0,0,0,0,0,0,0,0.0,0.0,0.0,0.0,0.0,0,0.0,0.0,0,1108,0,312,0.0,0.0,0.0,0.0,0.0,0.0,0.0,0.0,0,0,0,0,0,0.0,Has joined AS Roma on loan for the rest of the season,680,67,684,68,676,67,684,68,,,,,,,0.0,0.0,0.0,0.0,0.0,0.0,169,37,683,68,683,68,664,74,0.0,0.0
Nazarii Rusyn,Sunderland,FWD,4.5,0,0,0.0,0.2,0,0,0,0,0,0,0,0,0,0,0,0,0.0,0.0,0.0,0.0,0.0,0,0.0,0.0,2150,6047,621,2967,0.0,0.0,0.0,0.0,0.0,0.0,0.0,0.0,0,0,0,0,0,0.0,,492,35,485,36,451,36,499,38,,,,,,,0.0,0.0,0.0,0.0,0.0,0.0,437,57,501,38,501,38,365,56,0.0,0.0
Luís Hemir Luís Hemir,Sunderland,FWD,4.5,0,0,0.0,0.2,0,0,0,0,0,0,0,0,0,0,0,0,0.0,0.0,0.0,0.0,0.0,0,0.0,0.0,1595,5070,448,2488,0.0,0.0,0.0,0.0,0.0,0.0,0.0,0.0,0,0,0,0,0,0.0,,546,42,541,42,510,42,552,44,,,,,,,0.0,0.0,0.0,0.0,0.0,0.0,514,64,554,44,554,44,394,58,0.0,0.0
Ahmed Abdullahi,Sunderland,FWD,4.5,0,0,0.0,0.5,0,0,0,0,0,0,0,0,0,0,0,0,0.0,0.0,0.0,0.0,0.0,0,0.0,0.0,4626,15802,1227,8356,0.0,0.0,0.0,0.0,0.0,0.0,0.0,0.0,0,0,0,0,0,0.0,,581,53,576,53,544,52,586,54,,,,,,,0.0,0.0,0.0,0.0,0.0,0.0,553,75,586,54,586,54,250,43,0.0,0.0
Joe Gauci,Aston Villa,GKP,4.0,0,0,0.0,0.2,0,0,0,0,0,0,0,0,0,0,0,0,0.0,0.0,0.0,0.0,0.0,0,0.0,0.0,0,6223,0,2262,0.0,0.0,0.0,0.0,0.0,0.0,0.0,0.0,0,0,0,0,0,0.0,Has joined Port Vale on loan for the rest of the season.,384,48,375,32,326,28,394,48,,,,,,,0.0,0.0,0.0,0.0,0.0,0.0,635,63,392,48,392,48,359,52,0.0,0.0
Charalampos Kostoulas,Brighton,FWD,5.0,0,0,0.0,0.4,0,0,0,0,0,0,0,0,0,0,0,0,0.0,0.0,0.0,0.0,0.0,0,0.0,0.0,5123,15486,1634,7518,0.0,0.0,0.0,0.0,0.0,0.0,0.0,0.0,0,0,0,0,0,0.0,,655,60,655,61,636,60,659,61,,,,,,,0.0,0.0,0.0,0.0,0.0,0.0,330,51,659,61,659,61,282,49,0.0,0.0
Nectarios Triantis,Sunderland,MID,4.5,0,0,0.0,0.1,0,0,0,0,0,0,0,0,0,0,0,0,0.0,0.0,0.0,0.0,0.0,0,0.0,0.0,480,1844,133,854,0.0,0.0,0.0,0.0,0.0,0.0,0.0,0.0,0,0,0,0,0,0.0,,521,195,516,201,484,185,527,198,,,,,,,0.0,0.0,0.0,0.0,0.0,0.0,483,267,529,205,529,205,540,198,0.0,0.0
Jay Matete,Sunderland,MID,4.5,0,0,0.0,0.2,0,0,0,0,0,0,0,0,0,0,0,0,0.0,0.0,0.0,0.0,0.0,0,0.0,0.0,2866,7045,770,3125,0.0,0.0,0.0,0.0,0.0,0.0,0.0,0.0,0,0,0,0,0,0.0,,514,190,509,196,477,180,521,193,,,,,,,0.0,0.0,0.0,0.0,0.0,0.0,473,262,523,200,523,200,336,113,0.0,0.0
Harrison H.Jones,Sunderland,MID,4.5,0,0,0.0,0.1,0,0,0,0,0,0,0,0,0,0,0,0,0.0,0.0,0.0,0.0,0.0,0,0.0,0.0,660,1836,176,857,0.0,0.0,0.0,0.0,0.0,0.0,0.0,0.0,0,0,0,0,0,0.0,,541,208,536,214,505,198,547,211,,,,,,,0.0,0.0,0.0,0.0,0.0,0.0,507,281,549,218,549,218,550,208,0.0,0.0
Pierre Ekwah,Sunderland,MID,4.5,0,0,0.0,0.0,0,0,0,0,0,0,0,0,0,0,0,0,0.0,0.0,0.0,0.0,0.0,0,0.0,0.0,0,982,0,301,0.0,0.0,0.0,0.0,0.0,0.0,0.0,0.0,0,0,0,0,0,0.0,Has joined AS Saint-Etienne permanently.,499,178,493,184,460,168,506,181,,,,,,,0.0,0.0,0.0,0.0,0.0,0.0,448,248,508,188,508,188,663,289,0.0,0.0
Alan Browne,Sunderland,MID,4.5,0,0,0.0,0.1,0,0,0,0,0,0,0,0,0,0,0,0,0.0,0.0,0.0,0.0,0.0,0,0.0,0.0,1093,2826,287,1339,0.0,0.0,0.0,0.0,0.0,0.0,0.0,0.0,0,0,0,0,0,0.0,,472,167,463,173,423,155,479,170,,,,,,,0.0,0.0,0.0,0.0,0.0,0.0,394,235,481,177,481,177,499,172,0.0,0.0
Abdoullah Ba,Sunderland,MID,4.5,0,0,0.0,0.2,0,0,0,0,0,0,0,0,0,0,0,0,0.0,0.0,0.0,0.0,0.0,0,0.0,0.0,2181,7050,565,3308,0.0,0.0,0.0,0.0,0.0,0.0,0.0,0.0,0,0,0,0,0,0.0,,505,184,500,190,467,174,512,187,,,,,,,0.0,0.0,0.0,0.0,0.0,0.0,457,254,514,194,514,194,345,118,0.0,0.0
Filip Marschall,Aston Villa,GKP,4.0,0,0,0.0,0.0,0,0,0,0,0,0,0,0,0,0,0,0,0.0,0.0,0.0,0.0,0.0,0,0.0,0.0,0,510,0,180,0.0,0.0,0.0,0.0,0.0,0.0,0.0,0.0,0,0,0,0,0,0.0,Has joined Stevenage permanently.,383,47,374,31,325,27,393,47,,,,,,,0.0,0.0,0.0,0.0,0.0,0.0,634,62,391,47,391,47,653,77,0.0,0.0
Lamare Bogarde,Aston Villa,DEF,4.0,0,0,0.0,0.3,0,0,16,0,0,0,0,0,0,1,0,0,0.0,2.3,2.0,0.3,0.0,0,0.0,0.0,3855,6392,2013,2978,0.0,0.0,0.0,0.0,0.0,0.03,0.03,0.11,0,0,0,0,0,0.0,,409,155,243,76,232,72,327,112,,,,,,,0.0,0.0,0.17,0.17,0.62,0.0,665,199,417,150,417,150,300,112,0.0,0.0
Álex Alex Moreno,Aston Villa,DEF,4.0,0,0,0.0,7.5,0,0,0,0,0,0,0,0,0,0,0,0,0.0,0.0,0.0,0.0,0.0,0,0.0,0.0,44476,233186,11645,143042,0.0,0.0,0.0,0.0,0.0,0.0,0.0,0.0,0,0,0,0,0,0.0,Has joined Girona permanently.,343,119,333,118,282,89,353,123,,,,,,,0.0,0.0,0.0,0.0,0.0,0.0,588,152,352,115,352,115,59,21,0.0,0.0
Anthony Patterson,Sunderland,GKP,4.5,0,0,0.0,0.3,0,0,0,0,0,0,0,0,0,0,0,0,0.0,0.0,0.0,0.0,0.0,0,0.0,0.0,3154,9808,673,3516,0.0,0.0,0.0,0.0,0.0,0.0,0.0,0.0,0,0,0,0,0,0.0,,484,75,477,62,441,59,491,75,,,,,,,0.0,0.0,0.0,0.0,0.0,0.0,422,26,493,75,493,75,314,47,0.0,0.0
Blondy Nna Noukeu,Sunderland,GKP,4.0,0,0,0.0,0.1,0,0,0,0,0,0,0,0,0,0,0,0,0.0,0.0,0.0,0.0,0.0,0,0.0,0.0,606,1763,242,801,0.0,0.0,0.0,0.0,0.0,0.0,0.0,0.0,0,0,0,0,0,0.0,,397,57,388,41,341,37,407,57,,,,,,,0.0,0.0,0.0,0.0,0.0,0.0,652,72,405,57,405,57,428,63,0.0,0.0
Seung-Soo Seung soo,Newcastle,MID,4.5,0,0,0.0,0.2,0,0,0,0,0,0,0,0,0,0,0,0,0.0,0.0,0.0,0.0,0.0,0,0.0,0.0,9238,5485,1823,3253,0.0,0.0,0.0,0.0,0.0,0.0,0.0,0.0,0,0,0,0,0,0.0,,584,236,579,242,547,226,589,239,,,,,,,0.0,0.0,0.0,0.0,0.0,0.0,558,313,589,244,589,244,371,127,0.0,0.0
David David Carmo,Nott'm Forest,DEF,4.5,0,0,0.0,0.0,0,0,0,0,0,0,0,0,0,0,0,0,0.0,0.0,0.0,0.0,0.0,0,0.0,0.0,341,1249,150,546,0.0,0.0,0.0,0.0,0.0,0.0,0.0,0.0,0,0,0,0,0,0.0,,498,210,491,209,458,195,505,211,,,,,,,0.0,0.0,0.0,0.0,0.0,0.0,446,115,507,206,507,206,576,208,0.0,0.0
Christopher Nkunku,Chelsea,MID,5.9,0,0,0.0,0.2,0,0,0,0,0,0,0,0,0,0,0,0,0.0,0.0,0.0,0.0,0.0,0,0.0,0.0,2306,13243,647,7001,-0.1,0.1,-0.1,0.1,0.0,0.0,0.0,0.0,0,0,0,0,0,0.0,Won’t be considered for selection on 22/8. - Unknown return date,685,303,689,306,686,305,688,305,,,,,2.0,,0.0,0.0,0.0,0.0,0.0,0.0,105,71,687,306,687,306,386,133,0.0,0.0
Ross Barkley,Aston Villa,MID,4.9,0,0,0.0,0.1,0,0,0,0,0,0,0,0,0,0,0,0,0.0,0.0,0.0,0.0,0.0,0,0.0,0.0,190,4351,96,1439,-0.1,0.1,-0.1,0.1,0.0,0.0,0.0,0.0,0,0,0,0,0,0.0,Knock - 25% chance of playing,589,239,584,245,552,229,594,242,,,,,,,0.0,0.0,0.0,0.0,0.0,0.0,332,211,594,247,594,247,553,210,0.0,0.0
Mads Roerslev,Brentford,DEF,4.5,0,0,0.0,0.0,0,0,0,0,0,0,0,0,0,0,0,0,0.0,0.0,0.0,0.0,0.0,0,0.0,0.0,211,1945,0,1124,0.0,0.0,0.0,0.0,0.0,0.0,0.0,0.0,0,0,0,0,0,0.0,Has joined Southampton permanently.,481,206,474,205,436,188,488,207,,,,,,,0.0,0.0,0.0,0.0,0.0,0.0,417,101,490,202,490,202,615,215,0.0,0.0
Enzo Barrenechea,Aston Villa,MID,5.0,0,0,0.0,0.0,0,0,0,0,0,0,0,0,0,0,0,0,0.0,0.0,0.0,0.0,0.0,0,0.0,0.0,0,17,0,7,0.0,0.0,0.0,0.0,0.0,0.0,0.0,0.0,0,0,0,0,0,0.0,Season-long loan to Benfica,641,274,641,278,621,267,645,277,,,,,,,0.0,0.0,0.0,0.0,0.0,0.0,304,190,644,279,644,279,707,316,0.0,0.0
Matt Turner,Nott'm Forest,GKP,4.0,0,0,0.0,0.2,0,0,0,0,0,0,0,0,0,0,0,0,0.0,0.0,0.0,0.0,0.0,0,0.0,0.0,0,6776,0,2189,0.0,0.0,0.0,0.0,0.0,0.0,0.0,0.0,0,0,0,0,0,0.0,Has joined Lyon permanently.,364,40,355,24,305,20,374,40,,,,,,,0.0,0.0,0.0,0.0,0.0,0.0,612,55,372,40,372,40,398,58,0.0,0.0
Carlos Miguel C.Miguel,Nott'm Forest,GKP,4.0,0,0,0.0,0.2,0,0,0,0,0,0,0,0,0,0,0,0,0.0,0.0,0.0,0.0,0.0,0,0.0,0.0,448,5551,0,2951,0.0,0.0,0.0,0.0,0.0,0.0,0.0,0.0,0,0,0,0,0,0.0,Has joined Palmeiras permanently.,390,52,381,36,334,32,400,52,,,,,,,0.0,0.0,0.0,0.0,0.0,0.0,643,67,398,52,398,52,406,59,0.0,0.0
Lewis Dobbin,Aston Villa,MID,5.0,0,0,0.0,0.1,0,0,0,0,0,0,0,0,0,0,0,0,0.0,0.0,0.0,0.0,0.0,0,0.0,0.0,889,2339,334,1222,0.0,0.0,0.0,0.0,0.0,0.0,0.0,0.0,0,0,0,0,0,0.0,Has joined Preston North End on loan for the rest of the season.,635,270,635,274,613,262,639,273,,,,,,,0.0,0.0,0.0,0.0,0.0,0.0,288,179,638,275,638,275,559,216,0.0,0.0
Tyrique George,Chelsea,MID,5.0,0,0,0.0,0.1,0,0,0,0,0,0,0,0,0,0,0,0,0.0,0.0,0.0,0.0,0.0,0,0.0,0.0,605,1867,201,849,0.0,0.0,0.0,0.0,0.0,0.0,0.0,0.0,0,0,0,0,0,0.0,,645,278,645,282,626,272,649,281,,,,,,,0.0,0.0,0.0,0.0,0.0,0.0,319,203,649,283,649,283,568,224,0.0,0.0
Roméo Lavia,Chelsea,MID,4.9,0,0,0.0,0.0,0,0,0,0,0,0,0,0,0,0,0,0,0.0,0.0,0.0,0.0,0.0,0,0.0,0.0,71,1364,37,413,-0.1,0.1,-0.1,0.1,0.0,0.0,0.0,0.0,0,0,0,0,0,0.0,Muscle injury - Unknown return date,612,251,606,257,576,242,616,254,,,,,,,0.0,0.0,0.0,0.0,0.0,0.0,358,226,616,258,616,258,654,283,0.0,0.0
Simon Moore,Sunderland,GKP,4.0,0,0,0.0,0.5,0,0,0,0,0,0,0,0,0,0,0,0,0.0,0.0,0.0,0.0,0.0,0,0.0,0.0,3118,5938,1065,2870,0.0,0.0,0.0,0.0,0.0,0.0,0.0,0.0,0,0,0,0,0,0.0,,335,25,325,9,274,5,345,25,,,,,,,0.0,0.0,0.0,0.0,0.0,0.0,580,40,344,25,344,25,251,36,0.0,0.0
Aaron Ramsdale,Newcastle,GKP,5.0,0,0,0.0,0.8,0,0,0,0,0,0,0,0,0,0,0,0,0.0,0.0,0.0,0.0,0.0,0,0.0,0.0,3599,23208,1776,8007,0.0,0.0,0.0,0.0,0.0,0.0,0.0,0.0,0,0,0,0,0,0.0,,628,81,627,77,604,76,632,81,,,,,,,0.0,0.0,0.0,0.0,0.0,0.0,267,13,631,81,631,81,199,28,0.0,0.0
Sean Neave,Newcastle,FWD,4.5,0,0,0.0,0.2,0,0,0,0,0,0,0,0,0,0,0,0,0.0,0.0,0.0,0.0,0.0,0,0.0,0.0,3226,7259,1310,3514,0.0,0.0,0.0,0.0,0.0,0.0,0.0,0.0,0,0,0,0,0,0.0,,575,52,570,52,538,51,580,53,,,,,,,0.0,0.0,0.0,0.0,0.0,0.0,545,74,582,53,582,53,335,53,0.0,0.0
Mykhailo Mudryk,Chelsea,MID,5.0,0,0,0.0,0.0,0,0,0,0,0,0,0,0,0,0,0,0,0.0,0.0,0.0,0.0,0.0,0,0.0,0.0,155,321,50,118,0.0,0.0,0.0,0.0,0.0,0.0,0.0,0.0,0,0,0,0,0,0.0,Suspended - unknown return date,636,271,636,275,615,263,640,274,,,,,,,0.0,0.0,0.0,0.0,0.0,0.0,291,181,639,276,639,276,684,301,0.0,0.0
Alexander Isak,Newcastle,FWD,10.4,0,0,0.0,3.5,0,0,0,0,0,0,0,0,0,0,0,0,0.0,0.0,0.0,0.0,0.0,0,0.0,0.0,12529,519110,7052,137584,-0.1,0.1,0.0,0.0,0.0,0.0,0.0,0.0,0,0,0,0,0,0.0,Won’t be considered for selection on 25/8. - Unknown return date,707,75,707,75,707,75,707,75,,,3.0,,2.0,,0.0,0.0,0.0,0.0,0.0,0.0,4,2,706,75,706,75,92,14,0.0,0.0
Joe White,Newcastle,MID,4.5,0,0,0.0,0.0,0,0,0,0,0,0,0,0,0,0,0,0,0.0,0.0,0.0,0.0,0.0,0,0.0,0.0,0,691,0,221,0.0,0.0,0.0,0.0,0.0,0.0,0.0,0.0,0,0,0,0,0,0.0,Has joined Leyton Orient on loan for the rest of the season.,501,180,495,186,462,170,508,183,,,,,,,0.0,0.0,0.0,0.0,0.0,0.0,450,250,510,190,510,190,673,294,0.0,0.0
Dário D.Essugo,Chelsea,MID,4.5,0,0,0.0,0.1,0,0,0,0,0,0,0,0,0,0,0,0,0.0,0.0,0.0,0.0,0.0,0,0.0,0.0,779,1724,259,845,0.0,0.0,0.0,0.0,0.0,0.0,0.0,0.0,0,0,0,0,0,0.0,,510,187,505,193,473,177,517,190,,,,,,,0.0,0.0,0.0,0.0,0.0,0.0,468,259,519,197,519,197,570,225,0.0,0.0
Garang Kuol,Newcastle,MID,4.5,0,0,0.0,0.1,0,0,0,0,0,0,0,0,0,0,0,0,0.0,0.0,0.0,0.0,0.0,0,0.0,0.0,681,1778,307,790,0.0,0.0,0.0,0.0,0.0,0.0,0.0,0.0,0,0,0,0,0,0.0,,553,216,548,222,516,206,558,219,,,,,,,0.0,0.0,0.0,0.0,0.0,0.0,521,290,560,226,560,226,535,194,0.0,0.0
Isaac Hayden,Newcastle,MID,4.5,0,0,0.0,0.0,0,0,0,0,0,0,0,0,0,0,0,0,0.0,0.0,0.0,0.0,0.0,0,0.0,0.0,0,907,0,283,0.0,0.0,0.0,0.0,0.0,0.0,0.0,0.0,0,0,0,0,0,0.0,Has departed the club as a free agent.,469,165,461,171,421,153,477,168,,,,,,,0.0,0.0,0.0,0.0,0.0,0.0,389,233,479,175,479,175,662,288,0.0,0.0
Joe Willock,Newcastle,MID,5.0,0,0,0.0,0.0,0,0,0,0,0,0,0,0,0,0,0,0,0.0,0.0,0.0,0.0,0.0,0,0.0,0.0,491,1507,436,305,0.0,0.0,0.0,0.0,0.0,0.0,0.0,0.0,0,0,0,0,0,0.0,,621,260,619,264,596,252,625,263,,,,,,,0.0,0.0,0.0,0.0,0.0,0.0,249,156,624,265,624,265,605,247,0.0,0.0
Jair Jair Cunha,Nott'm Forest,DEF,4.5,0,0,0.0,0.1,0,0,0,0,0,0,0,0,0,0,0,0,0.0,0.0,0.0,0.0,0.0,0,0.0,0.0,514,2003,203,828,0.0,0.0,0.0,0.0,0.0,0.0,0.0,0.0,0,0,0,0,0,0.0,,561,217,556,216,524,203,566,218,,,,,,,0.0,0.0,0.0,0.0,0.0,0.0,529,134,568,213,568,213,527,198,0.0,0.0
Felipe Morato,Nott'm Forest,DEF,4.5,0,0,0.0,0.1,0,0,0,0,0,0,0,0,0,0,0,0,0.0,0.0,0.0,0.0,0.0,0,0.0,0.0,400,2230,129,902,0.0,0.0,0.0,0.0,0.0,0.0,0.0,0.0,0,0,0,0,0,0.0,,506,211,501,210,468,196,513,212,,,,,,,0.0,0.0,0.0,0.0,0.0,0.0,459,119,515,207,515,207,508,192,0.0,0.0
Omar O.Richards,Nott'm Forest,DEF,4.5,0,0,0.0,0.0,0,0,0,0,0,0,0,0,0,0,0,0,0.0,0.0,0.0,0.0,0.0,0,0.0,0.0,290,1155,101,472,0.0,0.0,0.0,0.0,0.0,0.0,0.0,0.0,0,0,0,0,0,0.0,,476,203,469,202,431,185,483,204,,,,,,,0.0,0.0,0.0,0.0,0.0,0.0,405,91,485,199,485,199,578,209,0.0,0.0
Zach Abbott,Nott'm Forest,DEF,4.0,0,0,0.0,0.2,0,0,0,0,0,0,0,0,0,0,0,0,0.0,0.0,0.0,0.0,0.0,0,0.0,0.0,1204,3891,388,1781,0.0,0.0,0.0,0.0,0.0,0.0,0.0,0.0,0,0,0,0,0,0.0,,420,165,410,164,364,140,429,168,,,,,,,0.0,0.0,0.0,0.0,0.0,0.0,678,211,428,160,428,160,362,129,0.0,0.0
Antonín Kinsky,Spurs,GKP,4.0,0,0,0.0,1.8,0,0,0,0,0,0,0,0,0,0,0,0,0.0,0.0,0.0,0.0,0.0,0,0.0,0.0,4601,27548,1357,15134,0.0,0.0,0.0,0.0,0.0,0.0,0.0,0.0,0,0,0,0,0,0.0,,394,55,385,39,338,35,404,55,,,,,,,0.0,0.0,0.0,0.0,0.0,0.0,649,70,402,55,402,55,136,19,0.0,0.0
Benoît B.Badiashile,Chelsea,DEF,4.4,0,0,0.0,0.0,0,0,0,0,0,0,0,0,0,0,0,0,0.0,0.0,0.0,0.0,0.0,0,0.0,0.0,81,972,32,284,-0.1,0.1,-0.1,0.1,0.0,0.0,0.0,0.0,0,0,0,0,0,0.0,Knock - Unknown return date,453,191,444,191,399,168,461,193,,,,,,,0.0,0.0,0.0,0.0,0.0,0.0,569,145,462,187,462,187,667,225,0.0,0.0
Douglas Luiz Douglas Luiz,Nott'm Forest,MID,5.0,0,0,0.0,0.0,0,0,0,0,0,0,0,0,0,0,0,0,0.0,0.0,0.0,0.0,0.0,0,0.0,0.0,3832,1113,3470,1066,0.0,0.0,0.0,0.0,0.0,0.0,0.0,0.0,0,0,0,0,0,0.0,,629,265,628,269,605,257,633,268,,,,,,,0.0,0.0,0.0,0.0,0.0,0.0,269,169,632,270,632,270,580,229,0.0,0.0
Mamadou M.Sarr,Chelsea,DEF,4.5,0,0,0.0,0.0,0,0,0,0,0,0,0,0,0,0,0,0,0.0,0.0,0.0,0.0,0.0,0,0.0,0.0,0,1324,0,348,0.0,0.0,0.0,0.0,0.0,0.0,0.0,0.0,0,0,0,0,0,0.0,Has joined RC Strasbourg on loan for the rest of the season.,559,216,554,215,522,202,564,217,,,,,,,0.0,0.0,0.0,0.0,0.0,0.0,527,133,566,212,566,212,661,224,0.0,0.0
Angus Gunn,Nott'm Forest,GKP,4.0,0,0,0.0,1.8,0,0,0,0,0,0,0,0,0,0,0,0,0.0,0.0,0.0,0.0,0.0,0,0.0,0.0,12262,17562,4023,9080,0.0,0.0,0.0,0.0,0.0,0.0,0.0,0.0,0,0,0,0,0,0.0,,344,31,334,15,283,11,354,31,,,,,,,0.0,0.0,0.0,0.0,0.0,0.0,589,46,353,31,353,31,135,18,0.0,0.0
Lino Sousa,Aston Villa,DEF,4.0,0,0,0.0,0.3,0,0,0,0,0,0,0,0,0,0,0,0,0.0,0.0,0.0,0.0,0.0,0,0.0,0.0,3719,6581,1576,3107,0.0,0.0,0.0,0.0,0.0,0.0,0.0,0.0,0,0,0,0,0,0.0,,407,153,398,153,351,128,417,157,,,,,,,0.0,0.0,0.0,0.0,0.0,0.0,663,197,415,148,415,148,293,108,0.0,0.0
Taiwo Awoniyi,Nott'm Forest,FWD,5.4,0,0,0.0,0.6,0,0,0,0,0,0,0,0,0,0,0,0,0.0,0.0,0.0,0.0,0.0,0,0.0,0.0,7148,28305,2693,12447,-0.1,0.1,-0.1,0.1,0.0,0.0,0.0,0.0,0,0,0,0,0,0.0,,661,62,660,63,643,62,665,63,,,,,,,0.0,0.0,0.0,0.0,0.0,0.0,194,41,664,63,664,63,231,38,0.0,0.0
Kim Ji-soo,Brentford,DEF,4.0,0,0,0.0,0.2,0,0,0,0,0,0,0,0,0,0,0,0,0.0,0.0,0.0,0.0,0.0,0,0.0,0.0,690,3095,262,1432,0.0,0.0,0.0,0.0,0.0,0.0,0.0,0.0,0,0,0,0,0,0.0,,430,171,420,170,374,146,439,174,,,,,,,0.0,0.0,0.0,0.0,0.0,0.0,688,217,438,166,438,166,414,156,0.0,0.0
Yasin Yasin,Aston Villa,DEF,4.0,0,0,0.0,0.2,0,0,0,0,0,0,0,0,0,0,0,0,0.0,0.0,0.0,0.0,0.0,0,0.0,0.0,2091,4559,893,2046,0.0,0.0,0.0,0.0,0.0,0.0,0.0,0.0,0,0,0,0,0,0.0,,435,175,425,174,379,150,444,178,,,,,,,0.0,0.0,0.0,0.0,0.0,0.0,694,222,443,170,443,170,342,122,0.0,0.0
Marko Stamenic,Nott'm Forest,MID,4.5,0,0,0.0,0.0,0,0,0,0,0,0,0,0,0,0,0,0,0.0,0.0,0.0,0.0,0.0,0,0.0,0.0,245,2884,0,1433,0.0,0.0,0.0,0.0,0.0,0.0,0.0,0.0,0,0,0,0,0,0.0,Has joined Swansea City permanently.,515,191,510,197,478,181,522,194,,,,,,,0.0,0.0,0.0,0.0,0.0,0.0,475,263,524,201,524,201,586,232,0.0,0.0
Eric Da Silva Moreira,Nott'm Forest,MID,4.5,0,0,0.0,0.2,0,0,0,0,0,0,0,0,0,0,0,0,0.0,0.0,0.0,0.0,0.0,0,0.0,0.0,1598,4562,534,2125,0.0,0.0,0.0,0.0,0.0,0.0,0.0,0.0,0,0,0,0,0,0.0,,556,218,551,224,519,208,561,221,,,,,,,0.0,0.0,0.0,0.0,0.0,0.0,524,292,563,228,563,228,412,139,0.0,0.0
Aarón Anselmino,Chelsea,DEF,4.0,0,0,0.0,0.1,0,0,0,0,0,0,0,0,0,0,0,0,0.0,0.0,0.0,0.0,0.0,0,0.0,0.0,863,3177,297,1432,0.0,0.0,0.0,0.0,0.0,0.0,0.0,0.0,0,0,0,0,0,0.0,,446,185,437,185,391,161,455,188,,,,,,,0.0,0.0,0.0,0.0,0.0,0.0,706,233,454,180,454,180,466,177,0.0,0.0
Leon Bailey,Aston Villa,MID,5.5,0,0,0.0,0.2,0,0,0,0,0,0,0,0,0,0,0,0,0.0,0.0,0.0,0.0,0.0,0,0.0,0.0,2168,33627,0,12577,0.0,0.0,0.0,0.0,0.0,0.0,0.0,0.0,0,0,0,0,0,0.0,Has joined AS Roma on loan for the rest of the season.,675,295,679,298,668,292,679,298,8.0,,4.0,,,,0.0,0.0,0.0,0.0,0.0,0.0,144,91,678,299,678,299,356,124,0.0,0.0
Lewis O'Brien,Nott'm Forest,MID,5.0,0,0,0.0,0.0,0,0,0,0,0,0,0,0,0,0,0,0,0.0,0.0,0.0,0.0,0.0,0,0.0,0.0,0,73,0,17,0.0,0.0,0.0,0.0,0.0,0.0,0.0,0.0,0,0,0,0,0,0.0,Has joined Wrexham permanently.,630,266,629,270,606,258,634,269,,,,,,,0.0,0.0,0.0,0.0,0.0,0.0,271,171,633,271,633,271,705,314,0.0,0.0
Nicolás Dominguez,Nott'm Forest,MID,5.0,0,0,0.0,0.0,0,0,0,0,0,0,0,0,0,0,0,0,0.0,0.0,0.0,0.0,0.0,0,0.0,0.0,36,57,13,20,0.0,0.0,0.0,0.0,0.0,0.0,0.0,0.0,0,0,0,0,0,0.0,Knee injury - Expected back 04 Oct,631,267,630,271,607,259,635,270,,,,,,,0.0,0.0,0.0,0.0,0.0,0.0,276,174,634,272,634,272,703,312,0.0,0.0
Benjamin Fredrick,Brentford,DEF,4.0,0,0,0.0,0.2,0,0,0,0,0,0,0,0,0,0,0,0,0.0,0.0,0.0,0.0,0.0,0,0.0,0.0,1004,3080,399,1409,0.0,0.0,0.0,0.0,0.0,0.0,0.0,0.0,0,0,0,0,0,0.0,,444,183,435,183,389,159,453,186,,,,,,,0.0,0.0,0.0,0.0,0.0,0.0,704,231,452,178,452,178,403,151,0.0,0.0
Samuel Iling Jr,Aston Villa,MID,5.5,0,0,0.0,0.0,0,0,0,0,0,0,0,0,0,0,0,0,0.0,0.0,0.0,0.0,0.0,0,0.0,0.0,442,1028,263,442,0.0,0.0,0.0,0.0,0.0,0.0,0.0,0.0,0,0,0,0,0,0.0,,679,298,683,301,675,297,683,301,,,,,,,0.0,0.0,0.0,0.0,0.0,0.0,165,104,682,302,682,302,620,258,0.0,0.0
Benjamin Arthur,Brentford,DEF,4.0,0,0,0.0,0.3,0,0,0,0,0,0,0,0,0,0,0,0,0.0,0.0,0.0,0.0,0.0,0,0.0,0.0,2790,5760,1136,2833,0.0,0.0,0.0,0.0,0.0,0.0,0.0,0.0,0,0,0,0,0,0.0,,445,184,436,184,390,160,454,187,,,,,,,0.0,0.0,0.0,0.0,0.0,0.0,705,232,453,179,453,179,311,115,0.0,0.0
Willy Boly,Nott'm Forest,DEF,4.0,0,0,0.0,0.5,0,0,0,0,0,0,0,0,0,0,0,0,0.0,0.0,0.0,0.0,0.0,0,0.0,0.0,3056,9273,983,4332,0.0,0.0,0.0,0.0,0.0,0.0,0.0,0.0,0,0,0,0,0,0.0,,340,117,330,116,279,87,350,121,,,,,,,0.0,0.0,0.0,0.0,0.0,0.0,585,150,349,113,349,113,252,90,0.0,0.0
Brandon Austin,Spurs,GKP,4.0,0,0,0.0,0.3,0,0,0,0,0,0,0,0,0,0,0,0,0.0,0.0,0.0,0.0,0.0,0,0.0,0.0,1182,4053,454,2141,0.0,0.0,0.0,0.0,0.0,0.0,0.0,0.0,0,0,0,0,0,0.0,,358,39,349,23,299,19,368,39,,,,,,,0.0,0.0,0.0,0.0,0.0,0.0,606,54,366,39,366,39,318,48,0.0,0.0
Ben Davies,Spurs,DEF,4.5,0,0,0.0,0.1,0,0,0,0,0,0,0,0,0,0,0,0,0.0,0.0,0.0,0.0,0.0,0,0.0,0.0,753,2814,400,1186,0.0,0.0,0.0,0.0,0.0,0.0,0.0,0.0,0,0,0,0,0,0.0,,467,198,459,198,418,179,475,200,,,,,,,0.0,0.0,0.0,0.0,0.0,0.0,385,78,477,195,477,195,497,189,0.0,0.0
Adrian Mazilu,Brighton,MID,4.5,0,0,0.0,0.0,0,0,0,0,0,0,0,0,0,0,0,0,0.0,0.0,0.0,0.0,0.0,0,0.0,0.0,483,1060,192,460,0.0,0.0,0.0,0.0,0.0,0.0,0.0,0.0,0,0,0,0,0,0.0,,544,210,539,216,508,200,550,213,,,,,,,0.0,0.0,0.0,0.0,0.0,0.0,511,284,552,220,552,220,599,241,0.0,0.0
Joël Veltman,Brighton,DEF,4.4,0,0,0.0,0.2,0,0,0,0,0,0,0,0,0,0,0,0,0.0,0.0,0.0,0.0,0.0,0,0.0,0.0,1134,6939,643,2572,-0.1,0.1,-0.1,0.1,0.0,0.0,0.0,0.0,0,0,0,0,0,0.0,,450,188,441,188,395,164,459,191,,,,,,,0.0,0.0,0.0,0.0,0.0,0.0,564,140,458,183,458,183,363,130,0.0,0.0
Diego Coppola,Brighton,DEF,4.5,0,0,0.0,0.1,0,0,0,0,0,0,0,0,0,0,0,0,0.0,0.0,0.0,0.0,0.0,0,0.0,0.0,330,1950,96,734,0.0,0.0,0.0,0.0,0.0,0.0,0.0,0.0,0,0,0,0,0,0.0,,543,215,538,214,507,201,549,216,,,,,,,0.0,0.0,0.0,0.0,0.0,0.0,510,131,551,211,551,211,537,201,0.0,0.0
Pervis Estupiñan,Brighton,DEF,4.5,0,0,0.0,0.0,0,0,0,0,0,0,0,0,0,0,0,0,0.0,0.0,0.0,0.0,0.0,0,0.0,0.0,0,1364,0,356,0.0,0.0,0.0,0.0,0.0,0.0,0.0,0.0,0,0,0,0,0,0.0,Has joined AC Milan permanently,475,202,468,201,430,184,482,203,,,4.0,,,,0.0,0.0,0.0,0.0,0.0,0.0,404,90,484,198,484,198,655,222,0.0,0.0
Yerson Mosquera,Wolves,DEF,4.5,0,0,0.0,0.1,0,0,0,0,0,0,0,0,0,0,0,0,0.0,0.0,0.0,0.0,0.0,0,0.0,0.0,297,1431,100,629,0.0,0.0,0.0,0.0,0.0,0.0,0.0,0.0,0,0,0,0,0,0.0,,522,213,517,212,485,198,528,214,,,,,,,0.0,0.0,0.0,0.0,0.0,0.0,484,126,530,209,530,209,563,203,0.0,0.0
Ferdi F.Kadıoğlu,Brighton,DEF,4.4,0,0,0.0,0.2,0,0,44,0,1,0,0,0,0,2,0,0,0.0,3.5,0.0,0.3,0.0,0,0.0,0.0,1523,6289,569,2804,-0.1,0.1,-0.1,0.1,0.0,0.0,0.0,0.64,0,0,2,2,2,4.09,,451,189,222,67,397,166,328,113,,,,,,,0.0,0.0,0.0,0.0,1.31,2.05,567,143,460,185,460,185,404,152,0.0,0.0
Matt Doherty,Wolves,DEF,4.5,0,1,0.0,0.2,0,0,180,0,5,0,0,0,0,2,0,0,29.0,7.7,0.0,3.7,0.0,0,0.0,0.0,1483,3606,433,1604,0.0,0.0,0.0,0.0,0.0,0.03,0.03,3.76,2,6,8,8,14,7.0,,120,54,184,53,410,173,187,62,,,,,,,0.0,0.0,0.02,0.02,1.88,2.5,374,69,471,191,471,191,380,138,1.0,0.0
Igor Julio Igor,Brighton,DEF,4.5,0,0,0.0,0.0,0,0,0,0,0,0,0,0,0,0,0,0,0.0,0.0,0.0,0.0,0.0,0,0.0,0.0,520,1148,176,540,0.0,0.0,0.0,0.0,0.0,0.0,0.0,0.0,0,0,0,0,0,0.0,,480,205,473,204,435,187,487,206,,,,,,,0.0,0.0,0.0,0.0,0.0,0.0,415,99,489,201,489,201,571,204,0.0,0.0
Daniel Bentley,Wolves,GKP,4.0,0,0,0.0,0.7,0,0,0,0,0,0,0,0,0,0,0,0,0.0,0.0,0.0,0.0,0.0,0,0.0,0.0,3410,7220,1286,3728,0.0,0.0,0.0,0.0,0.0,0.0,0.0,0.0,0,0,0,0,0,0.0,,336,26,326,10,275,6,346,26,,,,,,,0.0,0.0,0.0,0.0,0.0,0.0,581,41,345,26,345,26,208,30,0.0,0.0
Tariq Lamptey,Brighton,DEF,4.5,0,0,0.0,0.3,0,0,0,0,0,0,0,0,0,0,0,0,0.0,0.0,0.0,0.0,0.0,0,0.0,0.0,2223,10785,664,4548,0.0,0.0,0.0,0.0,0.0,0.0,0.0,0.0,0,0,0,0,0,0.0,,485,208,478,207,442,191,492,209,,,,,,,0.0,0.0,0.0,0.0,0.0,0.0,423,104,494,204,494,204,297,111,0.0,0.0
Sam Johnstone,Wolves,GKP,4.5,0,0,0.0,0.1,0,0,0,0,0,0,0,0,0,0,0,0,0.0,0.0,0.0,0.0,0.0,0,0.0,0.0,764,2269,224,1072,0.0,0.0,0.0,0.0,0.0,0.0,0.0,0.0,0,0,0,0,0,0.0,,463,72,455,57,412,53,471,72,,,,,,,0.0,0.0,0.0,0.0,0.0,0.0,378,20,473,72,473,72,439,66,0.0,0.0
Adam Webster,Brighton,DEF,4.5,0,0,0.0,0.0,0,0,0,0,0,0,0,0,0,0,0,0,0.0,0.0,0.0,0.0,0.0,0,0.0,0.0,110,646,35,207,0.0,0.0,0.0,0.0,0.0,0.0,0.0,0.0,0,0,0,0,0,0.0,Knee injury - Unknown return date,465,196,457,196,416,177,473,198,,,,,,,0.0,0.0,0.0,0.0,0.0,0.0,383,76,475,193,475,193,675,228,0.0,0.0
Maxwel Cornet,West Ham,MID,4.9,0,0,0.0,0.0,0,0,0,0,0,0,0,0,0,0,0,0,0.0,0.0,0.0,0.0,0.0,0,0.0,0.0,148,1119,91,418,-0.1,0.1,-0.1,0.1,0.0,0.0,0.0,0.0,0,0,0,0,0,0.0,,591,240,586,246,554,230,596,243,,,,,,,0.0,0.0,0.0,0.0,0.0,0.0,334,212,596,248,596,248,616,254,0.0,0.0
Eiran Cashin,Brighton,DEF,4.0,0,0,0.0,0.0,0,0,0,0,0,0,0,0,0,0,0,0,0.0,0.0,0.0,0.0,0.0,0,0.0,0.0,0,379,0,105,0.0,0.0,0.0,0.0,0.0,0.0,0.0,0.0,0,0,0,0,0,0.0,Has joined Birmingham on loan for the rest of the season.,374,137,365,137,316,110,384,141,,,,,,,0.0,0.0,0.0,0.0,0.0,0.0,624,175,382,132,382,132,677,229,0.0,0.0
Callum Marshall,West Ham,FWD,4.5,0,0,0.0,0.7,0,0,0,0,0,0,0,0,0,0,0,0,0.0,0.0,0.0,0.0,0.0,0,0.0,0.0,10195,22272,2950,11206,0.0,0.0,0.0,0.0,0.0,0.0,0.0,0.0,0,0,0,0,0,0.0,,554,45,549,45,517,44,559,46,,,,,,,0.0,0.0,0.0,0.0,0.0,0.0,522,67,561,46,561,46,218,35,0.0,0.0
Jacob Slater,Brighton,DEF,4.0,0,0,0.0,0.2,0,0,0,0,0,0,0,0,0,0,0,0,0.0,0.0,0.0,0.0,0.0,0,0.0,0.0,1451,3784,534,1714,0.0,0.0,0.0,0.0,0.0,0.0,0.0,0.0,0,0,0,0,0,0.0,,438,177,428,176,382,152,447,180,,,,,,,0.0,0.0,0.0,0.0,0.0,0.0,697,224,446,172,446,172,376,136,0.0,0.0
Oleksandr Zinchenko,Arsenal,DEF,4.9,0,0,0.0,0.3,0,0,0,0,0,0,0,0,0,0,0,0,0.0,0.0,0.0,0.0,0.0,0,0.0,0.0,4668,13294,1549,6608,-0.1,0.1,-0.1,0.1,0.0,0.0,0.0,0.0,0,0,0,0,0,0.0,,595,219,590,218,559,205,600,220,,,,,,,0.0,0.0,0.0,0.0,0.0,0.0,339,55,599,215,599,215,296,110,0.0,0.0
Charlie Tasker,Brighton,DEF,4.0,0,0,0.0,0.2,0,0,0,0,0,0,0,0,0,0,0,0,0.0,0.0,0.0,0.0,0.0,0,0.0,0.0,952,3010,325,1270,0.0,0.0,0.0,0.0,0.0,0.0,0.0,0.0,0,0,0,0,0,0.0,,418,163,408,162,362,138,427,166,,,,,,,0.0,0.0,0.0,0.0,0.0,0.0,676,209,426,158,426,158,423,161,0.0,0.0
Lewis Orford,West Ham,MID,4.5,0,0,0.0,0.1,0,0,0,0,0,0,0,0,0,0,0,0,0.0,0.0,0.0,0.0,0.0,0,0.0,0.0,790,3599,229,1529,0.0,0.0,0.0,0.0,0.0,0.0,0.0,0.0,0,0,0,0,0,0.0,,528,199,523,205,492,189,534,202,,,,,,,0.0,0.0,0.0,0.0,0.0,0.0,492,271,536,209,536,209,456,154,0.0,0.0
Paris Maghoma,Brentford,MID,4.5,0,0,0.0,0.0,0,0,0,0,0,0,0,0,0,0,0,0,0.0,0.0,0.0,0.0,0.0,0,0.0,0.0,95,1135,30,351,0.0,0.0,0.0,0.0,0.0,0.0,0.0,0.0,0,0,0,0,0,0.0,Lack of match fitness - 25% chance of playing,479,168,472,174,434,156,486,171,,,,,,,0.0,0.0,0.0,0.0,0.0,0.0,412,236,488,178,488,178,646,278,0.0,0.0
George Earthy,West Ham,MID,4.5,0,0,0.0,0.1,0,0,0,0,0,0,0,0,0,0,0,0,0.0,0.0,0.0,0.0,0.0,0,0.0,0.0,418,2653,288,649,0.0,0.0,0.0,0.0,0.0,0.0,0.0,0.0,0,0,0,0,0,0.0,,509,186,504,192,472,176,516,189,,,,,,,0.0,0.0,0.0,0.0,0.0,0.0,467,258,518,196,518,196,538,196,0.0,0.0
Luis Guilherme L.Guilherme,West Ham,MID,5.0,0,0,0.0,0.0,0,0,0,0,0,0,0,0,0,0,0,0,0.0,0.0,0.0,0.0,0.0,0,0.0,0.0,61,1355,23,632,0.0,0.0,0.0,0.0,0.0,0.0,0.0,0.0,0,0,0,0,0,0.0,Shoulder injury - Unknown return date,648,280,648,284,629,274,652,283,,,,,,,0.0,0.0,0.0,0.0,0.0,0.0,322,205,652,285,652,285,637,273,0.0,0.0
Olivier Boscagli,Brighton,DEF,4.5,0,0,0.0,0.1,0,0,0,0,0,0,0,0,0,0,0,0,0.0,0.0,0.0,0.0,0.0,0,0.0,0.0,1039,3666,335,1507,0.0,0.0,0.0,0.0,0.0,0.0,0.0,0.0,0,0,0,0,0,0.0,,474,201,467,200,429,183,481,202,,,,,,,0.0,0.0,0.0,0.0,0.0,0.0,403,89,483,197,483,197,484,183,0.0,0.0
Bastien Meupiyou,Wolves,DEF,4.0,0,0,0.0,0.0,0,0,0,0,0,0,0,0,0,0,0,0,0.0,0.0,0.0,0.0,0.0,0,0.0,0.0,0,361,0,135,0.0,0.0,0.0,0.0,0.0,0.0,0.0,0.0,0,0,0,0,0,0.0,On loan to FC Alverca,425,168,415,167,369,143,434,171,,,,,,,0.0,0.0,0.0,0.0,0.0,0.0,683,214,433,163,433,163,668,226,0.0,0.0
Pedro Pedro Lima,Wolves,DEF,4.0,0,0,0.0,1.0,0,0,0,0,0,0,0,0,0,0,0,0,0.0,0.0,0.0,0.0,0.0,0,0.0,0.0,6823,18220,2034,9122,0.0,0.0,0.0,0.0,0.0,0.0,0.0,0.0,0,0,0,0,0,0.0,,447,186,438,186,392,162,456,189,,,,,,,0.0,0.0,0.0,0.0,0.0,0.0,707,234,455,181,455,181,186,70,0.0,0.0
Alfie Pond,Wolves,DEF,4.0,0,0,0.0,1.3,0,0,0,0,0,0,0,0,0,0,0,0,0.0,0.0,0.0,0.0,0.0,0,0.0,0.0,8396,24090,2253,12058,0.0,0.0,0.0,0.0,0.0,0.0,0.0,0.0,0,0,0,0,0,0.0,,411,157,401,156,354,131,420,160,,,,,,,0.0,0.0,0.0,0.0,0.0,0.0,667,201,419,152,419,152,162,61,0.0,0.0
Myles Peart-Harris,Brentford,MID,4.5,0,0,0.0,0.0,0,0,0,0,0,0,0,0,0,0,0,0,0.0,0.0,0.0,0.0,0.0,0,0.0,0.0,546,1132,197,547,0.0,0.0,0.0,0.0,0.0,0.0,0.0,0.0,0,0,0,0,0,0.0,,496,176,489,182,456,166,503,179,,,,,,,0.0,0.0,0.0,0.0,0.0,0.0,444,246,505,186,505,186,595,237,0.0,0.0
Iwan Morgan,Brentford,FWD,4.5,0,0,0.0,0.4,0,0,0,0,0,0,0,0,0,0,0,0,0.0,0.0,0.0,0.0,0.0,0,0.0,0.0,6061,13342,1800,6965,0.0,0.0,0.0,0.0,0.0,0.0,0.0,0.0,0,0,0,0,0,0.0,,533,40,528,40,497,40,539,42,,,,,,,0.0,0.0,0.0,0.0,0.0,0.0,499,62,541,42,541,42,268,45,0.0,0.0
Nathan Fraser,Wolves,FWD,4.5,0,0,0.0,2.3,0,0,0,0,0,0,0,0,0,0,0,0,0.0,0.0,0.0,0.0,0.0,0,0.0,0.0,38926,69125,11884,38486,0.0,0.0,0.0,0.0,0.0,0.0,0.0,0.0,0,0,0,0,0,0.0,,531,39,526,39,495,39,537,41,,,,,,,0.0,0.0,0.0,0.0,0.0,0.0,496,61,539,41,539,41,115,20,0.0,0.0
Leon Chiwome,Wolves,FWD,4.5,0,0,0.0,0.0,0,0,0,0,0,0,0,0,0,0,0,0,0.0,0.0,0.0,0.0,0.0,0,0.0,0.0,1439,1953,371,897,0.0,0.0,0.0,0.0,0.0,0.0,0.0,0.0,0,0,0,0,0,0.0,Knee injury - Unknown return date,568,49,563,49,531,48,573,50,,,,,,,0.0,0.0,0.0,0.0,0.0,0.0,537,71,575,50,575,50,583,68,0.0,0.0
Saša Kalajdžić,Wolves,FWD,5.0,0,0,0.0,0.1,0,0,0,0,0,0,0,0,0,0,0,0,0.0,0.0,0.0,0.0,0.0,0,0.0,0.0,706,3328,235,1494,0.0,0.0,0.0,0.0,0.0,0.0,0.0,0.0,0,0,0,0,0,0.0,,633,57,632,58,609,57,637,58,,,,,,,0.0,0.0,0.0,0.0,0.0,0.0,279,47,636,58,636,58,490,65,0.0,0.0
Fábio Fábio Silva,Wolves,FWD,4.9,0,0,0.0,0.5,0,0,0,0,0,0,0,0,0,0,0,0,0.0,0.0,0.0,0.0,0.0,0,0.0,0.0,5685,18602,1868,9026,-0.1,0.1,-0.1,0.1,0.0,0.0,0.0,0.0,0,0,0,0,0,0.0,,607,55,602,55,571,54,612,56,,,,,,,0.0,0.0,0.0,0.0,0.0,0.0,352,53,611,56,611,56,248,42,0.0,0.0
Karl Hein,Arsenal,GKP,4.0,0,0,0.0,0.5,0,0,0,0,0,0,0,0,0,0,0,0,0.0,0.0,0.0,0.0,0.0,0,0.0,0.0,5545,12450,1710,7294,0.0,0.0,0.0,0.0,0.0,0.0,0.0,0.0,0,0,0,0,0,0.0,Has joined Werder Bremen on loan for the rest of the season.,385,49,376,33,327,29,395,49,,,,,,,0.0,0.0,0.0,0.0,0.0,0.0,636,64,393,49,393,49,239,33,0.0,0.0
Joe Hodge,Wolves,MID,4.5,0,0,0.0,0.1,0,0,0,0,0,0,0,0,0,0,0,0,0.0,0.0,0.0,0.0,0.0,0,0.0,0.0,0,2628,0,971,0.0,0.0,0.0,0.0,0.0,0.0,0.0,0.0,0,0,0,0,0,0.0,Signed by CD Tondela,486,169,479,175,443,158,493,172,,,,,,,0.0,0.0,0.0,0.0,0.0,0.0,426,238,495,179,495,179,558,215,0.0,0.0
Enso Gonzalez,Wolves,MID,4.5,0,0,0.0,1.3,0,0,0,0,0,0,0,0,0,0,0,0,0.0,0.0,0.0,0.0,0.0,0,0.0,0.0,9239,35982,2535,16343,0.0,0.0,0.0,0.0,0.0,0.0,0.0,0.0,0,0,0,0,0,0.0,,572,227,567,233,535,217,577,230,,,,,,,0.0,0.0,0.0,0.0,0.0,0.0,541,302,579,237,579,237,164,53,0.0,0.0
Tom Edozie,Wolves,MID,4.5,0,0,0.0,0.3,0,0,0,0,0,0,0,0,0,0,0,0,0.0,0.0,0.0,0.0,0.0,0,0.0,0.0,2089,9078,459,4036,0.0,0.0,0.0,0.0,0.0,0.0,0.0,0.0,0,0,0,0,0,0.0,,574,228,569,234,537,218,579,231,,,,,,,0.0,0.0,0.0,0.0,0.0,0.0,543,303,581,238,581,238,299,97,0.0,0.0
Tawanda Chirewa,Wolves,MID,4.5,0,0,0.0,0.3,0,0,0,0,0,0,0,0,0,0,0,0,0.0,0.0,0.0,0.0,0.0,0,0.0,0.0,1826,7813,506,3514,0.0,0.0,0.0,0.0,0.0,0.0,0.0,0.0,0,0,0,0,0,0.0,,517,193,512,199,480,183,524,196,,,,,,,0.0,0.0,0.0,0.0,0.0,0.0,477,265,526,203,526,203,320,104,0.0,0.0
Boubacar B.Traore,Wolves,MID,5.0,0,0,0.0,0.0,0,0,0,0,0,0,0,0,0,0,0,0,0.0,0.0,0.0,0.0,0.0,0,0.0,0.0,0,114,0,32,0.0,0.0,0.0,0.0,0.0,0.0,0.0,0.0,0,0,0,0,0,0.0,Has joined FC Metz on loan for the rest of the season.,637,272,637,276,616,264,641,275,,,,,,,0.0,0.0,0.0,0.0,0.0,0.0,295,185,640,277,640,277,704,313,0.0,0.0
Tommy Setford,Arsenal,GKP,4.0,0,0,0.0,0.2,0,0,0,0,0,0,0,0,0,0,0,0,0.0,0.0,0.0,0.0,0.0,0,0.0,0.0,2353,3004,1371,1489,0.0,0.0,0.0,0.0,0.0,0.0,0.0,0.0,0,0,0,0,0,0.0,,423,63,413,47,367,43,432,63,,,,,,,0.0,0.0,0.0,0.0,0.0,0.0,681,78,431,63,431,63,397,57,0.0,0.0
Gonçalo Manuel Guedes,Wolves,MID,5.5,0,0,0.0,0.0,0,0,0,0,0,0,0,0,0,0,0,0,0.0,0.0,0.0,0.0,0.0,0,0.0,0.0,0,571,0,135,0.0,0.0,0.0,0.0,0.0,0.0,0.0,0.0,0,0,0,0,0,0.0,Has joined Real Sociedad permanently.,673,293,677,296,665,290,677,296,,,,,,,0.0,0.0,0.0,0.0,0.0,0.0,136,85,676,297,676,297,691,307,0.0,0.0
Jason Steele,Brighton,GKP,4.5,0,0,0.0,0.4,0,0,0,0,0,0,0,0,0,0,0,0,0.0,0.0,0.0,0.0,0.0,0,0.0,0.0,1883,10304,530,4079,0.0,0.0,0.0,0.0,0.0,0.0,0.0,0.0,0,0,0,0,0,0.0,,459,70,450,54,406,50,467,70,,,,,,,0.0,0.0,0.0,0.0,0.0,0.0,367,17,468,70,468,70,269,39,0.0,0.0
Tom McGill,Brighton,GKP,4.0,0,0,0.0,0.4,0,0,0,0,0,0,0,0,0,0,0,0,0.0,0.0,0.0,0.0,0.0,0,0.0,0.0,3383,4711,1267,2377,0.0,0.0,0.0,0.0,0.0,0.0,0.0,0.0,0,0,0,0,0,0.0,,357,38,348,22,297,18,367,38,,,,,,,0.0,0.0,0.0,0.0,0.0,0.0,604,53,365,38,365,38,276,42,0.0,0.0
Carl Rushworth,Brighton,GKP,4.0,0,0,0.0,0.0,0,0,0,0,0,0,0,0,0,0,0,0,0.0,0.0,0.0,0.0,0.0,0,0.0,0.0,0,94,0,22,0.0,0.0,0.0,0.0,0.0,0.0,0.0,0.0,0,0,0,0,0,0.0,Has joined Coventry City on loan for the rest of the season.,388,51,379,35,332,31,398,51,,,,,,,0.0,0.0,0.0,0.0,0.0,0.0,641,66,396,51,396,51,698,80,0.0,0.0
Jakub Kiwior,Arsenal,DEF,5.4,0,0,0.0,0.1,0,0,0,0,0,0,0,0,0,0,0,0,0.0,0.0,0.0,0.0,0.0,0,0.0,0.0,844,4102,447,1951,-0.1,0.1,-0.1,0.1,0.0,0.0,0.0,0.0,0,0,0,0,0,0.0,,665,232,664,230,647,222,669,232,,,,,,,0.0,0.0,0.0,0.0,0.0,0.0,202,26,668,230,668,230,477,179,0.0,0.0
Kjell Scherpen,Brighton,GKP,4.0,0,0,0.0,0.0,0,0,0,0,0,0,0,0,0,0,0,0,0.0,0.0,0.0,0.0,0.0,0,0.0,0.0,0,95,0,29,0.0,0.0,0.0,0.0,0.0,0.0,0.0,0.0,0,0,0,0,0,0.0,Has joined Union SG permanently,367,42,358,26,308,22,377,42,,,,,,,0.0,0.0,0.0,0.0,0.0,0.0,615,57,375,42,375,42,699,81,0.0,0.0
Yunus Emre Konak,Brentford,MID,4.5,0,0,0.0,0.2,0,0,0,0,0,0,0,0,0,0,0,0,0.0,0.0,0.0,0.0,0.0,0,0.0,0.0,851,4118,337,1917,0.0,0.0,0.0,0.0,0.0,0.0,0.0,0.0,0,0,0,0,0,0.0,,585,237,580,243,548,227,590,240,,,,,,,0.0,0.0,0.0,0.0,0.0,0.0,559,314,590,245,590,245,418,142,0.0,0.0
Edson Álvarez,West Ham,MID,4.9,0,0,0.0,0.1,0,0,0,0,0,0,0,0,0,0,0,0,0.0,0.0,0.0,0.0,0.0,0,0.0,0.0,1147,7366,610,3749,-0.1,0.1,-0.1,0.1,0.0,0.0,0.0,0.0,0,0,0,0,0,0.0,Has joined Fenerbahçe on loan for the rest of the season.,596,244,591,250,560,235,601,247,,,,,,,0.0,0.0,0.0,0.0,0.0,0.0,340,217,600,251,600,251,455,153,0.0,0.0
Albert Sambi,Arsenal,MID,4.5,0,0,0.0,0.1,0,0,0,0,0,0,0,0,0,0,0,0,0.0,0.0,0.0,0.0,0.0,0,0.0,0.0,2399,4682,788,2235,0.0,0.0,0.0,0.0,0.0,0.0,0.0,0.0,0,0,0,0,0,0.0,,489,170,482,176,448,160,496,173,,,,,,,0.0,0.0,0.0,0.0,0.0,0.0,434,240,498,180,498,180,451,151,0.0,0.0
Malick Yalcouye,Brighton,MID,5.0,0,0,0.0,0.0,0,0,0,0,0,0,0,0,0,0,0,0,0.0,0.0,0.0,0.0,0.0,0,0.0,0.0,0,857,0,168,0.0,0.0,0.0,0.0,0.0,0.0,0.0,0.0,0,0,0,0,0,0.0,Has joined Swansea City on loan for the rest of the season.,650,282,650,286,631,276,654,285,,,,,,,0.0,0.0,0.0,0.0,0.0,0.0,325,208,654,287,654,287,676,296,0.0,0.0
Bryan Bryan,Spurs,MID,4.9,0,0,0.0,0.0,0,0,0,0,0,0,0,0,0,0,0,0,0.0,0.0,0.0,0.0,0.0,0,0.0,0.0,283,1525,153,593,-0.1,0.1,-0.1,0.1,0.0,0.0,0.0,0.0,0,0,0,0,0,0.0,,605,248,600,254,569,239,610,251,,,,,,,0.0,0.0,0.0,0.0,0.0,0.0,350,222,609,255,609,255,577,227,0.0,0.0
Manor Solomon,Spurs,MID,5.4,0,0,0.0,0.0,0,0,0,0,0,0,0,0,0,0,0,0,0.0,0.0,0.0,0.0,0.0,0,0.0,0.0,48,768,20,219,-0.1,0.1,-0.1,0.1,0.0,0.0,0.0,0.0,0,0,0,0,0,0.0,Calf injury - 50% chance of playing,664,289,663,292,646,284,668,292,,,,,,,0.0,0.0,0.0,0.0,0.0,0.0,199,129,667,293,667,293,665,290,0.0,0.0
Yves Bissouma,Spurs,MID,5.4,0,0,0.0,0.1,0,0,0,0,0,0,0,0,0,0,0,0,0.0,0.0,0.0,0.0,0.0,0,0.0,0.0,684,8069,41,4108,-0.1,0.1,0.0,0.0,0.0,0.0,0.0,0.0,0,0,0,0,0,0.0,Knock - Unknown return date,663,288,662,291,645,283,667,291,,,,,,,0.0,0.0,0.0,0.0,0.0,0.0,197,127,666,292,666,292,510,178,0.0,0.0
Jeremy Sarmiento,Brighton,MID,4.9,0,0,0.0,0.0,0,0,0,0,0,0,0,0,0,0,0,0,0.0,0.0,0.0,0.0,0.0,0,0.0,0.0,106,1014,48,385,-0.1,0.1,-0.1,0.1,0.0,0.0,0.0,0.0,0,0,0,0,0,0.0,,606,249,601,255,570,240,611,252,,,,,,,0.0,0.0,0.0,0.0,0.0,0.0,351,223,610,256,610,256,618,256,0.0,0.0
Fábio Fábio Vieira,Arsenal,MID,5.5,0,0,0.0,0.0,0,0,0,0,0,0,0,0,0,0,0,0,0.0,0.0,0.0,0.0,0.0,0,0.0,0.0,770,1780,276,772,0.0,0.0,0.0,0.0,0.0,0.0,0.0,0.0,0,0,0,0,0,0.0,,676,296,680,299,672,295,680,299,,,,,,,0.0,0.0,0.0,0.0,0.0,0.0,158,99,679,300,679,300,590,234,0.0,0.0
Tom Watson,Brighton,MID,5.0,0,0,0.0,0.0,0,0,0,0,0,0,0,0,0,0,0,0,0.0,0.0,0.0,0.0,0.0,0,0.0,0.0,203,755,74,345,0.0,0.0,0.0,0.0,0.0,0.0,0.0,0.0,0,0,0,0,0,0.0,,644,277,644,281,625,271,648,280,,,,,,,0.0,0.0,0.0,0.0,0.0,0.0,317,201,648,282,648,282,626,264,0.0,0.0
Dejan Kulusevski,Spurs,MID,6.5,0,0,0.0,0.0,0,0,0,0,0,0,0,0,0,0,0,0,0.0,0.0,0.0,0.0,0.0,0,0.0,0.0,159,786,56,296,0.0,0.0,0.0,0.0,0.0,0.0,0.0,0.0,0,0,0,0,0,0.0,Knee injury - Unknown return date,697,310,698,311,698,311,698,311,,,,,,,0.0,0.0,0.0,0.0,0.0,0.0,59,42,697,311,697,311,658,285,0.0,0.0
Christian Nørgaard,Arsenal,MID,5.4,0,0,0.0,0.3,0,0,0,0,0,0,0,0,0,0,0,0,0.0,0.0,0.0,0.0,0.0,0,0.0,0.0,1183,34585,58,14153,-0.1,0.1,-0.1,0.1,0.0,0.0,0.0,0.0,0,0,0,0,0,0.0,Knock - Expected back 13 Sep,657,285,657,289,638,279,661,288,,,,,,,0.0,0.0,0.0,0.0,0.0,0.0,186,119,661,290,661,290,312,101,0.0,0.0
James Maddison,Spurs,MID,6.9,0,0,0.0,0.2,0,0,0,0,0,0,0,0,0,0,0,0,0.0,0.0,0.0,0.0,0.0,0,0.0,0.0,280,15946,146,3745,-0.1,0.1,-0.1,0.1,0.0,0.0,0.0,0.0,0,0,0,0,0,0.0,Anterior cruciate ligament - Unknown return date,700,311,701,312,701,312,701,312,4.0,,1.0,,,,0.0,0.0,0.0,0.0,0.0,0.0,42,28,700,312,700,312,379,130,0.0,0.0
Son Son,Spurs,MID,8.5,0,0,0.0,0.2,0,0,0,0,0,0,0,0,0,0,0,0,0.0,0.0,0.0,0.0,0.0,0,0.0,0.0,0,20563,0,3777,0.0,0.0,0.0,0.0,0.0,0.0,0.0,0.0,0,0,0,0,0,0.0,Has joined Los Angeles FC permanently.,706,316,706,316,706,316,706,316,,,,,,,0.0,0.0,0.0,0.0,0.0,0.0,10,5,705,316,705,316,382,131,0.0,0.0
Crysencio Summerville,West Ham,MID,5.5,0,0,0.0,0.0,0,0,0,0,0,0,0,0,0,0,0,0,0.0,0.0,0.0,0.0,0.0,0,0.0,0.0,104,403,47,134,0.0,0.0,0.0,0.0,0.0,0.0,0.0,0.0,0,0,0,0,0,0.0,Hamstring injury - Unknown return date,678,297,682,300,674,296,682,300,,,,,,,0.0,0.0,0.0,0.0,0.0,0.0,164,103,681,301,681,301,685,302,0.0,0.0
Luka Vuskovic,Spurs,DEF,4.0,0,0,0.0,0.9,0,0,0,0,0,0,0,0,0,0,0,0,0.0,0.0,0.0,0.0,0.0,0,0.0,0.0,4697,24437,1420,12384,0.0,0.0,0.0,0.0,0.0,0.0,0.0,0.0,0,0,0,0,0,0.0,,442,181,433,181,387,157,451,184,,,,,,,0.0,0.0,0.0,0.0,0.0,0.0,702,229,450,176,450,176,189,72,0.0,0.0
Takai Takai,Spurs,DEF,4.0,0,0,0.0,0.1,0,0,0,0,0,0,0,0,0,0,0,0,0.0,0.0,0.0,0.0,0.0,0,0.0,0.0,160,3750,45,1440,0.0,0.0,0.0,0.0,0.0,0.0,0.0,0.0,0,0,0,0,0,0.0,Foot injury - Unknown return date,424,167,414,166,368,142,433,170,,,,,,,0.0,0.0,0.0,0.0,0.0,0.0,682,213,432,162,432,162,509,193,0.0,0.0
Ashley Phillips,Spurs,DEF,4.0,0,0,0.0,0.0,0,0,0,0,0,0,0,0,0,0,0,0,0.0,0.0,0.0,0.0,0.0,0,0.0,0.0,0,1047,0,337,0.0,0.0,0.0,0.0,0.0,0.0,0.0,0.0,0,0,0,0,0,0.0,Has joined Stoke City on loan for the rest of the season.,419,164,409,163,363,139,428,167,,,,,,,0.0,0.0,0.0,0.0,0.0,0.0,677,210,427,159,427,159,642,219,0.0,0.0
Reiss Nelson,Arsenal,MID,5.0,0,0,0.0,0.1,0,0,0,0,0,0,0,0,0,0,0,0,0.0,0.0,0.0,0.0,0.0,0,0.0,0.0,2279,5333,806,2413,0.0,0.0,0.0,0.0,0.0,0.0,0.0,0.0,0,0,0,0,0,0.0,,622,261,620,265,597,253,626,264,,,,,,,0.0,0.0,0.0,0.0,0.0,0.0,250,157,625,266,625,266,459,155,0.0,0.0
Destiny Udogie,Spurs,DEF,4.4,0,0,0.0,0.4,0,0,0,0,0,0,0,0,0,0,0,0,0.0,0.0,0.0,0.0,0.0,0,0.0,0.0,1711,40615,1359,10264,-0.1,0.1,-0.1,0.1,0.0,0.0,0.0,0.0,0,0,0,0,0,0.0,Knee injury - 50% chance of playing,455,192,446,192,402,170,463,194,,,,,,,0.0,0.0,0.0,0.0,0.0,0.0,572,147,464,188,464,188,259,96,0.0,0.0
Ismeal Kabia,Arsenal,MID,4.5,0,0,0.0,0.3,0,0,0,0,0,0,0,0,0,0,0,0,0.0,0.0,0.0,0.0,0.0,0,0.0,0.0,5595,10088,1885,4743,0.0,0.0,0.0,0.0,0.0,0.0,0.0,0.0,0,0,0,0,0,0.0,,567,224,562,230,530,214,572,227,,,,,,,0.0,0.0,0.0,0.0,0.0,0.0,536,299,574,234,574,234,319,103,0.0,0.0
Radu Dragusin,Spurs,DEF,4.5,0,0,0.0,0.0,0,0,0,0,0,0,0,0,0,0,0,0,0.0,0.0,0.0,0.0,0.0,0,0.0,0.0,84,185,30,70,0.0,0.0,0.0,0.0,0.0,0.0,0.0,0.0,0,0,0,0,0,0.0,Knee injury - Unknown return date,513,212,508,211,476,197,520,213,,,,,,,0.0,0.0,0.0,0.0,0.0,0.0,472,123,522,208,522,208,693,233,0.0,0.0
Ben Broggio,Aston Villa,MID,4.5,0,0,0.0,0.3,0,0,0,0,0,0,0,0,0,0,0,0,0.0,0.0,0.0,0.0,0.0,0,0.0,0.0,5800,8831,2477,4412,0.0,0.0,0.0,0.0,0.0,0.0,0.0,0.0,0,0,0,0,0,0.0,,565,222,560,228,528,212,570,225,,,,,,,0.0,0.0,0.0,0.0,0.0,0.0,534,297,572,232,572,232,303,98,0.0,0.0
Joe Knight,Brighton,MID,4.5,0,0,0.0,0.1,0,0,0,0,0,0,0,0,0,0,0,0,0.0,0.0,0.0,0.0,0.0,0,0.0,0.0,1211,2294,466,1055,0.0,0.0,0.0,0.0,0.0,0.0,0.0,0.0,0,0,0,0,0,0.0,,555,217,550,223,518,207,560,220,,,,,,,0.0,0.0,0.0,0.0,0.0,0.0,523,291,562,227,562,227,512,180,0.0,0.0
Mikey Moore,Spurs,MID,5.0,0,0,0.0,0.0,0,0,0,0,0,0,0,0,0,0,0,0,0.0,0.0,0.0,0.0,0.0,0,0.0,0.0,0,462,0,114,0.0,0.0,0.0,0.0,0.0,0.0,0.0,0.0,0,0,0,0,0,0.0,Has joined Rangers on loan for the rest of the season.,643,276,643,280,624,270,647,279,,,,,,,0.0,0.0,0.0,0.0,0.0,0.0,308,193,647,281,647,281,690,306,0.0,0.0
Facundo Buonanotte,Brighton,MID,4.9,0,0,0.0,0.2,0,0,0,0,0,0,0,0,0,0,0,0,0.0,0.0,0.0,0.0,0.0,0,0.0,0.0,1442,6956,1218,2779,-0.1,0.1,-0.1,0.1,0.0,0.0,0.0,0.0,0,0,0,0,0,0.0,,614,253,608,259,578,244,618,256,,,,,,,0.0,0.0,0.0,0.0,0.0,0.0,360,228,618,260,618,260,419,143,0.0,0.0
Yang Min-hyeok,Spurs,MID,4.5,0,0,0.0,0.0,0,0,0,0,0,0,0,0,0,0,0,0,0.0,0.0,0.0,0.0,0.0,0,0.0,0.0,0,1653,0,505,0.0,0.0,0.0,0.0,0.0,0.0,0.0,0.0,0,0,0,0,0,0.0,Has joined Portsmouth on loan for the rest of the season.,583,235,578,241,546,225,588,238,,,,,,,0.0,0.0,0.0,0.0,0.0,0.0,557,312,588,243,588,243,639,274,0.0,0.0
Callum Olusesi,Spurs,MID,4.5,0,0,0.0,0.2,0,0,0,0,0,0,0,0,0,0,0,0,0.0,0.0,0.0,0.0,0.0,0,0.0,0.0,1781,5518,710,2528,0.0,0.0,0.0,0.0,0.0,0.0,0.0,0.0,0,0,0,0,0,0.0,,519,194,514,200,482,184,525,197,,,,,,,0.0,0.0,0.0,0.0,0.0,0.0,481,266,527,204,527,204,383,132,0.0,0.0
Brayden Clarke,Arsenal,DEF,4.0,0,0,0.0,0.6,0,0,0,0,0,0,0,0,0,0,0,0,0.0,0.0,0.0,0.0,0.0,0,0.0,0.0,9699,16206,3457,7988,0.0,0.0,0.0,0.0,0.0,0.0,0.0,0.0,0,0,0,0,0,0.0,,426,169,416,168,370,144,435,172,,,,,,,0.0,0.0,0.0,0.0,0.0,0.0,684,215,434,164,434,164,235,86,0.0,0.0
Solly March,Brighton,MID,5.9,0,0,0.0,0.0,0,0,0,0,0,0,0,0,0,0,0,0,0.0,0.0,0.0,0.0,0.0,0,0.0,0.0,72,1357,24,350,-0.1,0.1,0.0,0.0,0.0,0.0,0.0,0.0,0,0,0,0,0,0.0,Knee injury - Unknown return date,683,301,686,303,682,301,686,303,4.0,,,,,,0.0,0.0,0.0,0.0,0.0,0.0,100,66,685,304,685,304,666,291,0.0,0.0
Maldini Kacurri,Arsenal,DEF,4.0,0,0,0.0,0.2,0,0,0,0,0,0,0,0,0,0,0,0,0.0,0.0,0.0,0.0,0.0,0,0.0,0.0,2189,5036,727,2257,0.0,0.0,0.0,0.0,0.0,0.0,0.0,0.0,0,0,0,0,0,0.0,,437,176,427,175,381,151,446,179,,,,,,,0.0,0.0,0.0,0.0,0.0,0.0,696,223,445,171,445,171,390,143,0.0,0.0
Kaelan Casey,West Ham,DEF,4.0,0,0,0.0,0.1,0,0,0,0,0,0,0,0,0,0,0,0,0.0,0.0,0.0,0.0,0.0,0,0.0,0.0,0,5702,0,1971,0.0,0.0,0.0,0.0,0.0,0.0,0.0,0.0,0,0,0,0,0,0.0,Has joined Swansea City on loan for the rest of the season.,412,158,402,157,355,132,421,161,,,,,,,0.0,0.0,0.0,0.0,0.0,0.0,668,202,420,153,420,153,444,167,0.0,0.0
Romelle Donovan,Brentford,MID,4.5,0,0,0.0,0.1,0,0,0,0,0,0,0,0,0,0,0,0,0.0,0.0,0.0,0.0,0.0,0,0.0,0.0,1726,3041,645,1446,0.0,0.0,0.0,0.0,0.0,0.0,0.0,0.0,0,0,0,0,0,0.0,,576,229,571,235,539,219,581,232,,,,,,,0.0,0.0,0.0,0.0,0.0,0.0,546,304,583,239,583,239,481,164,0.0,0.0
Julio Enciso,Brighton,MID,5.4,0,0,0.0,0.0,0,0,0,0,0,0,0,0,0,0,0,0,0.0,0.0,0.0,0.0,0.0,0,0.0,0.0,85,1941,37,504,-0.1,0.1,-0.1,0.1,0.0,0.0,0.0,0.0,0,0,0,0,0,0.0,Knee injury - Expected back 18 Oct,666,290,665,293,650,286,670,293,,,,,,,0.0,0.0,0.0,0.0,0.0,0.0,205,132,669,294,669,294,650,281,0.0,0.0
Ollie Scarles,West Ham,DEF,4.5,0,0,0.0,0.0,0,0,0,0,0,0,0,0,0,0,0,0,0.0,0.0,0.0,0.0,0.0,0,0.0,0.0,122,921,59,353,0.0,0.0,0.0,0.0,0.0,0.0,0.0,0.0,0,0,0,0,0,0.0,,535,214,530,213,499,200,541,215,,,,,,,0.0,0.0,0.0,0.0,0.0,0.0,501,130,543,210,543,210,612,214,0.0,0.0
Konstantinos Mavropanos,West Ham,DEF,4.4,0,0,0.0,0.0,0,0,0,0,0,0,0,0,0,0,0,0,0.0,0.0,0.0,0.0,0.0,0,0.0,0.0,192,1555,75,592,-0.1,0.1,-0.1,0.1,0.0,0.0,0.0,0.0,0,0,0,0,0,0.0,,452,190,443,190,398,167,460,192,,,,,,,0.0,0.0,0.0,0.0,0.0,0.0,568,144,461,186,461,186,573,205,0.0,0.0
Maximilian Kilman,West Ham,DEF,4.4,0,0,0.0,0.2,0,0,180,0,8,0,0,0,0,1,0,0,31.2,16.5,7.0,5.4,0.0,0,0.0,0.0,1636,10522,1239,3749,-0.1,0.1,-0.1,0.1,0.19,0.03,0.22,3.42,2,3,11,3,14,7.0,,111,49,110,28,174,45,133,41,,,,,,,0.1,0.0,0.02,0.12,1.71,4.0,566,142,459,184,459,184,343,123,1.0,0.0
Emerson Emerson,West Ham,DEF,4.4,0,0,0.0,0.2,0,0,0,0,0,0,0,0,0,0,0,0,0.0,0.0,0.0,0.0,0.0,0,0.0,0.0,1376,6953,988,2695,-0.1,0.1,-0.1,0.1,0.0,0.0,0.0,0.0,0,0,0,0,0,0.0,,449,187,440,187,394,163,458,190,3.0,,3.0,,,,0.0,0.0,0.0,0.0,0.0,0.0,563,139,457,182,457,182,389,142,0.0,0.0
Josh Nichols,Arsenal,DEF,4.0,0,0,0.0,0.2,0,0,0,0,0,0,0,0,0,0,0,0,0.0,0.0,0.0,0.0,0.0,0,0.0,0.0,1716,4646,609,2281,0.0,0.0,0.0,0.0,0.0,0.0,0.0,0.0,0,0,0,0,0,0.0,,403,151,394,151,347,126,413,155,,,,,,,0.0,0.0,0.0,0.0,0.0,0.0,659,195,411,146,411,146,385,140,0.0,0.0
Krisztián Hegyi,West Ham,GKP,4.0,0,0,0.0,0.3,0,0,0,0,0,0,0,0,0,0,0,0,0.0,0.0,0.0,0.0,0.0,0,0.0,0.0,719,2719,265,1329,0.0,0.0,0.0,0.0,0.0,0.0,0.0,0.0,0,0,0,0,0,0.0,,393,54,384,38,337,34,403,54,,,,,,,0.0,0.0,0.0,0.0,0.0,0.0,648,69,401,54,401,54,328,49,0.0,0.0
Wes Foderingham,West Ham,GKP,4.0,0,0,0.0,0.6,0,0,0,0,0,0,0,0,0,0,0,0,0.0,0.0,0.0,0.0,0.0,0,0.0,0.0,2919,6628,1046,3175,0.0,0.0,0.0,0.0,0.0,0.0,0.0,0.0,0,0,0,0,0,0.0,,338,28,328,12,277,8,348,28,,,,,,,0.0,0.0,0.0,0.0,0.0,0.0,583,43,347,28,347,28,237,32,0.0,0.0
Alphonse Areola,West Ham,GKP,4.4,0,0,0.0,3.4,0,0,0,0,0,0,0,0,0,0,0,0,0.0,0.0,0.0,0.0,0.0,0,0.0,0.0,9247,126354,3253,51044,-0.1,0.1,-0.1,0.1,0.0,0.0,0.0,0.0,0,0,0,0,0,0.0,,448,68,439,52,393,48,457,68,,,,,,,0.0,0.0,0.0,0.0,0.0,0.0,562,34,456,68,456,68,94,13,0.0,0.0
Gustavo Nunes,Brentford,MID,5.0,0,0,0.0,0.0,0,0,0,0,0,0,0,0,0,0,0,0,0.0,0.0,0.0,0.0,0.0,0,0.0,0.0,45,482,12,127,0.0,0.0,0.0,0.0,0.0,0.0,0.0,0.0,0,0,0,0,0,0.0,Hamstring injury - Unknown return date,652,283,652,287,633,277,656,286,,,,,,,0.0,0.0,0.0,0.0,0.0,0.0,327,209,656,288,656,288,679,298,0.0,0.0
Dane Scarlett,Spurs,FWD,4.5,0,0,0.0,0.7,0,0,0,0,0,0,0,0,0,0,0,0,0.0,0.0,0.0,0.0,0.0,0,0.0,0.0,8910,24752,2738,12748,0.0,0.0,0.0,0.0,0.0,0.0,0.0,0.0,0,0,0,0,0,0.0,,507,36,502,37,470,37,514,39,,,,,,,0.0,0.0,0.0,0.0,0.0,0.0,464,58,516,39,516,39,211,34,0.0,0.0
Will Lankshear,Spurs,FWD,4.5,0,0,0.0,0.0,0,0,0,0,0,0,0,0,0,0,0,0,0.0,0.0,0.0,0.0,0.0,0,0.0,0.0,0,2933,0,976,0.0,0.0,0.0,0.0,0.0,0.0,0.0,0.0,0,0,0,0,0,0.0,Has joined Oxford United on loan for the rest of the season.,548,43,543,43,512,43,554,45,,,,,,,0.0,0.0,0.0,0.0,0.0,0.0,516,65,556,45,556,45,587,69,0.0,0.0
Abdallah Sima,Brighton,MID,5.4,0,0,0.0,0.0,0,0,0,0,0,0,0,0,0,0,0,0,0.0,0.0,0.0,0.0,0.0,0,0.0,0.0,194,810,68,308,-0.1,0.1,-0.1,0.1,0.0,0.0,0.0,0.0,0,0,0,0,0,0.0,,668,291,668,294,654,287,672,294,,,,,,,0.0,0.0,0.0,0.0,0.0,0.0,213,136,671,295,671,295,636,272,0.0,0.0
Vitaly Janelt,Brentford,MID,4.9,0,0,0.0,0.0,0,0,0,0,0,0,0,0,0,0,0,0,0.0,0.0,0.0,0.0,0.0,0,0.0,0.0,44,847,12,262,-0.1,0.1,-0.1,0.1,0.0,0.0,0.0,0.0,0,0,0,0,0,0.0,Lack of match fitness - 25% chance of playing,594,243,589,249,558,234,599,246,,,,,,,0.0,0.0,0.0,0.0,0.0,0.0,338,216,598,250,598,250,671,292,0.0,0.0
Antoñito Antoñito C.,Newcastle,MID,5.0,0,0,0.0,0.0,0,0,0,0,0,0,0,0,0,0,0,0,0.0,0.0,0.0,0.0,0.0,0,0.0,0.0,291,1128,159,426,0.0,0.0,0.0,0.0,0.0,0.0,0.0,0.0,0,0,0,0,0,0.0,,653,284,653,288,634,278,657,287,,,,,,,0.0,0.0,0.0,0.0,0.0,0.0,328,210,657,289,657,289,603,245,0.0,0.0
Jamaldeen Jimoh-Aloba,Aston Villa,MID,4.5,0,0,0.0,0.1,0,0,0,0,0,0,0,0,0,0,0,0,0.0,0.0,0.0,0.0,0.0,0,0.0,0.0,881,1487,400,709,0.0,0.0,0.0,0.0,0.0,0.0,0.0,0.0,0,0,0,0,0,0.0,,551,215,546,221,515,205,557,218,,,,,,,0.0,0.0,0.0,0.0,0.0,0.0,519,289,559,225,559,225,561,218,0.0,0.0
Leander Dendoncker,Aston Villa,MID,4.5,0,0,0.0,0.2,0,0,0,0,0,0,0,0,0,0,0,0,0.0,0.0,0.0,0.0,0.0,0,0.0,0.0,2169,15785,0,7987,0.0,0.0,0.0,0.0,0.0,0.0,0.0,0.0,0,0,0,0,0,0.0,Has joined Real Oviedo permanently.,468,164,460,170,420,152,476,167,,,,,,,0.0,0.0,0.0,0.0,0.0,0.0,388,232,478,174,478,174,337,114,0.0,0.0
Harry Tyrer,Everton,GKP,4.0,0,0,0.0,0.1,0,0,0,0,0,0,0,0,0,0,0,0,0.0,0.0,0.0,0.0,0.0,0,0.0,0.0,826,1640,315,803,0.0,0.0,0.0,0.0,0.0,0.0,0.0,0.0,0,0,0,0,0,0.0,,377,45,368,29,319,25,387,45,,,,,,,0.0,0.0,0.0,0.0,0.0,0.0,628,60,385,45,385,45,458,69,0.0,0.0
Zach Marsh,Crystal Palace,FWD,4.5,0,0,0.0,0.2,0,0,0,0,0,0,0,0,0,0,0,0,0.0,0.0,0.0,0.0,0.0,0,0.0,0.0,3172,7783,991,4051,0.0,0.0,0.0,0.0,0.0,0.0,0.0,0.0,0,0,0,0,0,0.0,,564,48,559,48,527,47,569,49,,,,,,,0.0,0.0,0.0,0.0,0.0,0.0,532,70,571,49,571,49,332,52,0.0,0.0
Rio Cardines,Crystal Palace,MID,4.5,0,0,0.0,0.2,0,0,0,0,0,0,0,0,0,0,0,0,0.0,0.0,0.0,0.0,0.0,0,0.0,0.0,13333,6935,3104,4218,0.0,0.0,0.0,0.0,0.0,0.0,0.0,0.0,0,0,0,0,0,0.0,,569,225,564,231,532,215,574,228,,,,,,,0.0,0.0,0.0,0.0,0.0,0.0,538,300,576,235,576,235,340,116,0.0,0.0
Freddie Woodman,Liverpool,GKP,4.0,0,0,0.0,0.1,0,0,0,0,0,0,0,0,0,0,0,0,0.0,0.0,0.0,0.0,0.0,0,0.0,0.0,588,1577,244,713,0.0,0.0,0.0,0.0,0.0,0.0,0.0,0.0,0,0,0,0,0,0.0,,350,36,340,20,289,16,360,36,,,,,,,0.0,0.0,0.0,0.0,0.0,0.0,595,51,358,36,358,36,501,73,0.0,0.0
Ármin Pécsi,Liverpool,GKP,4.0,0,0,0.0,0.1,0,0,0,0,0,0,0,0,0,0,0,0,0.0,0.0,0.0,0.0,0.0,0,0.0,0.0,497,1378,191,618,0.0,0.0,0.0,0.0,0.0,0.0,0.0,0.0,0,0,0,0,0,0.0,,434,66,424,50,378,46,443,66,,,,,,,0.0,0.0,0.0,0.0,0.0,0.0,693,81,442,66,442,66,513,74,0.0,0.0
Giorgi Mamardashvili,Liverpool,GKP,4.4,0,0,0.0,0.4,0,0,0,0,0,0,0,0,0,0,0,0,0.0,0.0,0.0,0.0,0.0,0,0.0,0.0,2466,14456,1319,5434,-0.1,0.1,-0.1,0.1,0.0,0.0,0.0,0.0,0,0,0,0,0,0.0,,454,69,445,53,400,49,462,69,,,,,,,0.0,0.0,0.0,0.0,0.0,0.0,570,35,463,69,463,69,270,40,0.0,0.0
Ben Gannon-Doak,Bournemouth,MID,5.0,0,0,0.0,0.1,0,0,0,0,0,0,0,0,0,0,0,0,0.0,0.0,0.0,0.0,0.0,0,0.0,0.0,2411,1871,395,814,0.0,0.0,0.0,0.0,0.0,0.0,0.0,0.0,0,0,0,0,0,0.0,,642,275,642,279,622,268,646,278,,,,,,,0.0,0.0,0.0,0.0,0.0,0.0,306,191,646,280,646,280,555,212,0.0,0.0
James Justin,Leeds,DEF,4.0,0,0,0.0,0.1,0,0,0,0,0,0,0,0,0,0,0,0,0.0,0.0,0.0,0.0,0.0,0,0.0,0.0,4691,495,4691,495,0.0,0.0,0.0,0.0,0.0,0.0,0.0,0.0,0,0,0,0,0,0.0,,360,127,351,127,301,99,370,131,,,,,,,0.0,0.0,0.0,0.0,0.0,0.0,608,163,368,122,368,122,488,185,0.0,0.0
Mark Travers,Everton,GKP,4.5,0,0,0.0,0.1,0,0,0,0,0,0,0,0,0,0,0,0,0.0,0.0,0.0,0.0,0.0,0,0.0,0.0,739,2492,329,1068,0.0,0.0,0.0,0.0,0.0,0.0,0.0,0.0,0,0,0,0,0,0.0,,482,74,475,61,438,58,489,74,,,,,,,0.0,0.0,0.0,0.0,0.0,0.0,419,25,491,74,491,74,433,65,0.0,0.0
Dominic Calvert-Lewin,Leeds,FWD,5.5,0,0,0.0,0.1,0,0,0,0,0,0,0,0,0,0,0,0,0.0,0.0,0.0,0.0,0.0,0,0.0,0.0,4254,2928,801,2029,0.0,0.0,0.0,0.0,0.0,0.0,0.0,0.0,0,0,0,0,0,0.0,,672,65,676,66,664,65,676,66,,,,,,,0.0,0.0,0.0,0.0,0.0,0.0,134,32,675,66,675,66,569,67,0.0,0.0
Armando Broja,Burnley,FWD,5.5,0,0,0.0,0.2,0,0,0,0,0,0,0,0,0,0,0,0,0.0,0.0,0.0,0.0,0.0,0,0.0,0.0,2562,9921,229,5249,0.0,0.0,0.0,0.0,0.0,0.0,0.0,0.0,0,0,0,0,0,0.0,,677,66,681,67,673,66,681,67,,,,,,,0.0,0.0,0.0,0.0,0.0,0.0,159,36,680,67,680,67,384,57,0.0,0.0
Vitalii Mykolenko,Everton,DEF,4.9,0,0,0.0,0.5,0,0,0,0,0,0,0,0,0,0,0,0,0.0,0.0,0.0,0.0,0.0,0,0.0,0.0,1050,41203,337,22724,-0.1,0.1,-0.1,0.1,0.0,0.0,0.0,0.0,0,0,0,0,0,0.0,,601,223,596,222,565,209,606,224,,,,,,,0.0,0.0,0.0,0.0,0.0,0.0,345,59,605,219,605,219,249,89,0.0,0.0
Jarrad Branthwaite,Everton,DEF,5.4,0,0,0.0,0.4,0,0,0,0,0,0,0,0,0,0,0,0,0.0,0.0,0.0,0.0,0.0,0,0.0,0.0,369,43184,150,11429,-0.1,0.1,0.0,0.0,0.0,0.0,0.0,0.0,0,0,0,0,0,0.0,Hamstring injury - Unknown return date,667,233,666,231,651,224,671,233,,,,,,,0.0,0.0,0.0,0.0,0.0,0.0,206,28,670,231,670,231,288,105,0.0,0.0
Norberto Neto,Bournemouth,GKP,4.5,0,0,0.0,0.1,0,0,0,0,0,0,0,0,0,0,0,0,0.0,0.0,0.0,0.0,0.0,0,0.0,0.0,0,8604,0,2512,0.0,0.0,0.0,0.0,0.0,0.0,0.0,0.0,0,0,0,0,0,0.0,Has joined Botafogo permanently.,461,71,452,55,408,51,469,71,,,,,,,0.0,0.0,0.0,0.0,0.0,0.0,371,18,470,71,470,71,450,68,0.0,0.0
Mateo Mateo Joseph,Leeds,FWD,5.0,0,0,0.0,0.0,0,0,0,0,0,0,0,0,0,0,0,0,0.0,0.0,0.0,0.0,0.0,0,0.0,0.0,0,1589,0,418,0.0,0.0,0.0,0.0,0.0,0.0,0.0,0.0,0,0,0,0,0,0.0,Has joined RCD Mallorca on loan for the rest of the season.,646,59,646,60,627,59,650,60,,,,,,,0.0,0.0,0.0,0.0,0.0,0.0,320,50,650,60,650,60,651,73,0.0,0.0
Patrick Bamford,Leeds,FWD,4.9,0,0,0.0,1.4,0,0,0,0,0,0,0,0,0,0,0,0,0.0,0.0,0.0,0.0,0.0,0,0.0,0.0,14171,76492,3914,36913,-0.1,0.1,-0.1,0.1,0.0,0.0,0.0,0.0,0,0,0,0,0,0.0,,590,54,585,54,553,53,595,55,,,,,,,0.0,0.0,0.0,0.0,0.0,0.0,333,52,595,55,595,55,155,26,0.0,0.0
Daniel Adu-Adjei,Bournemouth,FWD,4.5,0,0,0.0,0.3,0,0,0,0,0,0,0,0,0,0,0,0,0.0,0.0,0.0,0.0,0.0,0,0.0,0.0,4574,9355,1259,4797,0.0,0.0,0.0,0.0,0.0,0.0,0.0,0.0,0,0,0,0,0,0.0,,570,50,565,50,533,49,575,51,,,,,,,0.0,0.0,0.0,0.0,0.0,0.0,539,72,577,51,577,51,322,51,0.0,0.0
Darko Gyabi,Leeds,MID,4.5,0,0,0.0,0.1,0,0,0,0,0,0,0,0,0,0,0,0,0.0,0.0,0.0,0.0,0.0,0,0.0,0.0,980,2437,264,1090,0.0,0.0,0.0,0.0,0.0,0.0,0.0,0.0,0,0,0,0,0,0.0,,504,183,499,189,466,173,511,186,,,,,,,0.0,0.0,0.0,0.0,0.0,0.0,456,253,513,193,513,193,523,187,0.0,0.0
Joe Gelhardt,Leeds,MID,4.5,0,0,0.0,0.0,0,0,0,0,0,0,0,0,0,0,0,0,0.0,0.0,0.0,0.0,0.0,0,0.0,0.0,0,1531,0,469,0.0,0.0,0.0,0.0,0.0,0.0,0.0,0.0,0,0,0,0,0,0.0,Has joined Hull City on loan for the rest of the season.,502,181,496,187,463,171,509,184,,,,,,,0.0,0.0,0.0,0.0,0.0,0.0,451,251,511,191,511,191,643,276,0.0,0.0
Charlie Crew,Leeds,MID,4.5,0,0,0.0,0.0,0,0,0,0,0,0,0,0,0,0,0,0,0.0,0.0,0.0,0.0,0.0,0,0.0,0.0,0,520,0,157,0.0,0.0,0.0,0.0,0.0,0.0,0.0,0.0,0,0,0,0,0,0.0,Has joined Doncaster Rovers on loan for the rest of the season.,536,204,531,210,500,194,542,207,,,,,,,0.0,0.0,0.0,0.0,0.0,0.0,502,277,544,214,544,214,682,300,0.0,0.0
Will Dennis,Bournemouth,GKP,4.0,0,0,0.0,1.1,0,0,0,0,0,0,0,0,0,0,0,0,0.0,0.0,0.0,0.0,0.0,0,0.0,0.0,14269,11725,6362,6579,0.0,0.0,0.0,0.0,0.0,0.0,0.0,0.0,0,0,0,0,0,0.0,,376,44,367,28,318,24,386,44,,,,,,,0.0,0.0,0.0,0.0,0.0,0.0,627,59,384,44,384,44,179,24,0.0,0.0
Andrew Robertson,Liverpool,DEF,6.0,0,0,0.0,1.2,0,0,30,0,2,0,0,0,0,0,0,0,5.4,4.1,2.0,1.2,0.0,0,0.0,0.0,6451,36529,3689,13234,0.0,0.0,0.0,0.0,0.0,0.04,0.04,0.89,0,0,2,0,2,6.0,,263,98,212,61,259,81,291,95,4.0,,,,,,0.0,0.0,0.12,0.12,2.67,6.0,85,6,692,233,692,233,172,65,0.0,0.0
Michael Obafemi,Burnley,FWD,4.5,0,0,0.0,0.4,0,0,0,0,0,0,0,0,0,0,0,0,0.0,0.0,0.0,0.0,0.0,0,0.0,0.0,3159,10567,886,5640,0.0,0.0,0.0,0.0,0.0,0.0,0.0,0.0,0,0,0,0,0,0.0,,478,34,471,35,433,35,485,37,,,,,,,0.0,0.0,0.0,0.0,0.0,0.0,411,56,487,37,487,37,280,48,0.0,0.0
Conor Bradley,Liverpool,DEF,5.0,0,0,0.0,0.1,0,0,10,0,1,0,0,0,0,1,0,0,4.0,1.3,2.0,0.7,0.0,0,0.0,0.0,2508,5944,1774,1972,0.0,0.0,0.0,0.0,0.0,0.01,0.01,0.16,0,0,1,0,1,9.0,,285,104,266,89,248,77,307,102,,,,,,,0.0,0.0,0.09,0.09,1.44,9.0,305,51,645,226,645,226,470,178,0.0,0.0
Eddie Nketiah,Crystal Palace,FWD,5.4,0,0,0.0,0.2,0,0,0,0,0,0,0,0,0,0,0,0,0.0,0.0,0.0,0.0,0.0,0,0.0,0.0,645,19778,274,5878,-0.1,0.1,-0.1,0.1,0.0,0.0,0.0,0.0,0,0,0,0,0,0.0,Hamstring injury - Expected back 18 Oct,660,61,659,62,641,61,664,62,,,,,,,0.0,0.0,0.0,0.0,0.0,0.0,192,40,663,62,663,62,361,55,0.0,0.0
Trey Nyoni,Liverpool,MID,4.4,0,0,0.0,0.2,0,0,0,0,0,0,0,0,0,0,0,0,0.0,0.0,0.0,0.0,0.0,0,0.0,0.0,10590,4877,10073,3184,-0.1,0.1,-0.1,0.1,0.0,0.0,0.0,0.0,0,0,0,0,0,0.0,,457,163,448,169,404,151,465,166,,,,,,,0.0,0.0,0.0,0.0,0.0,0.0,574,316,466,173,466,173,339,115,0.0,0.0
Tyler Morton,Liverpool,MID,4.5,0,0,0.0,0.0,0,0,0,0,0,0,0,0,0,0,0,0,0.0,0.0,0.0,0.0,0.0,0,0.0,0.0,0,213,0,55,0.0,0.0,0.0,0.0,0.0,0.0,0.0,0.0,0,0,0,0,0,0.0,Has joined Lyon permanently.,491,172,484,178,450,162,498,175,,,,,,,0.0,0.0,0.0,0.0,0.0,0.0,436,242,500,182,500,182,696,308,0.0,0.0
James McConnell,Liverpool,MID,4.5,0,0,0.0,0.0,0,0,0,0,0,0,0,0,0,0,0,0,0.0,0.0,0.0,0.0,0.0,0,0.0,0.0,261,900,125,381,0.0,0.0,0.0,0.0,0.0,0.0,0.0,0.0,0,0,0,0,0,0.0,,511,188,506,194,474,178,518,191,,,,,,,0.0,0.0,0.0,0.0,0.0,0.0,470,260,520,198,520,198,623,261,0.0,0.0
Stefan Bajcetic,Liverpool,MID,4.5,0,0,0.0,0.0,0,0,0,0,0,0,0,0,0,0,0,0,0.0,0.0,0.0,0.0,0.0,0,0.0,0.0,528,1603,190,719,0.0,0.0,0.0,0.0,0.0,0.0,0.0,0.0,0,0,0,0,0,0.0,,534,203,529,209,498,193,540,206,,,,,,,0.0,0.0,0.0,0.0,0.0,0.0,500,276,542,213,542,213,579,228,0.0,0.0
Aaron A.Ramsey,Burnley,MID,4.5,0,0,0.0,7.7,0,0,0,0,0,0,0,0,0,0,0,0,0.0,0.0,0.0,0.0,0.0,0,0.0,0.0,51355,216140,16381,110566,0.0,0.0,0.0,0.0,0.0,0.0,0.0,0.0,0,0,0,0,0,0.0,,494,174,487,180,454,164,501,177,,,,,,,0.0,0.0,0.0,0.0,0.0,0.0,442,244,503,184,503,184,56,19,0.0,0.0
Oluwaseun Adewumi,Burnley,MID,4.5,0,0,0.0,0.0,0,0,0,0,0,0,0,0,0,0,0,0,0.0,0.0,0.0,0.0,0.0,0,0.0,0.0,0,1533,0,466,0.0,0.0,0.0,0.0,0.0,0.0,0.0,0.0,0,0,0,0,0,0.0,Has joined Cercle Brugge on loan for the rest of the season.,562,221,557,227,525,211,567,224,,,,,,,0.0,0.0,0.0,0.0,0.0,0.0,530,295,569,231,569,231,652,282,0.0,0.0
Matheus M.França,Crystal Palace,MID,4.5,0,0,0.0,0.0,0,0,0,0,0,0,0,0,0,0,0,0,0.0,0.0,0.0,0.0,0.0,0,0.0,0.0,95,740,30,275,0.0,0.0,0.0,0.0,0.0,0.0,0.0,0.0,0,0,0,0,0,0.0,Has joined CR Vasco da Gama on loan for the rest of the season.,538,205,533,211,502,195,544,208,,,,,,,0.0,0.0,0.0,0.0,0.0,0.0,504,278,546,215,546,215,656,284,0.0,0.0
David Ozoh,Crystal Palace,MID,4.5,0,0,0.0,0.0,0,0,0,0,0,0,0,0,0,0,0,0,0.0,0.0,0.0,0.0,0.0,0,0.0,0.0,0,105,0,35,0.0,0.0,0.0,0.0,0.0,0.0,0.0,0.0,0,0,0,0,0,0.0,Has joined Derby County on loan for the rest of the season.,532,202,527,208,496,192,538,205,,,,,,,0.0,0.0,0.0,0.0,0.0,0.0,497,274,540,212,540,212,702,311,0.0,0.0
Jaydon Banel,Burnley,MID,4.5,0,0,0.0,0.0,0,0,0,0,0,0,0,0,0,0,0,0,0.0,0.0,0.0,0.0,0.0,0,0.0,0.0,521,1050,260,459,0.0,0.0,0.0,0.0,0.0,0.0,0.0,0.0,0,0,0,0,0,0.0,,547,212,542,218,511,202,553,215,,,,,,,0.0,0.0,0.0,0.0,0.0,0.0,515,286,555,222,555,222,608,249,0.0,0.0
Mike Trésor,Burnley,MID,4.5,0,0,0.0,0.1,0,0,0,0,0,0,0,0,0,0,0,0,0.0,0.0,0.0,0.0,0.0,0,0.0,0.0,708,1967,283,909,0.0,0.0,0.0,0.0,0.0,0.0,0.0,0.0,0,0,0,0,0,0.0,,490,171,483,177,449,161,497,174,,,,,,,0.0,0.0,0.0,0.0,0.0,0.0,435,241,499,181,499,181,531,191,0.0,0.0
Kaden Rodney,Crystal Palace,MID,4.5,0,0,0.0,0.0,0,0,0,0,0,0,0,0,0,0,0,0,0.0,0.0,0.0,0.0,0.0,0,0.0,0.0,495,1031,146,425,0.0,0.0,0.0,0.0,0.0,0.0,0.0,0.0,0,0,0,0,0,0.0,,530,201,525,207,494,191,536,204,,,,,,,0.0,0.0,0.0,0.0,0.0,0.0,495,273,538,211,538,211,588,233,0.0,0.0
Zeki Amdouni,Burnley,FWD,4.9,0,0,0.0,0.0,0,0,0,0,0,0,0,0,0,0,0,0,0.0,0.0,0.0,0.0,0.0,0,0.0,0.0,183,2776,43,814,-0.1,0.1,-0.1,0.1,0.0,0.0,0.0,0.0,0,0,0,0,0,0.0,Knee injury - Unknown return date,611,56,605,56,575,55,615,57,,,,,,,0.0,0.0,0.0,0.0,0.0,0.0,357,54,615,57,615,57,606,72,0.0,0.0
Luis Luis Díaz,Liverpool,MID,8.0,0,0,0.0,0.1,0,0,0,0,0,0,0,0,0,0,0,0,0.0,0.0,0.0,0.0,0.0,0,0.0,0.0,0,5663,0,1157,0.0,0.0,0.0,0.0,0.0,0.0,0.0,0.0,0,0,0,0,0,0.0,Has joined Bayern Munch permanently.,705,315,705,315,705,315,705,315,,,,,,,0.0,0.0,0.0,0.0,0.0,0.0,16,11,704,315,704,315,541,199,0.0,0.0
Franco Umeh,Crystal Palace,MID,4.5,0,0,0.0,0.0,0,0,0,0,0,0,0,0,0,0,0,0,0.0,0.0,0.0,0.0,0.0,0,0.0,0.0,328,764,127,342,0.0,0.0,0.0,0.0,0.0,0.0,0.0,0.0,0,0,0,0,0,0.0,,558,220,553,226,521,210,563,223,,,,,,,0.0,0.0,0.0,0.0,0.0,0.0,526,294,565,230,565,230,622,260,0.0,0.0
Ashley Barnes,Burnley,FWD,4.5,0,0,0.0,2.0,0,0,0,0,0,0,0,0,0,0,0,0,0.0,0.0,0.0,0.0,0.0,0,0.0,0.0,16802,63082,4568,35879,0.0,0.0,0.0,0.0,0.0,0.0,0.0,0.0,0,0,0,0,0,0.0,,458,33,449,34,405,34,466,36,,,,,1.0,,0.0,0.0,0.0,0.0,0.0,0.0,366,55,467,36,467,36,128,23,0.0,0.0
Calvin Ramsay,Liverpool,DEF,4.0,0,0,0.0,0.2,0,0,0,0,0,0,0,0,0,0,0,0,0.0,0.0,0.0,0.0,0.0,0,0.0,0.0,939,4108,363,1683,0.0,0.0,0.0,0.0,0.0,0.0,0.0,0.0,0,0,0,0,0,0.0,,396,146,387,146,340,121,406,150,,,,,,,0.0,0.0,0.0,0.0,0.0,0.0,651,189,404,141,404,141,401,149,0.0,0.0
Rhys R.Williams,Liverpool,DEF,4.0,0,0,0.0,0.2,0,0,0,0,0,0,0,0,0,0,0,0,0.0,0.0,0.0,0.0,0.0,0,0.0,0.0,879,4147,350,1721,0.0,0.0,0.0,0.0,0.0,0.0,0.0,0.0,0,0,0,0,0,0.0,,359,126,350,126,300,98,369,130,,,,,,,0.0,0.0,0.0,0.0,0.0,0.0,607,162,367,121,367,121,415,157,0.0,0.0
Amara Nallo,Liverpool,DEF,4.0,0,0,0.0,0.1,0,0,0,0,0,0,0,0,0,0,0,0,0.0,0.0,0.0,0.0,0.0,0,0.0,0.0,312,2476,123,949,0.0,0.0,0.0,0.0,0.0,0.0,0.0,0.0,0,0,0,0,0,0.0,,443,182,434,182,388,158,452,185,,,,,,,0.0,0.0,0.0,0.0,0.0,0.0,703,230,451,177,451,177,496,188,0.0,0.0
Konstantinos Tsimikas,Liverpool,DEF,4.9,0,0,0.0,0.1,0,0,0,0,0,0,0,0,0,0,0,0,0.0,0.0,0.0,0.0,0.0,0,0.0,0.0,872,4119,410,1470,-0.1,0.1,-0.1,0.1,0.0,0.0,0.0,0.0,0,0,0,0,0,0.0,,597,220,592,219,561,206,602,221,3.0,,,,,,0.0,0.0,0.0,0.0,0.0,0.0,341,56,601,216,601,216,478,180,0.0,0.0
Largie Ramazani,Leeds,MID,4.9,0,0,0.0,0.0,0,0,0,0,0,0,0,0,0,0,0,0,0.0,0.0,0.0,0.0,0.0,0,0.0,0.0,169,1659,90,720,-0.1,0.1,-0.1,0.1,0.0,0.0,0.0,0.0,0,0,0,0,0,0.0,,604,247,599,253,568,238,609,250,,,,,,,0.0,0.0,0.0,0.0,0.0,0.0,349,221,608,254,608,254,600,242,0.0,0.0
Sam Greenwood,Leeds,MID,4.9,0,0,0.0,0.1,0,0,0,0,0,0,0,0,0,0,0,0,0.0,0.0,0.0,0.0,0.0,0,0.0,0.0,1013,3831,544,1729,-0.1,0.1,-0.1,0.1,0.0,0.0,0.0,0.0,0,0,0,0,0,0.0,,603,246,598,252,567,237,608,249,,,,,,,0.0,0.0,0.0,0.0,0.0,0.0,348,220,607,253,607,253,506,177,0.0,0.0
Kendry Paez,Chelsea,MID,4.5,0,0,0.0,0.0,0,0,0,0,0,0,0,0,0,0,0,0,0.0,0.0,0.0,0.0,0.0,0,0.0,0.0,0,606,0,175,0.0,0.0,0.0,0.0,0.0,0.0,0.0,0.0,0,0,0,0,0,0.0,Has joined RC Strasbourg on loan for the rest of the season.,580,233,575,239,543,223,585,236,,,,,,,0.0,0.0,0.0,0.0,0.0,0.0,551,308,585,241,585,241,681,299,0.0,0.0
Coby Ebere,Everton,MID,4.5,0,0,0.0,0.0,0,0,0,0,0,0,0,0,0,0,0,0,0.0,0.0,0.0,0.0,0.0,0,0.0,0.0,462,1086,142,502,0.0,0.0,0.0,0.0,0.0,0.0,0.0,0.0,0,0,0,0,0,0.0,,523,196,518,202,486,186,529,199,,,,,,,0.0,0.0,0.0,0.0,0.0,0.0,485,268,531,206,531,206,593,235,0.0,0.0
Julio Soler,Bournemouth,DEF,4.0,0,0,0.0,0.3,0,0,0,0,0,0,0,0,0,0,0,0,0.0,0.0,0.0,0.0,0.0,0,0.0,0.0,2249,5191,903,2492,0.0,0.0,0.0,0.0,0.0,0.0,0.0,0.0,0,0,0,0,0,0.0,,431,172,421,171,375,147,440,175,,,,,,,0.0,0.0,0.0,0.0,0.0,0.0,689,218,439,167,439,167,325,119,0.0,0.0
Zain Silcott-Duberry,Bournemouth,MID,4.5,0,0,0.0,0.1,0,0,0,0,0,0,0,0,0,0,0,0,0.0,0.0,0.0,0.0,0.0,0,0.0,0.0,559,2246,204,1063,0.0,0.0,0.0,0.0,0.0,0.0,0.0,0.0,0,0,0,0,0,0.0,,529,200,524,206,493,190,535,203,,,,,,,0.0,0.0,0.0,0.0,0.0,0.0,494,272,537,210,537,210,521,185,0.0,0.0
Andreas Andreas,Fulham,MID,5.4,0,0,0.0,0.2,0,0,0,0,0,0,0,0,0,0,0,0,0.0,0.0,0.0,0.0,0.0,0,0.0,0.0,1797,13746,713,4930,-0.1,0.1,0.0,0.0,0.0,0.0,0.0,0.0,0,0,0,0,0,0.0,,658,286,658,290,639,280,662,289,1.0,,1.0,,2.0,,0.0,0.0,0.0,0.0,0.0,0.0,187,120,662,291,662,291,333,111,0.0,0.0
Dominic Sadi,Bournemouth,MID,4.5,0,0,0.0,0.1,0,0,0,0,0,0,0,0,0,0,0,0,0.0,0.0,0.0,0.0,0.0,0,0.0,0.0,802,1573,305,726,0.0,0.0,0.0,0.0,0.0,0.0,0.0,0.0,0,0,0,0,0,0.0,,545,211,540,217,509,201,551,214,,,,,,,0.0,0.0,0.0,0.0,0.0,0.0,512,285,553,221,553,221,554,211,0.0,0.0
Lewis Cook,Bournemouth,MID,5.0,0,0,0.0,0.0,0,0,0,0,0,0,0,0,0,0,0,0,0.0,0.0,0.0,0.0,0.0,0,0.0,0.0,73,531,23,205,0.0,0.0,0.0,0.0,0.0,0.0,0.0,0.0,0,0,0,0,0,0.0,Knee injury - Expected back 13 Sep,620,259,616,263,590,250,624,262,2.0,,,,,,0.0,0.0,0.0,0.0,0.0,0.0,234,149,623,264,623,264,672,293,0.0,0.0
Samuel Amissah,Fulham,DEF,4.0,0,0,0.0,0.2,0,0,0,0,0,0,0,0,0,0,0,0,0.0,0.0,0.0,0.0,0.0,0,0.0,0.0,913,3426,357,1445,0.0,0.0,0.0,0.0,0.0,0.0,0.0,0.0,0,0,0,0,0,0.0,,440,179,430,178,384,154,449,182,,,,,,,0.0,0.0,0.0,0.0,0.0,0.0,699,226,448,174,448,174,407,153,0.0,0.0
Philip Philip,Bournemouth,MID,4.9,0,0,0.0,0.1,0,0,0,0,0,0,0,0,0,0,0,0,0.0,0.0,0.0,0.0,0.0,0,0.0,0.0,598,2713,190,1254,-0.1,0.1,-0.1,0.1,0.0,0.0,0.0,0.0,0,0,0,0,0,0.0,Has joined Midtjylland permanently.,592,241,587,247,555,231,597,244,,,,,,,0.0,0.0,0.0,0.0,0.0,0.0,335,213,597,249,597,249,552,209,0.0,0.0
Callum Bates,Everton,MID,4.5,0,0,0.0,0.1,0,0,0,0,0,0,0,0,0,0,0,0,0.0,0.0,0.0,0.0,0.0,0,0.0,0.0,1030,2324,255,1058,0.0,0.0,0.0,0.0,0.0,0.0,0.0,0.0,0,0,0,0,0,0.0,,542,209,537,215,506,199,548,212,,,,,,,0.0,0.0,0.0,0.0,0.0,0.0,509,283,550,219,550,219,516,183,0.0,0.0
Issa Diop,Fulham,DEF,4.5,0,0,0.0,0.1,0,0,0,0,0,0,0,0,0,0,0,0,0.0,0.0,0.0,0.0,0.0,0,0.0,0.0,451,2006,155,825,0.0,0.0,0.0,0.0,0.0,0.0,0.0,0.0,0,0,0,0,0,0.0,,477,204,470,203,432,186,484,205,,,,,,,0.0,0.0,0.0,0.0,0.0,0.0,410,96,486,200,486,200,520,196,0.0,0.0
Isaac Heath,Everton,MID,4.5,0,0,0.0,0.0,0,0,0,0,0,0,0,0,0,0,0,0,0.0,0.0,0.0,0.0,0.0,0,0.0,0.0,386,1053,108,461,0.0,0.0,0.0,0.0,0.0,0.0,0.0,0.0,0,0,0,0,0,0.0,,516,192,511,198,479,182,523,195,,,,,,,0.0,0.0,0.0,0.0,0.0,0.0,476,264,525,202,525,202,597,239,0.0,0.0
Enes Enes Ünal,Bournemouth,FWD,5.5,0,0,0.0,0.0,0,0,0,0,0,0,0,0,0,0,0,0,0.0,0.0,0.0,0.0,0.0,0,0.0,0.0,219,536,83,218,0.0,0.0,0.0,0.0,0.0,0.0,0.0,0.0,0,0,0,0,0,0.0,Knee injury - Unknown return date,671,64,675,65,663,64,675,65,,,2.0,,,,0.0,0.0,0.0,0.0,0.0,0.0,132,31,674,65,674,65,669,75,0.0,0.0
Jenson Metcalfe,Everton,MID,4.5,0,0,0.0,0.0,0,0,0,0,0,0,0,0,0,0,0,0,0.0,0.0,0.0,0.0,0.0,0,0.0,0.0,0,66,0,18,0.0,0.0,0.0,0.0,0.0,0.0,0.0,0.0,0,0,0,0,0,0.0,Has joined Bradford City permanently.,512,189,507,195,475,179,519,192,,,,,,,0.0,0.0,0.0,0.0,0.0,0.0,471,261,521,199,521,199,706,315,0.0,0.0
Youssef Y.Chermiti,Everton,FWD,5.0,0,0,0.0,0.1,0,0,0,0,0,0,0,0,0,0,0,0,0.0,0.0,0.0,0.0,0.0,0,0.0,0.0,1758,5101,618,2309,0.0,0.0,0.0,0.0,0.0,0.0,0.0,0.0,0,0,0,0,0,0.0,,640,58,640,59,620,58,644,59,,,,,,,0.0,0.0,0.0,0.0,0.0,0.0,303,49,643,59,643,59,434,60,0.0,0.0
Steven Benda,Fulham,GKP,4.0,0,0,0.0,0.0,0,0,0,0,0,0,0,0,0,0,0,0,0.0,0.0,0.0,0.0,0.0,0,0.0,0.0,0,182,0,77,0.0,0.0,0.0,0.0,0.0,0.0,0.0,0.0,0,0,0,0,0,0.0,Has joined Millwall on loan for the rest of the season.,370,43,361,27,311,23,380,43,,,,,,,0.0,0.0,0.0,0.0,0.0,0.0,619,58,378,43,378,43,686,78,0.0,0.0
Luis Sinisterra,Bournemouth,MID,5.0,0,0,0.0,0.0,0,0,0,0,0,0,0,0,0,0,0,0,0.0,0.0,0.0,0.0,0.0,0,0.0,0.0,396,1915,246,691,0.0,0.0,0.0,0.0,0.0,0.0,0.0,0.0,0,0,0,0,0,0.0,Has joined Cruzeiro on loan for the rest of the season.,627,264,626,268,603,256,631,267,,,,,,,0.0,0.0,0.0,0.0,0.0,0.0,266,167,630,269,630,269,625,263,0.0,0.0
Tyler Dibling,Everton,MID,5.5,0,0,0.0,0.0,0,0,0,0,0,0,0,0,0,0,0,0,0.0,0.0,0.0,0.0,0.0,0,0.0,0.0,609,95,609,95,0.0,0.0,0.0,0.0,0.0,0.0,0.0,0.0,0,0,0,0,0,0.0,,681,299,685,302,678,298,685,302,,,,,,,0.0,0.0,0.0,0.0,0.0,0.0,173,110,684,303,684,303,687,303,0.0,0.0
Elijah Campbell,Everton,DEF,4.0,0,0,0.0,0.1,0,0,0,0,0,0,0,0,0,0,0,0,0.0,0.0,0.0,0.0,0.0,0,0.0,0.0,6370,948,6370,948,0.0,0.0,0.0,0.0,0.0,0.0,0.0,0.0,0,0,0,0,0,0.0,,398,147,389,147,342,122,408,151,,,,,,,0.0,0.0,0.0,0.0,0.0,0.0,653,190,406,142,406,142,448,169,0.0,0.0
Tyler Onyango,Everton,MID,4.5,0,0,0.0,0.1,0,0,0,0,0,0,0,0,0,0,0,0,0.0,0.0,0.0,0.0,0.0,0,0.0,0.0,4766,1003,4766,1003,0.0,0.0,0.0,0.0,0.0,0.0,0.0,0.0,0,0,0,0,0,0.0,,500,179,494,185,461,169,507,182,,,,,,,0.0,0.0,0.0,0.0,0.0,0.0,449,249,509,189,509,189,502,174,0.0,0.0
Adam Aznou,Everton,DEF,4.4,0,0,0.0,0.1,0,0,0,0,0,0,0,0,0,0,0,0,0.0,0.0,0.0,0.0,0.0,0,0.0,0.0,759,4082,306,1969,-0.1,0.1,-0.1,0.1,0.0,0.0,0.0,0.0,0,0,0,0,0,0.0,,456,193,447,193,403,171,464,195,,,,,,,0.0,0.0,0.0,0.0,0.0,0.0,573,148,465,189,465,189,491,186,0.0,0.0
Tom King,Everton,GKP,4.0,0,0,0.0,1.4,0,0,0,0,0,0,0,0,0,0,0,0,0.0,0.0,0.0,0.0,0.0,0,0.0,0.0,5433,15749,2270,8390,0.0,0.0,0.0,0.0,0.0,0.0,0.0,0.0,0,0,0,0,0,0.0,,349,35,339,19,288,15,359,35,,,,,,,0.0,0.0,0.0,0.0,0.0,0.0,594,50,357,35,357,35,158,22,0.0,0.0
Tom Cairney,Fulham,MID,5.0,0,0,0.0,0.0,0,0,24,0,0,0,0,0,0,1,0,0,0.0,0.4,0.0,0.0,0.0,0,0.0,0.0,125,1017,47,389,0.0,0.0,0.0,0.0,0.0,0.0,0.0,0.43,0,0,0,2,2,7.5,,618,257,304,162,583,248,622,260,,,2.0,,,,0.0,0.0,0.0,0.0,1.61,0.0,222,143,621,262,621,262,617,255,0.0,0.0
Chris Mepham,Bournemouth,DEF,4.0,0,0,0.0,0.2,0,0,0,0,0,0,0,0,0,0,0,0,0.0,0.0,0.0,0.0,0.0,0,0.0,0.0,1058,3571,415,1624,0.0,0.0,0.0,0.0,0.0,0.0,0.0,0.0,0,0,0,0,0,0.0,,363,130,354,130,304,102,373,134,,,,,,,0.0,0.0,0.0,0.0,0.0,0.0,611,166,371,125,371,125,372,133,0.0,0.0
Martial Godo,Fulham,MID,4.5,0,0,0.0,0.1,0,0,0,0,0,0,0,0,0,0,0,0,0.0,0.0,0.0,0.0,0.0,0,0.0,0.0,740,1924,261,872,0.0,0.0,0.0,0.0,0.0,0.0,0.0,0.0,0,0,0,0,0,0.0,,557,219,552,225,520,209,562,222,,,,,,,0.0,0.0,0.0,0.0,0.0,0.0,525,293,564,229,564,229,539,197,0.0,0.0
Luke Harris,Fulham,MID,4.5,0,0,0.0,0.0,0,0,0,0,0,0,0,0,0,0,0,0,0.0,0.0,0.0,0.0,0.0,0,0.0,0.0,0,164,0,45,0.0,0.0,0.0,0.0,0.0,0.0,0.0,0.0,0,0,0,0,0,0.0,Has joined Oxford United on loan for the rest of the season.,526,198,521,204,490,188,532,201,,,,,,,0.0,0.0,0.0,0.0,0.0,0.0,489,270,534,208,534,208,700,310,0.0,0.0
Callan McKenna,Bournemouth,GKP,4.0,0,0,0.0,0.2,0,0,0,0,0,0,0,0,0,0,0,0,0.0,0.0,0.0,0.0,0.0,0,0.0,0.0,1895,2219,818,1093,0.0,0.0,0.0,0.0,0.0,0.0,0.0,0.0,0,0,0,0,0,0.0,,428,65,418,49,372,45,437,65,,,,,,,0.0,0.0,0.0,0.0,0.0,0.0,686,80,436,65,436,65,351,51,0.0,0.0
Séamus Coleman,Everton,DEF,4.5,0,0,0.0,0.2,0,0,0,0,0,0,0,0,0,0,0,0,0.0,0.0,0.0,0.0,0.0,0,0.0,0.0,1427,4148,566,1952,0.0,0.0,0.0,0.0,0.0,0.0,0.0,0.0,0,0,0,0,0,0.0,,460,194,451,194,407,172,468,196,,,,,,,0.0,0.0,0.0,0.0,0.0,0.0,370,67,469,190,469,190,416,158,0.0,0.0
Alex Paulsen,Bournemouth,GKP,4.0,0,0,0.0,0.1,0,0,0,0,0,0,0,0,0,0,0,0,0.0,0.0,0.0,0.0,0.0,0,0.0,0.0,1107,2009,324,1198,0.0,0.0,0.0,0.0,0.0,0.0,0.0,0.0,0,0,0,0,0,0.0,Has joined Lechia Gdansk on loan for the rest of the season.,401,58,392,42,345,38,411,58,,,,,,,0.0,0.0,0.0,0.0,0.0,0.0,657,73,409,58,409,58,440,67,0.0,0.0
Nathan Patterson,Everton,DEF,4.5,0,0,0.0,0.0,0,0,0,0,0,0,0,0,0,0,0,0,0.0,0.0,0.0,0.0,0.0,0,0.0,0.0,88,1238,27,572,0.0,0.0,0.0,0.0,0.0,0.0,0.0,0.0,0,0,0,0,0,0.0,Hernia - Unknown return date,487,209,480,208,445,193,494,210,,,,,,,0.0,0.0,0.0,0.0,0.0,0.0,428,108,496,205,496,205,645,220,0.0,0.0
Isaac Schmidt,Leeds,DEF,4.0,0,0,0.0,0.2,0,0,0,0,0,0,0,0,0,0,0,0,0.0,0.0,0.0,0.0,0.0,0,0.0,0.0,620,3816,202,1737,0.0,0.0,0.0,0.0,0.0,0.0,0.0,0.0,0,0,0,0,0,0.0,,400,149,391,149,344,124,410,153,,,,,,,0.0,0.0,0.0,0.0,0.0,0.0,655,192,408,144,408,144,391,144,0.0,0.0
Illia Zabarnyi,Bournemouth,DEF,5.0,0,0,0.0,0.0,0,0,0,0,0,0,0,0,0,0,0,0,0.0,0.0,0.0,0.0,0.0,0,0.0,0.0,0,6178,0,1289,0.0,0.0,0.0,0.0,0.0,0.0,0.0,0.0,0,0,0,0,0,0.0,Has joined Paris Saint-Germain permanently.,638,228,638,226,617,218,642,228,,,,,,,0.0,0.0,0.0,0.0,0.0,0.0,297,49,641,225,641,225,584,211,0.0,0.0
Matai Akinmboni,Bournemouth,DEF,4.0,0,0,0.0,0.3,0,0,0,0,0,0,0,0,0,0,0,0,0.0,0.0,0.0,0.0,0.0,0,0.0,0.0,3556,6177,1446,3122,0.0,0.0,0.0,0.0,0.0,0.0,0.0,0.0,0,0,0,0,0,0.0,,415,160,405,159,359,135,424,163,,,,,,,0.0,0.0,0.0,0.0,0.0,0.0,673,206,423,155,423,155,307,113,0.0,0.0
Roman Dixon,Everton,DEF,4.0,0,0,0.0,0.2,0,0,0,0,0,0,0,0,0,0,0,0,0.0,0.0,0.0,0.0,0.0,0,0.0,0.0,1686,4461,619,2089,0.0,0.0,0.0,0.0,0.0,0.0,0.0,0.0,0,0,0,0,0,0.0,,402,150,393,150,346,125,412,154,,,,,,,0.0,0.0,0.0,0.0,0.0,0.0,658,194,410,145,410,145,354,127,0.0,0.0
Sebastiaan Bornauw,Leeds,DEF,4.0,0,0,0.0,0.1,0,0,0,0,0,0,0,0,0,0,0,0,0.0,0.0,0.0,0.0,0.0,0,0.0,0.0,235,1498,135,553,0.0,0.0,0.0,0.0,0.0,0.0,0.0,0.0,0,0,0,0,0,0.0,,373,136,364,136,315,109,383,140,,,,,,,0.0,0.0,0.0,0.0,0.0,0.0,623,174,381,131,381,131,551,202,0.0,0.0
Jaka Bijol,Leeds,DEF,4.0,0,0,0.0,0.2,0,0,0,0,0,0,0,0,0,0,0,0,0.0,0.0,0.0,0.0,0.0,0,0.0,0.0,2583,2782,771,1630,0.0,0.0,0.0,0.0,0.0,0.0,0.0,0.0,0,0,0,0,0,0.0,,371,134,362,134,313,107,381,138,,,,,,,0.0,0.0,0.0,0.0,0.0,0.0,621,172,379,129,379,129,392,145,0.0,0.0
Owen Bevan,Bournemouth,DEF,4.0,0,0,0.0,0.2,0,0,0,0,0,0,0,0,0,0,0,0,0.0,0.0,0.0,0.0,0.0,0,0.0,0.0,1164,3379,457,1531,0.0,0.0,0.0,0.0,0.0,0.0,0.0,0.0,0,0,0,0,0,0.0,,413,159,403,158,356,133,422,162,,,,,,,0.0,0.0,0.0,0.0,0.0,0.0,669,203,421,154,421,154,399,147,0.0,0.0
Reece Welch,Everton,DEF,4.0,0,0,0.0,0.2,0,0,0,0,0,0,0,0,0,0,0,0,0.0,0.0,0.0,0.0,0.0,0,0.0,0.0,739,2959,272,1309,0.0,0.0,0.0,0.0,0.0,0.0,0.0,0.0,0,0,0,0,0,0.0,,389,144,380,144,333,119,399,148,,,,,,,0.0,0.0,0.0,0.0,0.0,0.0,642,185,397,139,397,139,422,160,0.0,0.0
Karl Darlow,Leeds,GKP,4.0,0,0,0.0,2.7,0,0,0,0,0,0,0,0,0,0,0,0,0.0,0.0,0.0,0.0,0.0,0,0.0,0.0,10668,38016,3509,20452,0.0,0.0,0.0,0.0,0.0,0.0,0.0,0.0,0,0,0,0,0,0.0,,334,24,323,7,272,3,344,24,,,,,,,0.0,0.0,0.0,0.0,0.0,0.0,578,38,343,24,343,24,105,14,0.0,0.0
Alex Cairns,Leeds,GKP,4.0,0,0,0.0,0.2,0,0,0,0,0,0,0,0,0,0,0,0,0.0,0.0,0.0,0.0,0.0,0,0.0,0.0,1168,2441,416,1186,0.0,0.0,0.0,0.0,0.0,0.0,0.0,0.0,0,0,0,0,0,0.0,,341,30,331,14,280,10,351,30,,,,,,,0.0,0.0,0.0,0.0,0.0,0.0,586,45,350,30,350,30,364,53,0.0,0.0
Illan Meslier,Leeds,GKP,4.5,0,0,0.0,0.6,0,0,0,0,0,0,0,0,0,0,0,0,0.0,0.0,0.0,0.0,0.0,0,0.0,0.0,2460,17596,709,7414,0.0,0.0,0.0,0.0,0.0,0.0,0.0,0.0,0,0,0,0,0,0.0,,488,76,481,63,447,60,495,76,,,,,,,0.0,0.0,0.0,0.0,0.0,0.0,433,27,497,76,497,76,222,31,0.0,0.0
Benjamin Lecomte,Fulham,GKP,4.0,0,0,0.0,0.8,0,0,0,0,0,0,0,0,0,0,0,0,0.0,0.0,0.0,0.0,0.0,0,0.0,0.0,3383,8064,1230,3996,0.0,0.0,0.0,0.0,0.0,0.0,0.0,0.0,0,0,0,0,0,0.0,,339,29,329,13,278,9,349,29,,,,,,,0.0,0.0,0.0,0.0,0.0,0.0,584,44,348,29,348,29,198,27,0.0,0.0
Julián J.Araujo,Bournemouth,DEF,4.0,0,0,0.0,1.1,0,0,0,0,0,0,0,0,0,0,0,0,0.0,0.0,0.0,0.0,0.0,0,0.0,0.0,11683,26046,4601,13584,0.0,0.0,0.0,0.0,0.0,0.0,0.0,0.0,0,0,0,0,0,0.0,Suspended until 13 Sep,372,135,363,135,314,108,382,139,,,,,,,0.0,0.0,0.0,0.0,0.0,0.0,622,173,380,130,380,130,177,66,0.0,0.0
Harrison Reed,Fulham,MID,4.5,0,0,0.0,0.2,0,0,0,0,0,0,0,0,0,0,0,0,0.0,0.0,0.0,0.0,0.0,0,0.0,0.0,1740,6619,499,3005,0.0,0.0,0.0,0.0,0.0,0.0,0.0,0.0,0,0,0,0,0,0.0,,470,166,462,172,422,154,478,169,,,,,,,0.0,0.0,0.0,0.0,0.0,0.0,390,234,480,176,480,176,349,122,0.0,0.0
Kepa Arrizabalaga,Arsenal,GKP,4.5,0,0,0.0,0.7,0,0,0,0,0,0,0,0,0,0,0,0,0.0,0.0,0.0,0.0,0.0,0,0.0,0.0,3064,22085,934,10121,0.0,0.0,0.0,0.0,0.0,0.0,0.0,0.0,0,0,0,0,0,0.0,,464,73,456,58,415,54,472,73,,,,,,,0.0,0.0,0.0,0.0,0.0,0.0,382,21,474,73,474,73,207,29,0.0,0.0
Darwin Darwin,Liverpool,FWD,6.5,0,0,0.0,0.1,0,0,0,0,0,0,0,0,0,0,0,0,0.0,0.0,0.0,0.0,0.0,0,0.0,0.0,0,12976,0,2387,0.0,0.0,0.0,0.0,0.0,0.0,0.0,0.0,0,0,0,0,0,0.0,Has joined Al-Hilal permanently.,698,72,699,72,699,72,699,72,,,,,,,0.0,0.0,0.0,0.0,0.0,0.0,60,18,698,72,698,72,493,66,0.0,0.0
Jayden Danns,Liverpool,FWD,4.5,0,0,0.0,0.1,0,0,0,0,0,0,0,0,0,0,0,0,0.0,0.0,0.0,0.0,0.0,0,0.0,0.0,1541,4918,595,2283,0.0,0.0,0.0,0.0,0.0,0.0,0.0,0.0,0,0,0,0,0,0.0,,520,38,515,38,483,38,526,40,,,,,,,0.0,0.0,0.0,0.0,0.0,0.0,482,60,528,40,528,40,442,62,0.0,0.0
Jesurun J.Rak-Sakyi,Crystal Palace,MID,4.5,0,0,0.0,0.1,0,0,0,0,0,0,0,0,0,0,0,0,0.0,0.0,0.0,0.0,0.0,0,0.0,0.0,729,1799,225,836,0.0,0.0,0.0,0.0,0.0,0.0,0.0,0.0,0,0,0,0,0,0.0,,497,177,490,183,457,167,504,180,,,,,,,0.0,0.0,0.0,0.0,0.0,0.0,445,247,506,187,506,187,547,205,0.0,0.0
Jadon Sancho,Man Utd,MID,5.9,0,0,0.0,0.1,0,0,0,0,0,0,0,0,0,0,0,0,0.0,0.0,0.0,0.0,0.0,0,0.0,0.0,1032,4671,489,1919,-0.1,0.1,-0.1,0.1,0.0,0.0,0.0,0.0,0,0,0,0,0,0.0,,684,302,688,305,685,304,687,304,,,,,,,0.0,0.0,0.0,0.0,0.0,0.0,103,69,686,305,686,305,471,159,0.0,0.0
Rasmus Højlund,Man Utd,FWD,6.4,0,0,0.0,0.5,0,0,0,0,0,0,0,0,0,0,0,0,0.0,0.0,0.0,0.0,0.0,0,0.0,0.0,4287,26315,1855,10501,-0.1,0.1,0.0,0.0,0.0,0.0,0.0,0.0,0,0,0,0,0,0.0,,694,70,696,70,695,70,695,70,,,,,,,0.0,0.0,0.0,0.0,0.0,0.0,77,23,695,70,695,70,242,41,0.0,0.0
Jack Moorhouse,Man Utd,MID,4.5,0,0,0.0,0.0,0,0,0,0,0,0,0,0,0,0,0,0,0.0,0.0,0.0,0.0,0.0,0,0.0,0.0,270,772,112,347,0.0,0.0,0.0,0.0,0.0,0.0,0.0,0.0,0,0,0,0,0,0.0,,550,214,545,220,514,204,556,217,,,,,,,0.0,0.0,0.0,0.0,0.0,0.0,518,288,558,224,558,224,624,262,0.0,0.0
Sékou Kone,Man Utd,MID,4.5,0,0,0.0,0.1,0,0,0,0,0,0,0,0,0,0,0,0,0.0,0.0,0.0,0.0,0.0,0,0.0,0.0,1019,2283,396,1077,0.0,0.0,0.0,0.0,0.0,0.0,0.0,0.0,0,0,0,0,0,0.0,,582,234,577,240,545,224,587,237,,,,,,,0.0,0.0,0.0,0.0,0.0,0.0,556,311,587,242,587,242,522,186,0.0,0.0
Jack J.Fletcher,Man Utd,MID,4.5,0,0,0.0,0.0,0,0,0,0,0,0,0,0,0,0,0,0,0.0,0.0,0.0,0.0,0.0,0,0.0,0.0,303,1000,116,479,0.0,0.0,0.0,0.0,0.0,0.0,0.0,0.0,0,0,0,0,0,0.0,,540,207,535,213,504,197,546,210,,,,,,,0.0,0.0,0.0,0.0,0.0,0.0,506,280,548,217,548,217,607,248,0.0,0.0
Jayce Fitzgerald,Man Utd,MID,4.5,0,0,0.0,0.0,0,0,0,0,0,0,0,0,0,0,0,0,0.0,0.0,0.0,0.0,0.0,0,0.0,0.0,286,919,116,407,0.0,0.0,0.0,0.0,0.0,0.0,0.0,0.0,0,0,0,0,0,0.0,,549,213,544,219,513,203,555,216,,,,,,,0.0,0.0,0.0,0.0,0.0,0.0,517,287,557,223,557,223,604,246,0.0,0.0
Toby Collyer,Man Utd,MID,4.5,0,0,0.0,0.1,0,0,0,0,0,0,0,0,0,0,0,0,0.0,0.0,0.0,0.0,0.0,0,0.0,0.0,423,4726,0,2082,0.0,0.0,0.0,0.0,0.0,0.0,0.0,0.0,0,0,0,0,0,0.0,Has joined West Bromwich Albion on loan for the rest of the season.,508,185,503,191,471,175,515,188,,,,,,,0.0,0.0,0.0,0.0,0.0,0.0,466,257,517,195,517,195,529,190,0.0,0.0
Hákon Rafn Valdimarsson,Brentford,GKP,4.0,0,0,0.0,0.9,0,0,0,0,0,0,0,0,0,0,0,0,0.0,0.0,0.0,0.0,0.0,0,0.0,0.0,2670,10639,920,5419,0.0,0.0,0.0,0.0,0.0,0.0,0.0,0.0,0,0,0,0,0,0.0,,406,60,397,44,350,40,416,60,,,,,,,0.0,0.0,0.0,0.0,0.0,0.0,662,75,414,60,414,60,192,25,0.0,0.0
Kobbie Mainoo,Man Utd,MID,4.9,0,0,0.0,0.6,0,0,0,0,0,0,0,0,0,0,0,0,0.0,0.0,0.0,0.0,0.0,0,0.0,0.0,6652,26525,2773,12084,-0.1,0.1,-0.1,0.1,0.0,0.0,0.0,0.0,0,0,0,0,0,0.0,,613,252,607,258,577,243,617,255,,,,,,,0.0,0.0,0.0,0.0,0.0,0.0,359,227,617,259,617,259,229,77,0.0,0.0
Julian Eyestone,Brentford,GKP,4.0,0,0,0.0,0.1,0,0,0,0,0,0,0,0,0,0,0,0,0.0,0.0,0.0,0.0,0.0,0,0.0,0.0,435,1005,156,467,0.0,0.0,0.0,0.0,0.0,0.0,0.0,0.0,0,0,0,0,0,0.0,,414,61,404,45,358,41,423,61,,,,,,,0.0,0.0,0.0,0.0,0.0,0.0,672,76,422,61,422,61,524,75,0.0,0.0
Sam Proctor,Aston Villa,GKP,4.0,0,0,0.0,0.2,0,0,0,0,0,0,0,0,0,0,0,0,0.0,0.0,0.0,0.0,0.0,0,0.0,0.0,7100,767,7100,767,0.0,0.0,0.0,0.0,0.0,0.0,0.0,0.0,0,0,0,0,0,0.0,,427,64,417,48,371,44,436,64,,,,,,,0.0,0.0,0.0,0.0,0.0,0.0,685,79,435,64,435,64,370,56,0.0,0.0
Malcolm Ebiowei,Crystal Palace,MID,4.5,0,0,0.0,0.0,0,0,0,0,0,0,0,0,0,0,0,0,0.0,0.0,0.0,0.0,0.0,0,0.0,0.0,0,427,0,124,0.0,0.0,0.0,0.0,0.0,0.0,0.0,0.0,0,0,0,0,0,0.0,Has joined Blackpool permanently.,495,175,488,181,455,165,502,178,,,,,,,0.0,0.0,0.0,0.0,0.0,0.0,443,245,504,185,504,185,689,305,0.0,0.0
Antony Antony,Man Utd,MID,5.9,0,0,0.0,0.1,0,0,0,0,0,0,0,0,0,0,0,0,0.0,0.0,0.0,0.0,0.0,0,0.0,0.0,1202,4666,599,2001,-0.1,0.1,-0.1,0.1,0.0,0.0,0.0,0.0,0,0,0,0,0,0.0,,688,305,691,307,688,306,690,306,,,,,,,0.0,0.0,0.0,0.0,0.0,0.0,112,76,689,307,689,307,473,161,0.0,0.0
Alejandro Garnacho,Man Utd,MID,6.4,0,0,0.0,0.2,0,0,0,0,0,0,0,0,0,0,0,0,0.0,0.0,0.0,0.0,0.0,0,0.0,0.0,1798,7274,1022,3019,-0.1,0.1,-0.1,0.1,0.0,0.0,0.0,0.0,0,0,0,0,0,0.0,,693,308,695,310,694,309,694,309,,,,,,,0.0,0.0,0.0,0.0,0.0,0.0,75,53,694,310,694,310,373,128,0.0,0.0
Borna Sosa,Crystal Palace,DEF,5.0,0,0,0.0,0.1,0,0,0,0,0,0,0,0,0,0,0,0,0.0,0.0,0.0,0.0,0.0,0,0.0,0.0,1433,3679,575,1652,0.0,0.0,0.0,0.0,0.0,0.0,0.0,0.0,0,0,0,0,0,0.0,,625,227,624,225,601,216,629,227,4.0,,,,,,0.0,0.0,0.0,0.0,0.0,0.0,263,40,628,224,628,224,443,166,0.0,0.0
Marcus Rashford,Man Utd,MID,7.0,0,0,0.0,0.0,0,0,0,0,0,0,0,0,0,0,0,0,0.0,0.0,0.0,0.0,0.0,0,0.0,0.0,0,1275,0,247,0.0,0.0,0.0,0.0,0.0,0.0,0.0,0.0,0,0,0,0,0,0.0,Has joined Barcelona on loan for the rest of the season,702,313,703,314,703,314,703,314,,,,,,,0.0,0.0,0.0,0.0,0.0,0.0,32,19,702,314,702,314,633,270,0.0,0.0
Max Weiss,Burnley,GKP,4.5,0,0,0.0,0.2,0,0,0,0,0,0,0,0,0,0,0,0,0.0,0.0,0.0,0.0,0.0,0,0.0,0.0,1067,3702,388,1551,0.0,0.0,0.0,0.0,0.0,0.0,0.0,0.0,0,0,0,0,0,0.0,,527,78,522,68,491,66,533,78,,,,,,,0.0,0.0,0.0,0.0,0.0,0.0,491,33,535,78,535,78,408,60,0.0,0.0
Etienne Green,Burnley,GKP,4.0,0,0,0.0,0.4,0,0,0,0,0,0,0,0,0,0,0,0,0.0,0.0,0.0,0.0,0.0,0,0.0,0.0,3989,5250,1454,2645,0.0,0.0,0.0,0.0,0.0,0.0,0.0,0.0,0,0,0,0,0,0.0,,395,56,386,40,339,36,405,56,,,,,,,0.0,0.0,0.0,0.0,0.0,0.0,650,71,403,56,403,56,265,37,0.0,0.0
Tyrell Malacia,Man Utd,DEF,4.0,0,0,0.0,0.3,0,0,0,0,0,0,0,0,0,0,0,0,0.0,0.0,0.0,0.0,0.0,0,0.0,0.0,2088,6784,697,3245,0.0,0.0,0.0,0.0,0.0,0.0,0.0,0.0,0,0,0,0,0,0.0,,362,129,353,129,303,101,372,133,,,,,,,0.0,0.0,0.0,0.0,0.0,0.0,610,165,370,124,370,124,315,117,0.0,0.0
Matthew Cox,Brentford,GKP,4.0,0,0,0.0,0.1,0,0,0,0,0,0,0,0,0,0,0,0,0.0,0.0,0.0,0.0,0.0,0,0.0,0.0,1140,1747,455,840,0.0,0.0,0.0,0.0,0.0,0.0,0.0,0.0,0,0,0,0,0,0.0,,405,59,396,43,349,39,415,59,,,,,,,0.0,0.0,0.0,0.0,0.0,0.0,661,74,413,59,413,59,424,62,0.0,0.0
Tyler Fredricson,Man Utd,DEF,4.0,0,0,0.0,0.1,0,0,0,0,0,0,0,0,0,0,0,0,0.0,0.0,0.0,0.0,0.0,0,0.0,0.0,348,2306,130,981,0.0,0.0,0.0,0.0,0.0,0.0,0.0,0.0,0,0,0,0,0,0.0,,417,162,407,161,361,137,426,165,,,,,,,0.0,0.0,0.0,0.0,0.0,0.0,675,208,425,157,425,157,485,184,0.0,0.0
Joshua Zirkzee,Man Utd,FWD,5.9,0,0,0.0,0.4,0,0,0,0,0,0,0,0,0,0,0,0,0.0,0.0,0.0,0.0,0.0,0,0.0,0.0,6501,16447,2297,8004,-0.1,0.1,-0.1,0.1,0.0,0.0,0.0,0.0,0,0,0,0,0,0.0,,687,68,690,69,687,68,689,69,,,,,,,0.0,0.0,0.0,0.0,0.0,0.0,111,28,688,69,688,69,274,47,0.0,0.0
Chido Obi,Man Utd,FWD,4.5,0,0,0.0,1.8,0,0,0,0,0,0,0,0,0,0,0,0,0.0,0.0,0.0,0.0,0.0,0,0.0,0.0,10810,57729,2720,31085,0.0,0.0,0.0,0.0,0.0,0.0,0.0,0.0,0,0,0,0,0,0.0,,573,51,568,51,536,50,578,52,,,,,,,0.0,0.0,0.0,0.0,0.0,0.0,542,73,580,52,580,52,138,24,0.0,0.0
Ethan Wheatley,Man Utd,FWD,4.5,0,0,0.0,0.1,0,0,0,0,0,0,0,0,0,0,0,0,0.0,0.0,0.0,0.0,0.0,0,0.0,0.0,1135,3905,380,1845,0.0,0.0,0.0,0.0,0.0,0.0,0.0,0.0,0,0,0,0,0,0.0,,560,46,555,46,523,45,565,47,,,,,,,0.0,0.0,0.0,0.0,0.0,0.0,528,68,567,47,567,47,449,63,0.0,0.0
Remi Matthews,Crystal Palace,GKP,4.0,0,0,0.0,0.1,0,0,0,0,0,0,0,0,0,0,0,0,0.0,0.0,0.0,0.0,0.0,0,0.0,0.0,664,1244,260,578,0.0,0.0,0.0,0.0,0.0,0.0,0.0,0.0,0,0,0,0,0,0.0,,354,37,344,21,293,17,364,37,,,,,,,0.0,0.0,0.0,0.0,0.0,0.0,599,52,362,37,362,37,476,72,0.0,0.0
Romain Faivre,Bournemouth,MID,4.5,0,0,0.0,0.2,0,0,0,0,0,0,0,0,0,0,0,0,0.0,0.0,0.0,0.0,0.0,0,0.0,0.0,2574,5427,859,2538,0.0,0.0,0.0,0.0,0.0,0.0,0.0,0.0,0,0,0,0,0,0.0,,493,173,486,179,452,163,500,176,,,,,,,0.0,0.0,0.0,0.0,0.0,0.0,438,243,502,183,502,183,387,134,0.0,0.0
Kadan Young,Aston Villa,MID,4.5,0,0,0.0,0.6,0,0,0,0,0,0,0,0,0,0,0,0,0.0,0.0,0.0,0.0,0.0,0,0.0,0.0,10126,19543,3490,9304,0.0,0.0,0.0,0.0,0.0,0.0,0.0,0.0,0,0,0,0,0,0.0,,539,206,534,212,503,196,545,209,,,,,,,0.0,0.0,0.0,0.0,0.0,0.0,505,279,547,216,547,216,221,73,0.0,0.0
Ethan Pinnock,Brentford,DEF,4.5,0,0,0.0,0.2,0,0,0,0,0,0,0,0,0,0,0,0,0.0,0.0,0.0,0.0,0.0,0,0.0,0.0,763,8074,155,3261,0.0,0.0,0.0,0.0,0.0,0.0,0.0,0.0,0,0,0,0,0,0.0,,483,207,476,206,439,189,490,208,,,,,,,0.0,0.0,0.0,0.0,0.0,0.0,420,102,492,203,492,203,410,155,0.0,0.0
Nicolas N.Jackson,Chelsea,FWD,6.5,0,0,0.0,0.1,0,0,0,0,0,0,0,0,0,0,0,0,0.0,0.0,0.0,0.0,0.0,0,0.0,0.0,3868,6413,999,4705,0.0,0.0,0.0,0.0,0.0,0.0,0.0,0.0,0,0,0,0,0,0.0,Won’t be considered for selection on 22/8. - Unknown return date,699,73,700,73,700,73,700,73,,,,,,,0.0,0.0,0.0,0.0,0.0,0.0,64,19,699,73,699,73,436,61,0.0,0.0
Matt Targett,Newcastle,DEF,4.0,0,0,0.0,0.5,0,0,0,0,0,0,0,0,0,0,0,0,0.0,0.0,0.0,0.0,0.0,0,0.0,0.0,3073,9732,1133,4260,0.0,0.0,0.0,0.0,0.0,0.0,0.0,0.0,0,0,0,0,0,0.0,,353,123,343,122,292,93,363,127,,,,,,,0.0,0.0,0.0,0.0,0.0,0.0,598,156,361,118,361,118,255,92,0.0,0.0
Miodrag Pivas,Newcastle,DEF,4.0,0,0,0.0,0.1,0,0,0,0,0,0,0,0,0,0,0,0,0.0,0.0,0.0,0.0,0.0,0,0.0,0.0,379,2402,142,919,0.0,0.0,0.0,0.0,0.0,0.0,0.0,0.0,0,0,0,0,0,0.0,,433,174,423,173,377,149,442,177,,,,,,,0.0,0.0,0.0,0.0,0.0,0.0,692,221,441,169,441,169,463,174,0.0,0.0
Harrison Ashby,Newcastle,DEF,4.0,0,0,0.0,0.1,0,0,0,0,0,0,0,0,0,0,0,0,0.0,0.0,0.0,0.0,0.0,0,0.0,0.0,464,2666,160,1093,0.0,0.0,0.0,0.0,0.0,0.0,0.0,0.0,0,0,0,0,0,0.0,,375,138,366,138,317,111,385,142,,,,,,,0.0,0.0,0.0,0.0,0.0,0.0,625,176,383,133,383,133,452,170,0.0,0.0
Alex A.Murphy,Newcastle,DEF,4.0,0,0,0.0,0.8,0,0,0,0,0,0,0,0,0,0,0,0,0.0,0.0,0.0,0.0,0.0,0,0.0,0.0,7687,17151,3261,7629,0.0,0.0,0.0,0.0,0.0,0.0,0.0,0.0,0,0,0,0,0,0.0,,416,161,406,160,360,136,425,164,,,,,,,0.0,0.0,0.0,0.0,0.0,0.0,674,207,424,156,424,156,203,74,0.0,0.0
Jamaal Lascelles,Newcastle,DEF,4.5,0,0,0.0,0.1,0,0,0,0,0,0,0,0,0,0,0,0,0.0,0.0,0.0,0.0,0.0,0,0.0,0.0,454,2031,226,745,0.0,0.0,0.0,0.0,0.0,0.0,0.0,0.0,0,0,0,0,0,0.0,,462,195,454,195,411,174,470,197,,,,,,,0.0,0.0,0.0,0.0,0.0,0.0,376,71,472,192,472,192,525,197,0.0,0.0
Emil Krafth,Newcastle,DEF,4.5,0,0,0.0,0.0,0,0,0,0,0,0,0,0,0,0,0,0,0.0,0.0,0.0,0.0,0.0,0,0.0,0.0,354,1249,194,455,0.0,0.0,0.0,0.0,0.0,0.0,0.0,0.0,0,0,0,0,0,0.0,,466,197,458,197,417,178,474,199,,,,,,,0.0,0.0,0.0,0.0,0.0,0.0,384,77,476,194,476,194,574,206,0.0,0.0
Zépiqueno Redmond,Aston Villa,FWD,4.5,0,0,0.0,0.8,0,0,0,0,0,0,0,0,0,0,0,0,0.0,0.0,0.0,0.0,0.0,0,0.0,0.0,15167,26095,4342,13764,0.0,0.0,0.0,0.0,0.0,0.0,0.0,0.0,0,0,0,0,0,0.0,,563,47,558,47,526,46,568,48,,,,,,,0.0,0.0,0.0,0.0,0.0,0.0,531,69,570,48,570,48,197,31,0.0,0.0
Jorrel Hato,Chelsea,DEF,4.9,0,0,0.0,0.3,0,0,21,0,0,0,0,0,0,1,0,0,1.2,1.0,0.0,0.2,0.0,0,0.0,0.0,3643,13183,1619,6335,-0.1,0.1,-0.1,0.1,0.0,0.0,0.0,0.44,0,0,1,1,1,4.29,,320,115,283,100,579,213,336,118,,,,,,,0.0,0.0,0.0,0.0,1.89,0.0,361,63,619,223,619,223,327,120,0.0,0.0
James Wright,Aston Villa,GKP,4.0,0,0,0.0,0.5,0,0,0,0,0,0,0,0,0,0,0,0,0.0,0.0,0.0,0.0,0.0,0,0.0,0.0,16840,5752,4223,4187,0.0,0.0,0.0,0.0,0.0,0.0,0.0,0.0,0,0,0,0,0,0.0,,392,53,383,37,336,33,402,53,,,,,,,0.0,0.0,0.0,0.0,0.0,0.0,647,68,400,53,400,53,241,34,0.0,0.0
Sven Botman,Newcastle,DEF,4.9,0,0,0.0,0.4,0,0,0,0,0,0,0,0,0,0,0,0,0.0,0.0,0.0,0.0,0.0,0,0.0,0.0,4627,15143,2659,5476,-0.1,0.1,-0.1,0.1,0.0,0.0,0.0,0.0,0,0,0,0,0,0.0,,599,221,594,220,563,207,604,222,,,,,,,0.0,0.0,0.0,0.0,0.0,0.0,343,57,603,217,603,217,262,99,0.0,0.0
Triston Rowe,Aston Villa,DEF,4.0,0,0,0.0,0.1,0,0,0,0,0,0,0,0,0,0,0,0,0.0,0.0,0.0,0.0,0.0,0,0.0,0.0,5362,861,5362,861,0.0,0.0,0.0,0.0,0.0,0.0,0.0,0.0,0,0,0,0,0,0.0,,429,170,419,169,373,145,438,173,,,,,,,0.0,0.0,0.0,0.0,0.0,0.0,687,216,437,165,437,165,465,176,0.0,0.0
Walter Benitez,Crystal Palace,GKP,4.0,0,0,0.0,0.4,0,0,0,0,0,0,0,0,0,0,0,0,0.0,0.0,0.0,0.0,0.0,0,0.0,0.0,3210,4692,1234,2324,0.0,0.0,0.0,0.0,0.0,0.0,0.0,0.0,0,0,0,0,0,0.0,,347,33,337,17,286,13,357,33,,,,,,,0.0,0.0,0.0,0.0,0.0,0.0,592,48,355,33,355,33,266,38,0.0,0.0
Odysseas Odysseas,Newcastle,GKP,4.0,0,0,0.0,0.0,0,0,0,0,0,0,0,0,0,0,0,0,0.0,0.0,0.0,0.0,0.0,0,0.0,0.0,0,1067,0,304,0.0,0.0,0.0,0.0,0.0,0.0,0.0,0.0,0,0,0,0,0,0.0,Has joined Sevilla on loan for the rest of the season.,345,32,335,16,284,12,355,32,,,,,,,0.0,0.0,0.0,0.0,0.0,0.0,590,47,354,32,354,32,627,76,0.0,0.0
Mark Gillespie,Newcastle,GKP,4.0,0,0,0.0,0.2,0,0,0,0,0,0,0,0,0,0,0,0,0.0,0.0,0.0,0.0,0.0,0,0.0,0.0,1111,1857,498,844,0.0,0.0,0.0,0.0,0.0,0.0,0.0,0.0,0,0,0,0,0,0.0,,337,27,327,11,276,7,347,27,,,,,,,0.0,0.0,0.0,0.0,0.0,0.0,582,42,346,27,346,27,420,61,0.0,0.0
Bradley Burrowes,Aston Villa,MID,4.5,0,0,0.0,0.1,0,0,0,0,0,0,0,0,0,0,0,0,0.0,0.0,0.0,0.0,0.0,0,0.0,0.0,2907,747,2907,747,0.0,0.0,0.0,0.0,0.0,0.0,0.0,0.0,0,0,0,0,0,0.0,,586,238,581,244,549,228,591,241,,,,,,,0.0,0.0,0.0,0.0,0.0,0.0,560,315,591,246,591,246,544,202,0.0,0.0
Harry Amass,Man Utd,DEF,4.0,0,0,0.0,0.2,0,0,0,0,0,0,0,0,0,0,0,0,0.0,0.0,0.0,0.0,0.0,0,0.0,0.0,993,3871,348,1744,0.0,0.0,0.0,0.0,0.0,0.0,0.0,0.0,0,0,0,0,0,0.0,,432,173,422,172,376,148,441,176,,,,,,,0.0,0.0,0.0,0.0,0.0,0.0,691,220,440,168,440,168,400,148,0.0,0.0
Václav Hladký,Burnley,GKP,4.0,0,0,0.0,0.2,0,0,0,0,0,0,0,0,0,0,0,0,0.0,0.0,0.0,0.0,0.0,0,0.0,0.0,1212,2729,411,1260,0.0,0.0,0.0,0.0,0.0,0.0,0.0,0.0,0,0,0,0,0,0.0,,332,23,321,6,270,2,342,23,,,,,,,0.0,0.0,0.0,0.0,0.0,0.0,576,37,341,23,341,23,367,55,0.0,0.0
Connor Roberts,Burnley,DEF,4.5,0,0,0.0,0.1,0,0,0,0,0,0,0,0,0,0,0,0,0.0,0.0,0.0,0.0,0.0,0,0.0,0.0,473,3746,32,2030,0.0,0.0,0.0,0.0,0.0,0.0,0.0,0.0,0,0,0,0,0,0.0,Knock - Expected back 14 Sep,473,200,464,199,425,181,480,201,,,,,,,0.0,0.0,0.0,0.0,0.0,0.0,397,85,482,196,482,196,530,199,0.0,0.0
Daichi Kamada,Crystal Palace,MID,5.0,0,0,0.0,0.0,0,0,0,0,0,0,0,0,0,0,0,0,0.0,0.0,0.0,0.0,0.0,0,0.0,0.0,68,853,30,252,0.0,0.0,0.0,0.0,0.0,0.0,0.0,0.0,0,0,0,0,0,0.0,,624,262,622,266,599,254,628,265,5.0,,,,,,0.0,0.0,0.0,0.0,0.0,0.0,257,162,627,267,627,267,659,286,0.0,0.0
Axel Tuanzebe,Burnley,DEF,4.0,0,0,0.0,1.8,0,0,0,0,0,0,0,0,0,0,0,0,0.0,0.0,0.0,0.0,0.0,0,0.0,0.0,3565,53117,285,28681,0.0,0.0,0.0,0.0,0.0,0.0,0.0,0.0,0,0,0,0,0,0.0,,355,124,345,123,294,94,365,128,,,,,,,0.0,0.0,0.0,0.0,0.0,0.0,600,157,363,119,363,119,133,52,0.0,0.0
Yoane Wissa,Brentford,FWD,7.5,0,0,0.0,1.2,0,0,0,0,0,0,0,0,0,0,0,0,0.0,0.0,0.0,0.0,0.0,0,0.0,0.0,5837,150963,1235,48879,0.0,0.0,0.0,0.0,0.0,0.0,0.0,0.0,0,0,0,0,0,0.0,Won’t be considered for selection on 30/8. - Unknown return date,704,74,704,74,704,74,704,74,,,,,1.0,,0.0,0.0,0.0,0.0,0.0,0.0,22,9,703,74,703,74,175,30,0.0,0.0
Manuel Benson,Burnley,MID,5.5,0,0,0.0,0.0,0,0,0,0,0,0,0,0,0,0,0,0,0.0,0.0,0.0,0.0,0.0,0,0.0,0.0,350,863,231,347,0.0,0.0,0.0,0.0,0.0,0.0,0.0,0.0,0,0,0,0,0,0.0,,674,294,678,297,666,291,678,297,,,,,,,0.0,0.0,0.0,0.0,0.0,0.0,137,86,677,298,677,298,631,268,0.0,0.0
Sávio Savinho,Man City,MID,6.9,0,0,0.0,0.5,0,0,0,0,0,0,0,0,0,0,0,0,0.0,0.0,0.0,0.0,0.0,0,0.0,0.0,437,61138,175,12603,-0.1,0.1,0.0,0.0,0.0,0.0,0.0,0.0,0,0,0,0,0,0.0,Knock - Expected back 14 Sep,701,312,702,313,702,313,702,313,,,,,,,0.0,0.0,0.0,0.0,0.0,0.0,43,29,701,313,701,313,244,81,0.0,0.0
Cheick Doucouré,Crystal Palace,MID,5.0,0,0,0.0,0.0,0,0,0,0,0,0,0,0,0,0,0,0,0.0,0.0,0.0,0.0,0.0,0,0.0,0.0,43,178,14,72,0.0,0.0,0.0,0.0,0.0,0.0,0.0,0.0,0,0,0,0,0,0.0,Knee injury - Unknown return date,634,269,634,273,611,261,638,272,,,,,,,0.0,0.0,0.0,0.0,0.0,0.0,284,177,637,274,637,274,697,309,0.0,0.0
Vitor Vitor Reis,Man City,DEF,5.0,0,0,0.0,0.0,0,0,0,0,0,0,0,0,0,0,0,0,0.0,0.0,0.0,0.0,0.0,0,0.0,0.0,0,611,0,155,0.0,0.0,0.0,0.0,0.0,0.0,0.0,0.0,0,0,0,0,0,0.0,Has joined Girona on loan for the rest of the season.,651,229,651,227,632,219,655,229,,,,,,,0.0,0.0,0.0,0.0,0.0,0.0,326,53,655,227,655,227,683,231,0.0,0.0
Nico O’Reilly,Man City,DEF,4.9,0,0,0.0,0.1,0,0,24,0,0,0,0,0,0,1,0,0,0.0,5.0,0.0,0.5,0.0,0,0.0,0.0,1968,5960,778,2377,-0.1,0.1,-0.1,0.1,0.0,0.01,0.01,0.21,0,0,0,0,0,0.0,,610,226,207,60,574,212,316,105,,,,,,,0.0,0.0,0.04,0.04,0.79,0.0,355,62,614,222,614,222,432,164,0.0,0.0
Enock Boateng,Burnley,MID,5.0,0,0,0.0,0.1,0,0,0,0,0,0,0,0,0,0,0,0,0.0,0.0,0.0,0.0,0.0,0,0.0,0.0,399,1773,154,784,0.0,0.0,0.0,0.0,0.0,0.0,0.0,0.0,0,0,0,0,0,0.0,,649,281,649,285,630,275,653,284,,,,,,,0.0,0.0,0.0,0.0,0.0,0.0,324,207,653,286,653,286,566,222,0.0,0.0
Darko Churlinov,Burnley,MID,5.0,0,0,0.0,0.0,0,0,0,0,0,0,0,0,0,0,0,0,0.0,0.0,0.0,0.0,0.0,0,0.0,0.0,110,709,60,283,0.0,0.0,0.0,0.0,0.0,0.0,0.0,0.0,0,0,0,0,0,0.0,,632,268,631,272,608,260,636,271,,,,,,,0.0,0.0,0.0,0.0,0.0,0.0,277,175,635,273,635,273,632,269,0.0,0.0
Remy Rees-Dottin,Bournemouth,MID,4.5,0,0,0.0,0.1,0,0,0,0,0,0,0,0,0,0,0,0,0.0,0.0,0.0,0.0,0.0,0,0.0,0.0,5332,3688,761,2144,0.0,0.0,0.0,0.0,0.0,0.0,0.0,0.0,0,0,0,0,0,0.0,,577,230,572,236,540,220,582,233,,,,,,,0.0,0.0,0.0,0.0,0.0,0.0,547,305,584,240,584,240,441,148,0.0,0.0
Ellery Balcombe,Brentford,GKP,4.0,0,0,0.0,0.3,0,0,0,0,0,0,0,0,0,0,0,0,0.0,0.0,0.0,0.0,0.0,0,0.0,0.0,3204,3849,1231,2055,0.0,0.0,0.0,0.0,0.0,0.0,0.0,0.0,0,0,0,0,0,0.0,,366,41,357,25,307,21,376,41,,,,,,,0.0,0.0,0.0,0.0,0.0,0.0,614,56,374,41,374,41,301,43,0.0,0.0
Asher Agbinone,Crystal Palace,MID,4.5,0,0,0.0,0.1,0,0,0,0,0,0,0,0,0,0,0,0,0.0,0.0,0.0,0.0,0.0,0,0.0,0.0,671,1488,244,698,0.0,0.0,0.0,0.0,0.0,0.0,0.0,0.0,0,0,0,0,0,0.0,,566,223,561,229,529,213,571,226,,,,,,,0.0,0.0,0.0,0.0,0.0,0.0,535,298,573,233,573,233,557,214,0.0,0.0
Manuel Akanji,Man City,DEF,5.4,0,0,0.0,0.7,0,0,0,0,0,0,0,0,0,0,0,0,0.0,0.0,0.0,0.0,0.0,0,0.0,0.0,7875,32792,3316,13519,-0.1,0.1,-0.1,0.1,0.0,0.0,0.0,0.0,0,0,0,0,0,0.0,,662,231,661,229,644,221,666,231,,,,,,,0.0,0.0,0.0,0.0,0.0,0.0,195,25,665,229,665,229,210,78,0.0,0.0
Joško Gvardiol,Man City,DEF,5.9,0,0,0.0,4.1,0,0,0,0,0,0,0,0,0,0,0,0,0.0,0.0,0.0,0.0,0.0,0,0.0,0.0,2384,642227,1038,155915,-0.1,0.1,0.0,0.0,0.0,0.0,0.0,0.0,0,0,0,0,0,0.0,Knock - Unknown return date,689,234,692,234,689,233,691,234,,,,,,,0.0,0.0,0.0,0.0,0.0,0.0,113,9,690,232,690,232,86,34,0.0,0.0
Naouirou Ahamada,Crystal Palace,MID,4.5,0,0,0.0,0.0,0,0,0,0,0,0,0,0,0,0,0,0,0.0,0.0,0.0,0.0,0.0,0,0.0,0.0,497,1108,155,490,0.0,0.0,0.0,0.0,0.0,0.0,0.0,0.0,0,0,0,0,0,0.0,,503,182,497,188,464,172,510,185,,,,,,,0.0,0.0,0.0,0.0,0.0,0.0,453,252,512,192,512,192,598,240,0.0,0.0
Marcus Bettinelli,Man City,GKP,4.0,0,0,0.0,0.1,0,0,0,0,0,0,0,0,0,0,0,0,0.0,0.0,0.0,0.0,0.0,0,0.0,0.0,785,4231,67,2331,0.0,0.0,0.0,0.0,0.0,0.0,0.0,0.0,0,0,0,0,0,0.0,Knock - Unknown return date,348,34,338,18,287,14,358,34,,,,,,,0.0,0.0,0.0,0.0,0.0,0.0,593,49,356,34,356,34,429,64,0.0,0.0
Stefan Ortega Moreno,Man City,GKP,4.9,0,0,0.0,0.2,0,0,0,0,0,0,0,0,0,0,0,0,0.0,0.0,0.0,0.0,0.0,0,0.0,0.0,714,7148,298,2590,-0.1,0.1,-0.1,0.1,0.0,0.0,0.0,0.0,0,0,0,0,0,0.0,,588,79,583,69,551,67,593,79,,,,,,,0.0,0.0,0.0,0.0,0.0,0.0,331,16,593,79,593,79,338,50,0.0,0.0
Ederson Ederson M.,Man City,GKP,5.4,0,0,0.0,2.2,0,0,0,0,0,0,0,0,0,0,0,0,0.0,0.0,0.0,0.0,0.0,0,0.0,0.0,12260,115097,5379,37691,-0.1,0.1,0.0,0.0,0.0,0.0,0.0,0.0,0,0,0,0,0,0.0,,656,82,656,79,637,79,660,82,,,,,,,0.0,0.0,0.0,0.0,0.0,0.0,184,4,660,82,660,82,119,16,0.0,0.0
Luca Koleosho,Burnley,MID,5.0,0,0,0.0,0.0,0,0,0,0,0,0,0,0,0,0,0,0,0.0,0.0,0.0,0.0,0.0,0,0.0,0.0,68,1665,0,927,0.0,0.0,0.0,0.0,0.0,0.0,0.0,0.0,0,0,0,0,0,0.0,Has joined Espanyol on loan for the rest of the season.,639,273,639,277,619,266,643,276,,,,,,,0.0,0.0,0.0,0.0,0.0,0.0,301,188,642,278,642,278,634,271,0.0,0.0
Giovanni Leoni,Liverpool,DEF,5.0,0,0,0.0,0.0,0,0,0,0,0,0,0,0,0,0,0,0,0.0,0.0,0.0,0.0,0.0,0,0.0,0.0,802,484,422,355,0.0,0.0,0.0,0.0,0.0,0.0,0.0,0.0,0,0,0,0,0,0.0,,654,230,654,228,635,220,658,230,,,,,,,0.0,0.0,0.0,0.0,0.0,0.0,329,54,658,228,658,228,657,223,0.0,0.0
İlkay Gündoğan,Man City,MID,6.4,0,0,0.0,0.2,0,0,0,0,0,0,0,0,0,0,0,0,0.0,0.0,0.0,0.0,0.0,0,0.0,0.0,1157,8599,561,3244,-0.1,0.1,0.0,0.0,0.0,0.0,0.0,0.0,0,0,0,0,0,0.0,,692,307,694,309,693,308,693,308,4.0,,4.0,,,,0.0,0.0,0.0,0.0,0.0,0.0,67,47,693,309,693,309,417,141,0.0,0.0
Caleb Kporha,Crystal Palace,DEF,4.0,0,0,0.0,0.0,0,0,0,0,0,0,0,0,0,0,0,0,0.0,0.0,0.0,0.0,0.0,0,0.0,0.0,94,929,25,296,0.0,0.0,0.0,0.0,0.0,0.0,0.0,0.0,0,0,0,0,0,0.0,Back injury - Unknown return date,439,178,429,177,383,153,448,181,,,,,,,0.0,0.0,0.0,0.0,0.0,0.0,698,225,447,173,447,173,649,221,0.0,0.0
Mateo Kovačić,Man City,MID,6.0,0,0,0.0,0.0,0,0,0,0,0,0,0,0,0,0,0,0,0.0,0.0,0.0,0.0,0.0,0,0.0,0.0,118,472,41,170,0.0,0.0,0.0,0.0,0.0,0.0,0.0,0.0,0,0,0,0,0,0.0,Achilles injury - Expected back 13 Sep,691,306,693,308,690,307,692,307,,,,,,,0.0,0.0,0.0,0.0,0.0,0.0,83,56,691,308,691,308,674,295,0.0,0.0
Elyh Harrison,Man Utd,GKP,4.0,0,0,0.0,0.0,0,0,0,0,0,0,0,0,0,0,0,0,0.0,0.0,0.0,0.0,0.0,0,0.0,0.0,0,126,0,44,0.0,0.0,0.0,0.0,0.0,0.0,0.0,0.0,0,0,0,0,0,0.0,On loan to Shrewsbury Town,436,67,426,51,380,47,445,67,,,,,,,0.0,0.0,0.0,0.0,0.0,0.0,695,82,444,67,444,67,701,82,0.0,0.0
Chadi Chadi Riad,Crystal Palace,DEF,4.0,0,0,0.0,0.0,0,0,0,0,0,0,0,0,0,0,0,0,0.0,0.0,0.0,0.0,0.0,0,0.0,0.0,123,237,43,103,0.0,0.0,0.0,0.0,0.0,0.0,0.0,0.0,0,0,0,0,0,0.0,Knee injury - Unknown return date,410,156,400,155,353,130,419,159,,,,,,,0.0,0.0,0.0,0.0,0.0,0.0,666,200,418,151,418,151,680,230,0.0,0.0
Nathaniel Clyne,Crystal Palace,DEF,4.0,0,0,0.0,0.6,0,0,0,0,0,0,0,0,0,0,0,0,0.0,0.0,0.0,0.0,0.0,0,0.0,0.0,3633,11585,1377,5487,0.0,0.0,0.0,0.0,0.0,0.0,0.0,0.0,0,0,0,0,0,0.0,,333,116,322,115,271,86,343,120,,,,,,,0.0,0.0,0.0,0.0,0.0,0.0,577,149,342,112,342,112,228,84,0.0,0.0
Diego D.Leon,Man Utd,DEF,4.5,0,0,0.0,0.1,0,0,0,0,0,0,0,0,0,0,0,0,0.0,0.0,0.0,0.0,0.0,0,0.0,0.0,542,2308,223,1002,0.0,0.0,0.0,0.0,0.0,0.0,0.0,0.0,0,0,0,0,0,0.0,,587,218,582,217,550,204,592,219,,,,,,,0.0,0.0,0.0,0.0,0.0,0.0,561,138,592,214,592,214,533,200,0.0,0.0
Noussair Mazraoui,Man Utd,DEF,4.9,0,0,0.0,0.2,0,0,0,0,0,0,0,0,0,0,0,0,0.0,0.0,0.0,0.0,0.0,0,0.0,0.0,285,15614,137,4614,-0.1,0.1,-0.1,0.1,0.0,0.0,0.0,0.0,0,0,0,0,0,0.0,Knock - Unknown return date,602,224,597,223,566,210,607,225,,,,,,,0.0,0.0,0.0,0.0,0.0,0.0,346,60,606,220,606,220,402,150,0.0,0.0
Lisandro Martinez,Man Utd,DEF,4.9,0,0,0.0,0.1,0,0,0,0,0,0,0,0,0,0,0,0,0.0,0.0,0.0,0.0,0.0,0,0.0,0.0,252,9003,120,2527,-0.1,0.1,-0.1,0.1,0.0,0.0,0.0,0.0,0,0,0,0,0,0.0,Knee injury - Unknown return date,600,222,595,221,564,208,605,223,,,,,,,0.0,0.0,0.0,0.0,0.0,0.0,344,58,604,218,604,218,480,181,0.0,0.0
Hannes Delcroix,Burnley,DEF,4.0,0,0,0.0,0.3,0,0,0,0,0,0,0,0,0,0,0,0,0.0,0.0,0.0,0.0,0.0,0,0.0,0.0,2067,6582,895,3191,0.0,0.0,0.0,0.0,0.0,0.0,0.0,0.0,0,0,0,0,0,0.0,,369,133,360,133,310,105,379,137,,,,,,,0.0,0.0,0.0,0.0,0.0,0.0,618,170,377,128,377,128,317,118,0.0,0.0
Dermot Mee,Man Utd,GKP,4.0,0,0,0.0,0.1,0,0,0,0,0,0,0,0,0,0,0,0,0.0,0.0,0.0,0.0,0.0,0,0.0,0.0,645,1372,238,618,0.0,0.0,0.0,0.0,0.0,0.0,0.0,0.0,0,0,0,0,0,0.0,,381,46,372,30,323,26,391,46,,,,,,,0.0,0.0,0.0,0.0,0.0,0.0,632,61,389,46,389,46,469,70,0.0,0.0
Tom Heaton,Man Utd,GKP,4.0,0,0,0.0,0.3,0,0,0,0,0,0,0,0,0,0,0,0,0.0,0.0,0.0,0.0,0.0,0,0.0,0.0,2316,3867,864,1863,0.0,0.0,0.0,0.0,0.0,0.0,0.0,0.0,0,0,0,0,0,0.0,,331,22,320,5,269,1,341,22,,,,,,,0.0,0.0,0.0,0.0,0.0,0.0,575,36,340,22,340,22,306,45,0.0,0.0
André Onana,Man Utd,GKP,5.0,0,0,0.0,0.3,0,0,0,0,0,0,0,0,0,0,0,0,0.0,0.0,0.0,0.0,0.0,0,0.0,0.0,4084,7399,1776,4209,0.0,0.0,0.0,0.0,0.0,0.0,0.0,0.0,0,0,0,0,0,0.0,,623,80,621,75,598,74,627,80,,,,,,,0.0,0.0,0.0,0.0,0.0,0.0,252,11,626,80,626,80,309,46,0.0,0.0
Owen Dodgson,Burnley,DEF,4.0,0,0,0.0,0.0,0,0,0,0,0,0,0,0,0,0,0,0,0.0,0.0,0.0,0.0,0.0,0,0.0,0.0,0,1247,0,378,0.0,0.0,0.0,0.0,0.0,0.0,0.0,0.0,0,0,0,0,0,0.0,Has joined Stockport County on loan for the rest of the season.,382,142,373,142,324,115,392,146,,,,,,,0.0,0.0,0.0,0.0,0.0,0.0,633,181,390,137,390,137,635,216,0.0,0.0
Bashir Humphreys,Burnley,DEF,4.0,0,0,0.0,0.0,0,0,0,0,0,0,0,0,0,0,0,0,0.0,0.0,0.0,0.0,0.0,0,0.0,0.0,199,1584,77,513,0.0,0.0,0.0,0.0,0.0,0.0,0.0,0.0,0,0,0,0,0,0.0,,379,140,370,140,321,113,389,144,,,,,,,0.0,0.0,0.0,0.0,0.0,0.0,630,179,387,135,387,135,581,210,0.0,0.0
Jordan Jordan,Burnley,DEF,4.0,0,0,0.0,0.1,0,0,0,0,0,0,0,0,0,0,0,0,0.0,0.0,0.0,0.0,0.0,0,0.0,0.0,616,5731,48,3361,0.0,0.0,0.0,0.0,0.0,0.0,0.0,0.0,0,0,0,0,0,0.0,Knee injury - Expected back 14 Sep,368,132,359,132,309,104,378,136,,,,,,,0.0,0.0,0.0,0.0,0.0,0.0,616,168,376,127,376,127,438,165,0.0,0.0
Kalvin Phillips,Man City,MID,5.0,0,0,0.0,0.1,0,0,0,0,0,0,0,0,0,0,0,0,0.0,0.0,0.0,0.0,0.0,0,0.0,0.0,615,2164,284,909,0.0,0.0,0.0,0.0,0.0,0.0,0.0,0.0,0,0,0,0,0,0.0,,619,258,615,262,589,249,623,261,,,,,,,0.0,0.0,0.0,0.0,0.0,0.0,233,148,622,263,622,263,543,201,0.0,0.0
Sverre Nypan,Man City,MID,5.0,0,0,0.0,0.0,0,0,0,0,0,0,0,0,0,0,0,0,0.0,0.0,0.0,0.0,0.0,0,0.0,0.0,73,1621,0,596,0.0,0.0,0.0,0.0,0.0,0.0,0.0,0.0,0,0,0,0,0,0.0,Has joined Middlesbrough on loan for the rest of the season.,647,279,647,283,628,273,651,282,,,,,,,0.0,0.0,0.0,0.0,0.0,0.0,321,204,651,284,651,284,644,277,0.0,0.0
Lucas Lucas Pires,Burnley,DEF,4.0,0,0,0.0,0.1,0,0,0,0,0,0,0,0,0,0,0,0,0.0,0.0,0.0,0.0,0.0,0,0.0,0.0,669,3322,356,1483,0.0,0.0,0.0,0.0,0.0,0.0,0.0,0.0,0,0,0,0,0,0.0,,421,166,411,165,365,141,430,169,,,,,,,0.0,0.0,0.0,0.0,0.0,0.0,679,212,429,161,429,161,430,163,0.0,0.0
Claudio Echeverri,Man City,MID,5.4,0,0,0.0,0.0,0,0,0,0,0,0,0,0,0,0,0,0,0.0,0.0,0.0,0.0,0.0,0,0.0,0.0,194,2225,0,963,-0.1,0.1,0.0,0.0,0.0,0.0,0.0,0.0,0,0,0,0,0,0.0,Has joined Bayer Leverkusen on loan for the rest of the season.,669,292,669,295,656,289,673,295,,,2.0,,,,0.0,0.0,0.0,0.0,0.0,0.0,216,139,672,296,672,296,648,280,0.0,0.0
Shurandy Sambo,Burnley,DEF,4.0,0,0,0.0,0.1,0,0,0,0,0,0,0,0,0,0,0,0,0.0,0.0,0.0,0.0,0.0,0,0.0,0.0,202,4459,0,1975,0.0,0.0,0.0,0.0,0.0,0.0,0.0,0.0,0,0,0,0,0,0.0,Has joined Sparta Rotterdam on loan for the rest of the season.,378,139,369,139,320,112,388,143,,,,,,,0.0,0.0,0.0,0.0,0.0,0.0,629,178,386,134,386,134,505,190,0.0,0.0
Rob Holding,Crystal Palace,DEF,4.0,0,0,0.0,0.0,0,0,0,0,0,0,0,0,0,0,0,0,0.0,0.0,0.0,0.0,0.0,0,0.0,0.0,0,2036,0,578,0.0,0.0,0.0,0.0,0.0,0.0,0.0,0.0,0,0,0,0,0,0.0,Has joined Colorado Rapids permanently.,351,121,341,120,290,91,361,125,,,,,,,0.0,0.0,0.0,0.0,0.0,0.0,596,154,359,116,359,116,609,213,0.0,0.0
Ryan Trevitt,Brentford,MID,4.5,0,0,0.0,0.0,0,0,0,0,0,0,0,0,0,0,0,0,0.0,0.0,0.0,0.0,0.0,0,0.0,0.0,0,480,0,164,0.0,0.0,0.0,0.0,0.0,0.0,0.0,0.0,0,0,0,0,0,0.0,Has joined Wigan on loan for the rest of the season,571,226,566,232,534,216,576,229,,,,,,,0.0,0.0,0.0,0.0,0.0,0.0,540,301,578,236,578,236,678,297,0.0,0.0
Toti Toti,Wolves,DEF,4.5,-2,-2,-1.0,0.1,0,0,138,0,5,0,0,0,0,0,1,0,22.2,11.4,0.0,3.3,-1.0,0,-0.2,-0.4,1219,4056,337,2206,0.0,0.0,0.0,0.0,0.0,0.0,0.0,3.19,2,2,8,6,10,6.52,,154,66,157,47,488,199,215,72,,,,,,,0.0,0.0,0.0,0.0,2.08,3.26,487,127,707,234,707,234,425,162,1.3,0.0
