player_name,club_name,position_name,now_cost,total_points,event_points,points_per_game,selected_by_percent,goals_scored,assists,minutes,clean_sheets,goals_conceded,own_goals,penalties_saved,penalties_missed,saves,yellow_cards,red_cards,bonus,influence,creativity,threat,ict_index,form,dreamteam_count,value_form,value_season,transfers_in,transfers_out,transfers_in_event,transfers_out_event,cost_change_start,cost_change_start_fall,cost_change_event,cost_change_event_fall,expected_goals,expected_assists,expected_goal_involvements,expected_goals_conceded,starts,tackles,clearances_blocks_interceptions,recoveries,defensive_contribution,defensive_contribution_per_90,news,influence_rank,influence_rank_type,creativity_rank,creativity_rank_type,threat_rank,threat_rank_type,ict_index_rank,ict_index_rank_type,corners_and_indirect_freekicks_order,corners_and_indirect_freekicks_text,direct_freekicks_order,direct_freekicks_text,penalties_order,penalties_text,expected_goals_per_90,saves_per_90,expected_assists_per_90,expected_goal_involvements_per_90,expected_goals_conceded_per_90,goals_conceded_per_90,now_cost_rank,now_cost_rank_type,form_rank,form_rank_type,points_per_game_rank,points_per_game_rank_type,selected_rank,selected_rank_type,starts_per_90,clean_sheets_per_90
Erling Haaland,Man City,FWD,14.3,46,9,9.2,42.4,6,0,413,3,4,0,0,0,0,0,0,12,204.0,30.9,286.0,52.2,10.3,2,0.7,3.2,2306374,541661,578666,4756,0.3,-0.3,0.1,-0.1,6.18,0.32,6.5,5.95,5,1,9,10,20,4.36,,1,1,158,15,1,1,1,1,,,5.0,,1.0,,1.35,0.0,0.07,1.42,1.3,0.87,2,1,1,1,1,1,4,2,1.09,0.65
Antoine Semenyo,Bournemouth,MID,7.7,41,5,8.2,47.0,3,2,450,3,5,0,0,0,0,1,0,6,170.2,99.3,140.0,41.0,6.7,2,0.9,5.3,4803714,438735,331485,24603,0.7,-0.7,0.1,-0.1,2.78,0.26,3.04,3.62,5,9,5,28,42,8.4,,4,2,32,27,7,4,4,3,,,,,3.0,,0.56,0.0,0.05,0.61,0.72,1.0,21,14,9,3,3,1,3,2,1.0,0.6
Trevoh Chalobah,Chelsea,DEF,5.1,38,8,7.6,9.8,2,1,428,2,5,0,0,0,0,1,0,2,180.4,34.3,76.0,29.1,8.0,1,1.6,7.5,1068714,211367,122633,17341,0.1,-0.1,0.0,0.0,0.75,0.55,1.3,5.24,5,10,41,15,51,10.72,,2,1,138,34,42,3,22,2,,,,,,,0.16,0.0,0.12,0.28,1.1,1.05,234,33,3,2,4,2,43,15,1.05,0.42
Marcos Senesi,Bournemouth,DEF,4.7,37,9,7.4,13.3,0,1,450,3,5,0,0,0,0,1,0,5,144.8,42.8,14.0,20.2,8.7,1,1.9,7.9,1520521,154707,314215,10403,0.2,-0.2,0.0,0.0,0.14,0.15,0.29,3.62,5,9,57,21,66,13.2,,13,4,112,26,226,65,65,16,,,,,,,0.03,0.0,0.03,0.06,0.72,1.0,384,66,2,1,5,3,31,11,1.0,0.6
Marc Guéhi,Crystal Palace,DEF,4.7,36,7,7.2,24.5,1,1,450,3,2,0,0,0,0,0,0,3,118.2,26.5,35.0,18.0,7.5,1,1.6,7.7,1694770,321166,153024,35707,0.2,-0.2,0.0,0.0,0.39,0.04,0.43,4.68,5,10,26,17,36,7.2,,39,15,174,45,124,22,83,24,,,,,,,0.08,0.0,0.01,0.09,0.94,0.4,383,65,4,3,6,4,13,4,1.0,0.6
Riccardo Calafiori,Arsenal,DEF,5.7,35,2,7.0,14.2,1,2,381,3,2,0,0,0,0,2,0,3,93.0,44.2,89.0,22.6,3.0,2,0.5,6.1,1462659,280841,67044,30565,0.2,-0.2,0.0,0.0,1.57,0.09,1.66,2.55,5,8,12,16,20,4.72,,73,34,110,24,29,2,52,7,,,,,,,0.37,0.0,0.02,0.39,0.6,0.47,124,11,123,53,7,5,27,8,1.18,0.71
Jurriën J.Timber,Arsenal,DEF,5.8,35,1,7.0,13.4,2,1,341,2,2,0,0,0,0,2,0,5,146.2,68.1,129.0,34.4,3.7,1,0.6,6.0,1330121,261544,125337,32696,0.3,-0.3,0.1,-0.1,1.2,0.17,1.37,2.2,4,17,13,11,30,7.92,,12,3,66,15,11,1,12,1,,,,,,,0.32,0.0,0.04,0.36,0.58,0.53,116,9,88,38,8,6,30,10,1.06,0.53
João Pedro João Pedro,Chelsea,FWD,7.8,35,2,7.0,67.2,2,3,420,2,4,0,0,0,0,0,0,8,154.6,83.2,128.0,36.3,6.0,2,0.8,4.5,2393655,866837,101518,108400,0.3,-0.3,0.0,0.0,1.5,0.2,1.7,4.9,5,3,10,9,22,4.71,,8,2,46,2,12,7,9,3,,,,,,,0.32,0.0,0.04,0.36,1.05,0.86,18,6,19,4,9,2,1,1,1.07,0.43
Jaidon Anthony,Burnley,MID,5.5,34,10,6.8,2.3,3,1,442,2,7,0,0,0,0,1,0,5,168.0,61.8,151.0,38.1,6.3,2,1.1,6.2,269457,55542,98664,12654,0.0,0.0,0.0,0.0,2.06,0.53,2.59,9.33,5,6,10,22,38,7.74,,5,3,74,55,4,2,6,5,3.0,,1.0,,,,0.42,0.0,0.11,0.53,1.9,1.43,157,97,14,7,11,3,122,42,1.02,0.41
Moisés Caicedo,Chelsea,MID,5.6,33,4,6.6,10.8,2,0,450,2,5,0,0,0,0,1,0,4,179.0,48.5,33.0,26.0,6.7,1,1.2,5.9,789811,265414,145403,31618,0.1,-0.1,0.0,0.0,0.44,0.2,0.64,5.68,5,21,24,29,74,14.8,,3,1,90,63,133,82,31,19,,,,,,,0.09,0.0,0.04,0.13,1.14,1.0,129,83,7,2,12,4,40,13,1.0,0.4
Dan Burn,Newcastle,DEF,5.0,32,9,6.4,5.8,0,0,450,4,3,0,0,0,0,1,0,2,92.2,18.5,25.0,13.6,5.8,0,1.2,6.4,339994,139812,27303,14731,0.0,0.0,0.0,0.0,0.05,0.12,0.17,2.65,5,6,39,19,45,9.0,,76,35,221,67,165,40,137,46,,,,,,,0.01,0.0,0.02,0.03,0.53,0.6,242,38,21,6,13,7,63,24,1.0,0.8
Nick Pope,Newcastle,GKP,5.0,32,6,6.4,6.3,0,1,450,4,3,0,0,0,10,1,0,3,88.4,0.0,0.0,8.8,5.8,1,1.2,6.4,394037,155048,53967,19019,0.0,0.0,0.0,0.0,0.0,0.0,0.0,2.65,5,0,4,49,0,0.0,,79,11,681,80,661,75,208,12,,,,,,,0.0,2.0,0.0,0.0,0.53,0.6,246,9,22,2,14,1,61,10,1.0,0.8
Hugo Ekitiké,Liverpool,FWD,8.7,32,8,6.4,28.0,3,1,365,2,3,0,0,0,0,0,0,7,147.8,51.8,95.0,29.4,5.2,0,0.6,3.7,2294123,1178861,130282,112485,0.2,-0.2,-0.1,0.1,1.77,0.2,1.97,3.45,5,3,10,10,23,5.67,,11,3,86,7,25,12,21,5,,,,,,,0.44,0.0,0.05,0.49,0.85,0.74,9,5,40,6,15,3,10,3,1.23,0.49
Tino Livramento,Newcastle,DEF,5.1,31,6,6.2,9.6,0,1,450,4,3,0,0,0,0,0,0,3,68.2,55.2,16.0,13.9,5.5,0,1.1,6.1,846574,202973,25618,26429,0.1,-0.1,0.0,0.0,0.0,0.32,0.32,2.65,5,6,9,22,15,3.0,,126,58,81,18,214,57,130,43,,,,,,,0.0,0.0,0.06,0.06,0.53,0.6,238,36,29,10,17,9,44,16,1.0,0.8
Mohamed M.Salah,Liverpool,MID,14.5,30,5,6.0,51.6,2,2,450,2,5,0,0,0,0,0,0,2,127.0,106.2,128.0,36.1,5.5,0,0.4,2.1,970883,1048269,52791,277511,0.0,0.0,0.0,0.0,1.22,0.69,1.91,3.95,5,0,4,17,21,4.2,,27,12,26,22,13,5,11,8,,,4.0,,1.0,,0.24,0.0,0.14,0.38,0.79,1.0,1,1,32,13,26,8,2,1,1.0,0.4
Tyrick Mitchell,Crystal Palace,DEF,5.0,30,8,6.0,1.9,1,0,450,3,2,0,0,0,0,2,0,2,134.2,107.3,37.0,27.9,5.2,0,1.0,6.0,123134,64413,10301,4910,0.0,0.0,0.0,0.0,0.28,0.34,0.62,4.68,5,19,19,24,38,7.6,,20,6,25,4,119,21,24,3,,,,,,,0.06,0.0,0.07,0.13,0.94,0.4,271,43,37,15,19,11,132,51,1.0,0.6
Maxence Lacroix,Crystal Palace,DEF,5.1,30,2,6.0,4.2,0,1,450,3,2,0,0,0,0,1,0,2,118.8,15.6,34.0,16.8,5.5,1,1.1,5.9,459990,139608,12840,33642,0.1,-0.1,0.0,0.0,0.3,0.14,0.44,4.68,5,9,40,14,49,9.8,,38,14,241,78,128,23,95,30,,,,,,,0.06,0.0,0.03,0.09,0.94,0.4,237,35,28,9,21,12,82,32,1.0,0.6
Guglielmo Vicario,Spurs,GKP,5.1,30,1,6.0,11.9,0,0,450,3,3,0,0,0,19,0,0,5,150.0,0.1,0.0,15.0,4.0,0,0.8,5.9,959055,268222,92526,36308,0.1,-0.1,0.0,0.0,0.0,0.01,0.01,6.0,5,0,5,50,0,0.0,,9,1,376,6,687,81,112,1,,,,,,,0.0,3.8,0.0,0.0,1.2,0.6,235,6,75,7,20,2,37,5,1.0,0.6
Enzo Enzo,Chelsea,MID,6.7,30,1,6.0,13.1,2,2,438,2,5,0,0,0,0,1,0,1,131.8,105.8,84.0,32.2,5.7,1,0.9,4.5,1345547,395724,38292,88924,0.2,-0.2,0.0,0.0,1.93,0.46,2.39,5.63,5,7,7,14,28,5.75,,23,10,27,23,32,17,17,12,4.0,,3.0,,4.0,,0.4,0.0,0.09,0.49,1.16,1.03,49,32,27,12,25,7,32,11,1.03,0.41
Richarlison Richarlison,Spurs,FWD,6.7,29,9,5.8,14.2,3,1,347,2,3,0,0,0,0,1,0,6,141.4,48.3,190.0,38.0,4.0,1,0.6,4.3,1715655,717225,153385,41866,0.2,-0.2,0.0,0.0,1.64,0.18,1.82,5.17,4,3,9,8,20,5.19,,16,4,91,8,2,2,7,2,,,,,3.0,,0.43,0.0,0.05,0.48,1.34,0.78,48,17,78,10,31,4,26,6,1.04,0.52
Robin Roefs,Sunderland,GKP,4.5,29,2,5.8,2.4,0,0,450,2,4,0,1,0,14,1,0,4,131.0,0.0,0.0,13.0,6.7,1,1.5,6.4,258979,73794,33097,7012,0.0,0.0,0.0,0.0,0.0,0.0,0.0,5.24,5,0,6,47,0,0.0,,25,3,598,73,573,68,143,3,,,,,,,0.0,2.8,0.0,0.0,1.05,0.8,455,30,6,1,27,3,118,16,1.0,0.4
Cristian Romero,Spurs,DEF,5.1,29,2,5.8,7.0,0,1,450,3,3,0,0,0,0,2,0,3,126.0,26.5,43.0,19.5,5.3,1,1.0,5.7,484780,178265,53535,21136,0.1,-0.1,0.0,0.0,0.07,0.19,0.26,6.0,5,12,31,22,43,8.6,,28,9,175,46,94,11,71,18,,,,,,,0.01,0.0,0.04,0.05,1.2,0.6,236,34,34,13,29,14,57,22,1.0,0.6
Anton Stach,Leeds,MID,5.0,29,15,5.8,1.2,1,2,450,2,7,0,0,0,0,1,0,3,111.6,167.1,59.0,33.8,6.3,1,1.3,5.8,128835,35648,85747,9060,0.0,0.0,0.0,0.0,0.61,0.55,1.16,6.52,5,10,17,16,43,8.6,,46,16,7,7,62,37,14,9,1.0,,4.0,,,,0.12,0.0,0.11,0.23,1.3,1.4,282,171,11,5,28,9,173,57,1.0,0.4
Iliman Ndiaye,Everton,MID,6.5,28,6,5.6,9.4,2,1,418,2,5,0,0,0,0,1,0,0,142.0,91.1,81.0,31.5,6.5,0,1.0,4.3,440943,597914,150977,22742,0.0,0.0,0.0,0.0,1.31,0.42,1.73,6.1,5,12,5,34,51,10.98,,15,6,40,33,37,21,19,14,,,,,1.0,,0.28,0.0,0.09,0.37,1.31,1.08,57,39,10,4,34,10,46,14,1.08,0.43
Micky Van de Ven,Spurs,DEF,4.7,28,1,5.6,33.3,1,0,439,3,3,0,0,0,0,1,0,2,106.8,17.1,39.0,16.3,5.3,1,1.1,6.0,1337257,515440,123964,40814,0.2,-0.2,0.0,0.0,0.68,0.03,0.71,6.0,5,5,22,18,27,5.54,,51,21,231,72,111,19,103,34,,,,,,,0.14,0.0,0.01,0.15,1.23,0.62,385,67,33,12,33,17,6,1,1.03,0.62
Ryan Gravenberch,Liverpool,MID,5.5,27,15,6.8,2.3,2,1,360,2,3,0,0,0,0,2,0,4,135.4,91.9,37.0,26.5,6.8,1,1.2,4.9,250342,39516,172255,10314,0.0,0.0,0.0,0.0,0.29,0.32,0.61,2.25,4,8,8,21,37,9.25,,19,8,38,31,120,73,28,17,,,,,,,0.07,0.0,0.08,0.15,0.56,0.75,156,96,5,1,10,2,121,41,1.0,0.5
Josh Cullen,Burnley,MID,5.0,27,4,5.4,2.0,1,1,422,2,7,1,0,0,0,0,0,3,140.6,87.2,21.0,24.9,3.0,1,0.6,5.4,284675,102688,9429,11757,0.0,0.0,0.0,0.0,0.08,0.56,0.64,9.03,5,7,27,20,54,11.52,,18,7,42,35,185,109,38,24,1.0,,,,,,0.02,0.0,0.12,0.14,1.93,1.49,252,153,116,42,36,11,127,44,1.07,0.43
Martín Zubimendi,Arsenal,MID,5.4,27,2,5.4,4.0,2,0,450,3,2,0,0,0,0,1,0,3,101.0,44.9,45.0,19.1,6.3,1,1.2,5.0,354172,169583,49115,20888,-0.1,0.1,0.0,0.0,0.26,0.12,0.38,3.3,5,6,9,19,34,6.8,,60,20,106,74,88,55,72,42,,,,,,,0.05,0.0,0.02,0.07,0.66,0.4,199,125,12,6,37,12,86,26,1.0,0.6
Virgil Virgil,Liverpool,DEF,6.1,26,4,5.2,29.8,0,0,450,2,5,0,0,0,0,0,0,4,166.6,22.4,29.0,21.8,5.8,0,1.0,4.3,1061128,563421,78035,55194,0.1,-0.1,0.0,0.0,0.18,0.1,0.28,3.95,5,2,58,11,60,12.0,,6,2,193,53,149,29,55,10,,,3.0,,,,0.04,0.0,0.02,0.06,0.79,1.0,83,2,25,7,46,23,9,2,1.0,0.4
Daniel Muñoz,Crystal Palace,DEF,5.6,26,2,5.2,13.5,0,1,450,3,2,0,0,0,0,2,0,1,81.8,65.5,72.0,21.8,5.2,0,0.9,4.6,945659,346411,15046,82728,0.1,-0.1,0.0,0.0,0.36,1.14,1.5,4.68,5,9,18,21,27,5.4,,98,45,70,16,46,4,54,9,,,,,,,0.07,0.0,0.23,0.3,0.94,0.4,126,12,38,16,44,22,29,9,1.0,0.6
Chris Richards,Crystal Palace,DEF,4.5,26,4,5.2,2.3,0,0,450,3,2,0,0,0,0,0,0,0,122.6,21.5,18.0,16.3,5.0,0,1.1,5.8,207770,97884,30612,20096,0.0,0.0,0.0,0.0,0.27,0.08,0.35,4.68,5,12,38,7,50,10.0,,33,12,196,55,206,52,102,33,,,,,,,0.05,0.0,0.02,0.07,0.94,0.4,425,93,41,17,40,19,119,47,1.0,0.6
Alex Iwobi,Fulham,MID,6.5,26,13,5.2,1.6,1,2,392,1,5,0,0,0,0,1,0,5,100.6,113.8,38.0,25.3,6.0,1,0.9,4.0,99744,91517,32325,5562,0.0,0.0,0.0,0.0,0.29,0.8,1.09,6.27,5,4,3,17,24,5.51,,61,21,18,15,117,72,36,23,,,,,,,0.07,0.0,0.18,0.25,1.44,1.15,51,34,17,8,47,15,145,52,1.15,0.23
Tijjani Reijnders,Man City,MID,5.6,26,9,5.2,31.3,1,2,450,2,5,0,0,0,0,1,0,2,106.2,102.2,75.0,28.4,4.7,1,0.8,4.6,2273199,1080225,215220,59590,0.1,-0.1,-0.1,0.1,0.67,0.36,1.03,6.44,5,4,10,18,32,6.4,,53,18,31,26,43,25,23,16,,,,,,,0.13,0.0,0.07,0.2,1.29,1.0,127,82,52,19,45,14,8,4,1.0,0.4
James Tarkowski,Everton,DEF,5.5,26,3,5.2,7.3,0,0,450,2,5,0,0,0,0,0,0,0,131.2,21.3,17.0,17.0,5.5,0,1.0,4.7,309930,256258,62613,21516,0.0,0.0,0.0,0.0,0.2,0.07,0.27,7.05,5,10,51,15,61,12.2,,24,8,201,58,212,56,91,27,,,,,,,0.04,0.0,0.01,0.05,1.41,1.0,130,14,30,11,42,21,54,20,1.0,0.4
Bruno B.Fernandes,Man Utd,MID,9.0,26,10,5.2,19.1,2,0,446,0,8,0,0,1,0,1,0,5,164.0,219.8,96.0,48.1,6.0,1,0.7,2.9,826408,1140260,144879,59026,0.0,0.0,0.0,0.0,2.73,0.99,3.72,7.11,5,12,9,33,54,10.9,,7,4,1,1,23,11,2,1,1.0,,1.0,,1.0,,0.55,0.0,0.2,0.75,1.43,1.61,6,4,20,10,48,16,21,7,1.01,0.0
David Raya,Arsenal,GKP,5.5,26,2,5.2,24.2,0,0,450,3,2,0,0,0,13,1,0,3,116.8,10.0,0.0,12.6,3.3,1,0.6,4.7,951963,492579,140744,49211,0.0,0.0,0.0,0.0,0.0,0.03,0.03,3.3,5,0,2,43,0,0.0,,40,6,287,5,714,85,151,4,,,,,,,0.0,2.6,0.01,0.01,0.66,0.4,139,4,98,10,43,4,15,2,1.0,0.6
Matty Cash,Aston Villa,DEF,4.6,25,10,5.0,5.1,1,0,433,2,4,0,0,0,0,2,0,2,121.8,72.6,20.0,21.6,5.0,1,1.1,5.4,494913,232233,22747,9284,0.1,-0.1,0.1,-0.1,0.06,0.53,0.59,7.54,5,10,19,11,29,6.03,,35,13,62,12,193,47,56,11,,,,,,,0.01,0.0,0.11,0.12,1.57,0.83,386,68,42,18,49,24,70,29,1.04,0.42
Wilson Isidor,Sunderland,FWD,5.5,25,9,5.0,1.6,3,0,235,1,3,0,0,0,0,0,0,6,107.4,2.3,118.0,22.7,6.3,1,1.1,4.5,195499,52152,53765,8176,0.0,0.0,0.0,0.0,1.01,0.0,1.01,3.26,2,4,2,4,10,3.83,,50,7,337,36,15,8,51,11,,,,,3.0,,0.39,0.0,0.0,0.39,1.25,1.15,154,36,13,3,53,6,147,22,0.77,0.38
Mohammed Kudus,Spurs,MID,6.6,25,7,5.0,31.8,0,4,439,3,3,0,0,0,0,1,0,1,106.8,178.9,77.0,36.2,4.0,1,0.6,3.8,1752305,999998,149271,65180,0.1,-0.1,0.0,0.0,0.64,1.02,1.66,6.0,5,10,0,19,29,5.95,,52,17,3,3,41,24,10,7,2.0,,,,,,0.13,0.0,0.21,0.34,1.23,0.62,50,33,77,29,57,20,7,3,1.03,0.62
Jordan Pickford,Everton,GKP,5.5,25,1,5.0,11.4,0,0,450,2,5,0,1,0,10,0,0,3,108.0,0.0,0.0,10.8,5.8,1,1.1,4.5,319798,335076,21456,27706,0.0,0.0,0.0,0.0,0.0,0.04,0.04,7.05,5,0,10,42,0,0.0,,49,7,717,85,712,83,172,7,,,,,,,0.0,2.0,0.01,0.01,1.41,1.0,134,2,24,3,52,5,38,6,1.0,0.4
Gabriel Gabriel,Arsenal,DEF,6.1,25,2,5.0,22.6,0,0,450,3,2,0,0,0,0,0,0,1,99.2,8.6,21.0,12.9,4.3,0,0.7,4.1,952445,518744,113541,42371,0.1,-0.1,0.0,0.0,0.26,0.04,0.3,3.3,5,5,30,11,35,7.0,,64,27,292,97,190,45,145,49,,,,,,,0.05,0.0,0.01,0.06,0.66,0.4,84,3,64,26,56,26,17,6,1.0,0.6
Cody Gakpo,Liverpool,MID,7.7,25,2,5.0,17.0,1,2,420,2,5,0,0,0,0,0,0,2,112.4,137.4,118.0,36.8,4.5,0,0.6,3.2,1795863,774912,35849,198878,0.2,-0.2,0.0,0.0,0.6,0.94,1.54,3.91,5,6,10,14,30,6.43,,44,15,11,10,16,7,8,6,,,,,2.0,,0.13,0.0,0.2,0.33,0.84,1.07,20,13,56,22,59,22,22,8,1.07,0.43
James Garner,Everton,MID,5.0,25,4,5.0,0.6,1,0,450,2,5,0,0,0,0,1,0,3,129.8,93.0,15.0,23.8,5.8,0,1.2,5.0,74669,23421,16539,3450,0.0,0.0,0.0,0.0,0.19,0.43,0.62,7.05,5,15,26,23,64,12.8,,26,11,36,30,218,124,46,31,3.0,,3.0,,,,0.04,0.0,0.09,0.13,1.41,1.0,269,164,23,11,51,18,224,77,1.0,0.4
Jack Grealish,Everton,MID,6.8,25,1,5.0,22.7,0,4,376,2,5,0,0,0,0,2,0,4,148.6,178.0,121.0,44.8,6.0,2,0.9,3.7,2576936,503620,151271,80617,0.3,-0.3,0.0,0.0,0.41,1.69,2.1,6.0,4,9,8,21,38,9.1,,10,5,4,4,14,6,3,2,,,,,,,0.1,0.0,0.4,0.5,1.44,1.2,47,31,18,9,58,21,16,5,0.96,0.48
Lucas L.Paquetá,West Ham,MID,5.9,24,1,4.8,3.7,2,0,427,1,13,0,0,0,0,1,0,2,133.6,109.0,75.0,31.9,4.3,0,0.7,4.1,452703,199001,15804,41574,-0.1,0.1,0.0,0.0,1.46,0.31,1.77,7.24,5,10,7,24,41,8.64,,22,9,22,19,44,26,18,13,,,1.0,,1.0,,0.31,0.0,0.07,0.38,1.53,2.74,107,73,63,25,62,24,92,29,1.05,0.21
Adrien Truffert,Bournemouth,DEF,4.5,24,9,4.8,1.5,0,0,450,3,5,0,0,0,0,0,0,4,82.8,92.0,9.0,18.3,6.0,0,1.3,5.3,142424,57458,27316,4607,0.0,0.0,0.0,0.0,0.01,0.38,0.39,3.62,5,8,20,21,28,5.6,,96,44,37,7,256,82,81,23,,,,,,,0.0,0.0,0.08,0.08,0.72,1.0,451,101,16,5,60,27,156,58,1.0,0.6
Jarrod Bowen,West Ham,FWD,7.7,24,9,4.8,6.4,2,0,450,1,13,0,0,0,0,0,0,6,123.8,83.9,135.0,34.3,6.7,0,0.9,3.1,125277,1176766,18791,25202,-0.3,0.3,0.0,0.0,0.67,0.45,1.12,7.75,5,6,7,16,29,5.8,,31,5,44,1,8,4,13,4,,,4.0,,2.0,,0.13,0.0,0.09,0.22,1.55,2.6,19,7,8,2,64,7,60,11,1.0,0.2
Yankuba Minteh,Brighton,MID,5.9,24,9,4.8,1.1,1,1,413,1,6,0,0,0,0,0,0,3,98.2,86.3,146.0,33.1,5.2,0,0.9,4.1,72528,83750,27973,5894,-0.1,0.1,0.0,0.0,1.25,0.75,2.0,6.49,5,8,5,23,36,7.85,,68,22,43,36,6,3,15,10,,,,,,,0.27,0.0,0.16,0.43,1.41,1.31,113,76,39,15,63,25,180,59,1.09,0.22
Fabian Schär,Newcastle,DEF,5.5,23,0,5.8,2.5,0,0,350,3,2,0,0,0,0,0,0,0,80.0,25.0,15.0,12.1,3.8,0,0.7,4.2,143906,182848,131,34432,0.0,0.0,0.0,0.0,0.08,0.07,0.15,1.72,4,4,31,13,35,9.0,Head injury - 25% chance of playing,107,48,183,50,220,61,155,53,,,2.0,,4.0,,0.02,0.0,0.02,0.04,0.44,0.51,136,16,80,34,30,15,115,45,1.03,0.77
Joachim Andersen,Fulham,DEF,4.5,23,4,4.6,3.8,0,0,450,1,5,0,0,0,0,0,0,2,123.2,27.4,29.0,17.9,5.2,1,1.2,5.1,229304,110512,42968,18604,0.0,0.0,0.0,0.0,0.43,0.73,1.16,6.85,5,12,44,17,56,11.2,,32,11,168,42,144,27,84,25,,,,,,,0.09,0.0,0.15,0.24,1.37,1.0,405,79,36,14,66,28,91,37,1.0,0.2
Marcus Tavernier,Bournemouth,MID,5.5,23,3,4.6,1.7,1,0,406,3,5,0,0,0,0,0,0,3,85.0,63.9,93.0,24.3,2.7,1,0.5,4.2,225658,102821,7718,10509,0.0,0.0,0.0,0.0,0.92,0.46,1.38,3.5,5,7,13,24,44,9.75,,89,28,71,52,26,13,43,28,1.0,,1.0,,,,0.2,0.0,0.1,0.3,0.78,1.11,144,89,154,66,67,26,141,49,1.11,0.67
Pedro Pedro Porro,Spurs,DEF,5.6,22,1,4.4,24.5,0,0,428,3,3,0,0,0,0,1,0,0,97.4,140.3,19.0,25.8,3.7,0,0.7,3.9,955514,683268,33821,114074,0.1,-0.1,0.0,0.0,0.11,0.84,0.95,5.97,5,10,24,19,34,7.15,,71,32,9,1,202,49,33,5,1.0,,2.0,,,,0.02,0.0,0.18,0.2,1.26,0.63,128,13,87,37,73,33,14,5,1.05,0.63
Omar Alderete,Sunderland,DEF,4.0,22,4,4.4,1.9,0,1,397,1,4,0,0,0,0,0,0,1,133.8,22.0,42.0,19.8,5.7,0,1.4,5.5,140459,50127,30616,4712,0.0,0.0,0.0,0.0,0.27,0.17,0.44,4.91,4,10,38,21,48,10.88,,21,7,195,54,96,12,69,17,,,,,,,0.06,0.0,0.04,0.1,1.11,0.91,630,165,26,8,69,30,135,53,0.91,0.23
Viktor Gyökeres,Arsenal,FWD,9.0,22,2,4.4,25.3,3,0,396,2,2,0,0,0,0,1,0,2,109.2,46.2,110.0,26.6,3.0,1,0.3,2.4,1238252,1211187,128212,150373,0.0,0.0,0.0,0.0,2.12,0.28,2.4,2.38,5,1,5,9,15,3.41,,47,6,100,10,17,9,27,7,,,,,2.0,,0.48,0.0,0.06,0.54,0.54,0.45,7,3,132,14,74,9,12,4,1.14,0.45
Dean Henderson,Crystal Palace,GKP,5.0,22,1,4.4,8.0,0,0,450,3,2,0,0,0,8,1,0,0,81.2,10.0,0.0,9.0,4.0,0,0.8,4.4,283062,192009,9647,29578,0.0,0.0,0.0,0.0,0.0,0.03,0.03,4.68,5,0,6,31,0,0.0,,102,15,285,3,664,77,203,10,,,,,,,0.0,1.6,0.01,0.01,0.94,0.4,253,11,74,6,72,6,52,9,1.0,0.6
Joe Rodon,Leeds,DEF,4.0,22,2,4.4,4.0,0,0,450,2,7,0,0,0,0,0,0,2,97.8,2.8,4.0,10.5,4.3,0,1.1,5.5,328472,112140,56808,12582,0.0,0.0,0.0,0.0,0.0,0.01,0.01,6.52,5,3,44,10,47,9.4,,69,31,329,115,298,100,176,59,,,,,,,0.0,0.0,0.0,0.0,1.3,1.4,633,167,57,23,70,31,84,34,1.0,0.4
Tyrone Mings,Aston Villa,DEF,4.5,22,4,4.4,1.6,0,0,450,2,5,0,0,0,0,0,0,1,115.4,43.8,25.0,18.5,4.7,0,1.0,4.9,108737,52407,6853,4058,0.0,0.0,0.0,0.0,0.33,0.09,0.42,8.44,5,2,37,15,39,7.8,,41,16,111,25,163,39,77,20,,,,,,,0.07,0.0,0.02,0.09,1.69,1.0,400,77,49,21,71,32,150,56,1.0,0.4
Gabriel Gudmundsson,Leeds,DEF,4.0,21,4,4.2,5.3,0,0,439,2,7,1,0,0,0,1,0,6,83.6,74.1,27.0,18.5,4.3,0,1.1,5.2,448825,158271,42213,12062,0.0,0.0,0.0,0.0,0.17,0.35,0.52,6.49,5,8,27,18,35,7.18,,94,43,58,11,155,33,76,19,,,,,,,0.03,0.0,0.07,0.1,1.33,1.44,643,172,58,24,76,35,66,27,1.03,0.41
Đorđe Petrović,Bournemouth,GKP,4.5,21,6,4.2,5.0,0,0,450,3,5,0,0,0,10,1,0,0,88.8,0.0,0.0,8.9,4.3,0,1.0,4.7,354199,155553,54925,11888,0.0,0.0,0.0,0.0,0.0,0.0,0.0,3.62,5,0,10,33,0,0.0,,78,10,584,71,558,65,205,11,,,,,,,0.0,2.0,0.0,0.0,0.72,1.0,434,27,59,4,77,7,74,13,1.0,0.6
Kieran Trippier,Newcastle,DEF,5.0,21,0,5.2,2.6,0,0,316,3,2,0,0,0,0,0,0,2,36.8,129.5,4.0,16.9,3.8,0,0.8,4.2,126508,98683,1678,19345,0.0,0.0,0.0,0.0,0.0,0.35,0.35,1.65,4,2,6,19,8,2.28,,221,84,14,3,308,108,92,28,1.0,,1.0,,,,0.0,0.0,0.1,0.1,0.47,0.57,241,37,79,33,41,20,111,44,1.14,0.85
Dominik Szoboszlai,Liverpool,MID,6.5,21,1,4.2,3.9,1,0,450,2,5,0,0,0,0,1,0,3,103.6,83.5,69.0,25.7,4.8,1,0.7,3.2,325798,164611,28094,31730,0.0,0.0,0.0,0.0,0.41,0.22,0.63,3.95,5,9,19,25,53,10.6,,56,19,45,37,49,28,34,21,5.0,,2.0,,,,0.08,0.0,0.04,0.12,0.79,1.0,56,38,47,18,80,29,87,27,1.0,0.4
Dan Ndoye,Nott'm Forest,MID,6.1,21,2,4.2,3.2,1,1,370,0,6,0,0,0,0,0,0,4,84.6,75.0,55.0,21.5,3.0,0,0.5,3.4,506304,233434,5477,28715,0.1,-0.1,0.0,0.0,0.1,0.57,0.67,5.59,5,4,6,15,25,6.08,,91,29,55,42,69,43,57,35,,,,,,,0.02,0.0,0.14,0.16,1.36,1.46,85,57,127,49,79,28,100,34,1.22,0.0
Bafodé Diakité,Bournemouth,DEF,4.5,21,5,5.2,0.4,0,0,360,3,4,0,0,0,0,1,0,2,71.0,23.8,6.0,10.1,3.7,1,0.8,4.7,55524,33016,2363,1994,0.0,0.0,0.0,0.0,0.0,0.04,0.04,3.0,4,7,26,17,33,8.25,,120,54,187,51,283,93,187,63,,,,,,,0.0,0.0,0.01,0.01,0.75,1.0,422,91,84,36,39,18,260,96,1.0,0.75
Brennan Johnson,Spurs,MID,7.0,20,1,4.0,7.0,2,0,237,2,1,0,0,0,0,1,0,2,87.0,44.8,50.0,18.3,1.0,0,0.1,2.9,1052175,679704,7068,100865,0.0,0.0,-0.1,0.1,0.9,0.15,1.05,3.93,3,5,4,6,15,5.7,,82,25,107,75,79,47,82,46,,,,,,,0.34,0.0,0.06,0.4,1.49,0.38,35,21,286,140,96,36,58,17,1.14,0.76
Pascal Struijk,Leeds,DEF,4.5,20,4,4.0,0.4,0,0,450,2,7,0,0,0,0,0,0,2,98.6,14.3,26.0,14.0,4.0,0,0.9,4.4,16695,18655,1454,1125,0.0,0.0,0.0,0.0,0.23,0.03,0.26,6.52,5,4,36,14,40,8.0,,67,30,246,80,159,36,128,42,,,,,3.0,,0.05,0.0,0.01,0.06,1.3,1.4,414,85,70,29,84,38,283,103,1.0,0.4
Chris Wood,Nott'm Forest,FWD,7.6,20,2,4.0,20.0,2,0,370,1,5,0,0,0,0,0,0,3,75.6,46.3,133.0,25.1,1.8,1,0.2,2.6,2023688,1454515,20410,221953,0.1,-0.1,0.0,0.0,2.03,0.11,2.14,5.62,5,0,3,5,8,1.95,,110,11,99,9,10,6,37,9,,,,,1.0,,0.49,0.0,0.03,0.52,1.37,1.22,22,8,211,20,97,10,19,5,1.22,0.24
Ibrahima Konaté,Liverpool,DEF,5.5,20,4,4.0,3.4,0,0,434,2,5,0,0,0,0,1,0,3,99.0,29.8,14.0,14.3,4.8,0,0.9,3.6,157388,148952,16173,10030,0.0,0.0,0.0,0.0,0.53,0.06,0.59,3.86,5,8,28,13,36,7.47,,66,29,159,38,229,66,122,39,,,,,,,0.11,0.0,0.01,0.12,0.8,1.04,145,18,46,19,93,42,96,39,1.04,0.41
Marc Cucurella,Chelsea,DEF,6.2,20,0,4.0,26.2,0,1,356,2,4,0,0,0,0,1,0,2,84.2,80.6,40.0,20.5,2.3,0,0.4,3.2,1338949,730819,19181,138587,0.2,-0.2,0.0,0.0,0.22,0.47,0.69,4.29,4,9,18,18,27,6.83,,92,41,49,9,106,15,63,14,,,,,,,0.06,0.0,0.12,0.18,1.08,1.01,81,1,171,66,94,43,11,3,1.01,0.51
Declan Rice,Arsenal,MID,6.5,20,3,4.0,8.3,0,2,374,2,2,0,0,0,0,0,0,1,63.2,112.3,15.0,19.1,2.7,0,0.4,3.1,368096,389322,12941,36022,0.0,0.0,0.0,0.0,0.15,0.84,0.99,2.72,4,3,8,21,32,7.7,,130,44,20,17,222,126,73,43,2.0,,1.0,,,,0.04,0.0,0.2,0.24,0.65,0.48,53,36,155,67,95,35,51,15,0.96,0.48
Lucas Bergvall,Spurs,MID,5.4,20,4,4.0,0.5,1,1,286,2,2,0,0,0,0,0,0,0,86.4,34.2,81.0,20.2,5.3,1,1.0,3.7,55120,15712,11450,3392,-0.1,0.1,0.0,0.0,0.3,0.14,0.44,3.16,3,8,6,13,27,8.5,,86,26,140,93,36,20,66,39,,,,,,,0.09,0.0,0.04,0.13,0.99,0.63,209,132,35,14,91,33,236,84,0.94,0.63
Granit Xhaka,Sunderland,MID,5.0,20,4,4.0,2.9,0,2,450,2,4,0,0,0,0,2,0,0,119.6,108.0,14.0,24.1,4.3,0,0.9,4.0,134609,135623,14158,9761,0.0,0.0,0.0,0.0,0.12,0.4,0.52,5.24,5,10,25,21,56,11.2,,36,14,23,20,228,128,44,29,1.0,,1.0,,,,0.02,0.0,0.08,0.1,1.05,0.8,244,150,62,24,89,31,104,36,1.0,0.4
João Maria J.Palhinha,Spurs,MID,5.5,20,4,4.0,0.8,1,0,333,2,3,0,0,0,0,0,0,3,92.8,13.8,39.0,14.6,2.7,0,0.5,3.6,80903,49137,4827,4571,0.0,0.0,0.0,0.0,0.36,0.06,0.42,4.75,4,19,8,9,36,9.73,,74,23,249,146,113,68,116,63,,,,,,,0.1,0.0,0.02,0.12,1.28,0.81,138,87,153,65,92,34,191,64,1.08,0.54
Michael Keane,Everton,DEF,4.5,20,1,4.0,0.7,0,0,450,2,5,0,0,0,0,0,0,0,94.8,12.4,40.0,14.7,4.5,0,1.0,4.4,64959,31679,8065,3021,0.0,0.0,0.0,0.0,0.55,0.06,0.61,7.05,5,5,42,16,47,9.4,,72,33,258,84,101,14,114,37,,,,,,,0.11,0.0,0.01,0.12,1.41,1.0,396,74,54,22,82,37,203,75,1.0,0.4
Idrissa Gana Gana,Everton,MID,5.4,20,10,4.0,0.1,1,0,435,2,4,0,0,0,0,0,0,1,82.0,47.9,58.0,18.8,4.5,0,0.8,3.7,4867,6658,2299,456,-0.1,0.1,0.0,0.0,0.72,0.21,0.93,6.59,5,10,8,25,43,8.9,,97,31,93,65,64,39,75,45,,,,,,,0.15,0.0,0.04,0.19,1.36,0.83,172,106,55,21,90,32,476,160,1.03,0.41
Kiernan Dewsbury-Hall,Everton,MID,5.0,19,1,3.8,4.9,1,1,450,2,5,0,0,0,0,4,0,3,92.6,183.6,45.0,32.2,4.2,1,0.8,3.8,350218,289480,37072,33335,0.0,0.0,0.0,0.0,0.31,1.33,1.64,7.05,5,8,4,16,28,5.6,,75,24,2,2,87,54,16,11,2.0,,,,,,0.06,0.0,0.27,0.33,1.41,1.0,265,160,66,26,102,38,75,21,1.0,0.4
Hjalmar Ekdal,Burnley,DEF,4.0,19,2,3.8,1.6,0,0,442,1,7,0,0,0,0,0,0,1,111.6,15.8,57.0,18.4,3.0,0,0.8,4.8,189357,50605,12728,5700,0.0,0.0,0.0,0.0,0.15,0.01,0.16,9.21,5,5,46,13,51,10.38,,45,19,239,77,67,8,80,22,,,,,,,0.03,0.0,0.0,0.03,1.88,1.43,667,186,108,47,98,44,149,55,1.02,0.2
Pape Matar P.M.Sarr,Spurs,MID,5.0,19,0,4.8,3.1,1,1,345,3,1,0,0,0,0,0,0,0,81.2,25.5,68.0,17.5,3.3,0,0.7,3.8,247942,197515,10334,26799,0.0,0.0,0.0,0.0,0.31,0.26,0.57,4.68,4,4,11,17,32,8.35,,103,33,179,117,50,29,88,48,,,,,,,0.08,0.0,0.07,0.15,1.22,0.26,286,173,95,36,61,23,101,35,1.04,0.78
Daniel Ballard,Sunderland,DEF,4.6,19,1,6.3,2.6,1,0,151,1,1,0,0,0,0,0,0,3,87.4,20.9,67.0,17.6,0.3,1,0.1,4.1,587998,516567,1285,14123,0.1,-0.1,0.0,0.0,0.19,0.18,0.37,1.02,2,2,20,4,22,13.11,,81,37,204,60,51,5,86,26,,,,,,,0.11,0.0,0.11,0.22,0.61,0.6,387,69,350,122,16,8,109,42,1.19,0.6
Trai Hume,Sunderland,DEF,4.5,19,4,3.8,0.3,0,0,450,2,4,0,0,0,0,0,0,0,83.8,72.0,10.0,16.6,4.0,0,0.9,4.2,19767,17092,850,738,0.0,0.0,0.0,0.0,0.07,0.22,0.29,5.24,5,14,21,12,35,7.0,,93,42,64,14,248,78,96,31,,,4.0,,,,0.01,0.0,0.04,0.05,1.05,0.8,444,99,73,32,100,46,329,116,1.0,0.4
Djed Spence,Spurs,DEF,4.5,19,1,3.8,2.4,0,0,341,3,1,0,0,0,0,2,0,0,41.8,31.8,26.0,9.9,2.3,0,0.5,4.2,219780,96336,5772,14592,0.0,0.0,0.0,0.0,0.18,0.12,0.3,4.68,4,3,11,14,14,3.7,,197,79,153,37,160,37,193,67,,,,,,,0.05,0.0,0.03,0.08,1.24,0.26,419,89,163,64,99,45,117,46,1.06,0.79
Bryan Mbeumo,Man Utd,MID,8.1,19,3,3.8,15.2,1,0,429,1,7,0,0,0,0,0,0,3,70.0,170.1,170.0,41.0,4.2,0,0.5,2.3,980781,805885,59809,70315,0.1,-0.1,0.0,0.0,1.85,1.27,3.12,6.92,5,0,2,11,13,2.73,,122,40,6,6,3,1,5,4,2.0,,2.0,,,,0.39,0.0,0.27,0.66,1.45,1.47,13,8,68,27,104,40,24,9,1.05,0.21
Alex Scott,Bournemouth,MID,5.0,19,3,3.8,0.3,1,0,328,3,3,0,0,0,0,1,0,2,76.8,67.7,22.0,16.6,5.0,0,1.0,3.8,25785,8885,5137,1686,0.0,0.0,0.0,0.0,0.22,0.2,0.42,2.94,5,13,9,14,36,9.88,,109,36,67,49,179,105,97,52,,,5.0,,,,0.06,0.0,0.05,0.11,0.81,0.82,293,179,43,16,103,39,323,110,1.37,0.82
Lyle Foster,Burnley,FWD,5.0,18,6,3.6,1.8,1,1,418,2,7,0,0,0,0,1,0,2,80.6,53.6,50.0,18.5,4.7,0,0.9,3.6,211623,75091,42959,12037,0.0,0.0,0.0,0.0,0.75,0.08,0.83,8.87,5,5,9,14,28,6.03,,106,10,83,6,77,22,79,13,,,,,,,0.16,0.0,0.02,0.18,1.91,1.51,276,52,50,8,113,11,136,19,1.08,0.43
Elliot Anderson,Nott'm Forest,MID,5.5,18,4,3.6,5.0,0,1,450,0,9,0,0,0,0,0,0,1,122.0,136.5,39.0,29.8,3.0,0,0.5,3.3,199270,318169,9306,30144,0.0,0.0,0.0,0.0,0.45,0.72,1.17,7.71,5,15,10,38,63,12.6,,34,13,12,11,114,69,20,15,3.0,,,,,,0.09,0.0,0.14,0.23,1.54,1.8,146,90,122,47,115,46,71,19,1.0,0.0
Ismaïla Sarr,Crystal Palace,MID,6.4,18,0,6.0,2.6,2,0,270,2,1,0,0,0,0,1,0,1,83.4,20.6,57.0,16.2,3.8,0,0.6,2.8,444067,695457,2504,35272,-0.1,0.1,-0.1,0.1,2.0,0.05,2.05,3.66,3,3,6,10,19,6.33,Muscle injury - 75% chance of playing,95,30,206,130,68,42,105,57,,,,,,,0.67,0.0,0.02,0.69,1.22,0.33,64,44,81,30,24,6,108,39,1.0,0.67
Francisco Evanilson Evanilson,Bournemouth,FWD,7.0,18,2,3.6,3.1,1,1,437,3,5,0,0,0,0,1,0,2,55.0,81.6,133.0,26.8,5.0,0,0.7,2.6,334255,218497,31104,22476,0.0,0.0,0.0,0.0,1.03,0.14,1.17,3.5,5,1,6,16,23,4.74,,151,13,48,3,9,5,25,6,,,,,2.0,,0.21,0.0,0.03,0.24,0.72,1.03,40,16,44,7,118,12,102,15,1.03,0.62
Mitoma Mitoma,Brighton,MID,6.4,18,2,3.6,4.7,1,1,442,1,7,0,0,0,0,1,0,0,86.2,94.3,84.0,26.1,4.0,0,0.6,2.8,128325,366853,8348,22664,-0.1,0.1,0.0,0.0,0.76,0.27,1.03,6.61,5,3,5,11,19,3.87,,87,27,35,29,31,16,30,18,,,,,,,0.15,0.0,0.05,0.2,1.35,1.43,69,48,76,28,117,48,77,23,1.02,0.2
Alisson A.Becker,Liverpool,GKP,5.5,18,2,3.6,10.8,0,0,450,2,5,0,0,0,4,0,0,2,60.6,0.1,0.0,6.1,4.2,1,0.8,3.3,242537,378926,12804,31038,0.0,0.0,0.0,0.0,0.0,0.01,0.01,3.95,5,0,12,41,0,0.0,,136,17,379,7,713,84,269,17,,,,,,,0.0,0.8,0.0,0.0,0.79,1.0,135,3,67,5,114,11,41,7,1.0,0.4
William Saliba,Arsenal,DEF,6.0,18,2,4.5,12.5,0,0,274,2,1,0,0,0,0,0,0,1,74.8,5.2,6.0,8.7,1.0,0,0.2,3.0,502647,904589,22266,24241,0.0,0.0,0.0,0.0,0.13,0.03,0.16,2.58,4,8,23,15,31,10.18,,112,49,313,107,290,97,210,72,,,,,,,0.04,0.0,0.01,0.05,0.85,0.33,87,4,281,97,68,29,33,12,1.31,0.66
Jérémy Doku,Man City,MID,6.4,18,3,3.6,2.7,0,2,281,3,1,0,0,0,0,0,0,1,61.4,112.4,35.0,20.8,4.7,0,0.7,2.8,241897,94714,94686,10693,-0.1,0.1,0.0,0.0,0.25,1.05,1.3,3.01,3,4,1,10,15,4.8,,133,46,19,16,125,77,60,37,,,,,3.0,,0.08,0.0,0.34,0.42,0.96,0.32,67,46,53,20,116,47,107,38,0.96,0.96
El Hadji Malick Diouf,West Ham,DEF,4.4,18,3,3.6,4.3,0,3,450,1,13,0,0,0,0,1,0,1,125.6,102.9,37.0,26.6,4.7,0,1.1,4.1,74271,357943,7877,39148,-0.1,0.1,0.0,0.0,0.17,0.65,0.82,7.75,5,5,25,19,30,6.0,,29,10,30,5,118,20,26,4,,,,,,,0.03,0.0,0.13,0.16,1.55,2.6,598,154,48,20,112,47,81,31,1.0,0.2
Nordi Mukiele,Sunderland,DEF,4.0,18,4,6.0,0.9,0,0,270,1,2,0,0,0,0,0,0,2,86.8,42.1,18.0,14.7,6.0,1,1.5,4.5,91683,20671,25104,3141,0.0,0.0,0.0,0.0,0.14,0.23,0.37,3.68,3,10,32,6,42,14.0,,83,38,113,27,204,50,113,36,,,,,,,0.05,0.0,0.08,0.13,1.23,0.67,629,164,15,4,18,10,188,70,1.0,0.33
Martin Dúbravka,Burnley,GKP,4.0,17,4,3.4,34.3,0,0,450,1,8,0,0,0,19,0,0,0,142.6,0.0,0.0,14.3,3.0,0,0.8,4.2,622397,327315,50559,32708,0.0,0.0,0.0,0.0,0.0,0.0,0.0,10.27,5,0,9,46,0,0.0,,14,2,410,12,371,5,120,2,,,,,,,0.0,3.8,0.0,0.0,2.05,1.6,610,42,106,11,127,14,5,1,1.0,0.2
Calvin Bassey,Fulham,DEF,4.5,17,4,3.4,0.6,0,0,450,1,5,0,0,0,0,1,0,3,80.8,7.5,9.0,9.8,4.0,0,0.9,3.8,26421,19954,2267,1154,0.0,0.0,0.0,0.0,0.16,0.05,0.21,6.85,5,7,24,24,31,6.2,,104,47,298,99,255,81,195,68,,,,,,,0.03,0.0,0.01,0.04,1.37,1.0,420,90,72,31,129,50,233,85,1.0,0.2
Harry Wilson,Fulham,MID,5.4,17,9,3.4,0.4,1,1,292,0,2,0,0,0,0,0,0,2,63.2,51.4,65.0,17.9,3.0,0,0.6,3.1,15566,75667,2149,2384,-0.1,0.1,0.0,0.0,0.48,0.23,0.71,3.04,3,8,2,7,17,5.24,,129,43,87,60,52,30,85,47,3.0,,3.0,,,,0.15,0.0,0.07,0.22,0.94,0.62,176,109,117,43,131,54,253,86,0.92,0.0
Igor Thiago Thiago,Brentford,FWD,6.0,17,2,3.4,1.7,2,0,405,1,9,0,0,0,0,2,0,1,97.8,60.5,75.0,23.4,3.0,0,0.5,2.8,199653,122222,7764,15124,0.0,0.0,0.0,0.0,1.35,0.16,1.51,6.37,5,4,13,6,23,5.11,,70,9,76,4,45,16,47,10,,,,,2.0,,0.3,0.0,0.04,0.34,1.42,2.0,92,27,126,13,132,13,137,20,1.11,0.22
Dango O.Dango,Brentford,MID,6.0,17,1,4.2,0.8,1,0,215,1,3,0,0,0,0,0,0,3,58.6,5.1,90.0,15.1,1.3,1,0.2,2.8,162666,97276,1876,12616,0.0,0.0,0.0,0.0,0.97,0.02,0.99,3.13,2,4,9,10,23,9.63,,142,52,315,170,28,14,111,62,,,,,,,0.41,0.0,0.01,0.42,1.31,1.26,93,62,244,117,78,27,197,67,0.84,0.42
Sven Botman,Newcastle,DEF,4.9,17,8,5.7,0.5,0,0,158,2,0,0,0,0,0,0,0,4,44.6,0.6,0.0,4.5,4.2,0,0.9,3.5,16507,26765,1723,1277,-0.1,0.1,0.0,0.0,0.0,0.0,0.0,1.18,2,2,16,12,18,10.25,,183,74,360,130,636,230,302,102,,,,,,,0.0,0.0,0.0,0.0,0.67,0.0,331,55,65,27,32,16,249,93,1.14,1.14
Jayden Bogle,Leeds,DEF,4.5,17,4,3.4,0.2,0,1,434,2,6,0,0,0,0,2,0,0,53.4,16.9,29.0,9.9,4.0,0,0.9,3.8,6103,7641,263,956,0.0,0.0,0.0,0.0,0.14,0.04,0.18,5.46,5,11,20,29,31,6.43,Foot injury - 75% chance of playing,159,68,232,73,145,28,192,66,,,,,,,0.03,0.0,0.01,0.04,1.13,1.24,416,87,71,30,128,49,373,137,1.04,0.41
Bernd Leno,Fulham,GKP,5.0,17,1,3.4,1.6,0,0,450,1,5,0,0,0,15,1,0,1,119.4,0.0,0.0,11.9,3.5,0,0.7,3.4,43792,55627,2586,4374,0.0,0.0,0.0,0.0,0.0,0.0,0.0,6.85,5,1,5,43,0,0.0,,37,5,679,78,659,73,157,6,,,,,,,0.0,3.0,0.0,0.0,1.37,1.0,243,7,90,8,130,15,148,20,1.0,0.2
Robert Sánchez,Chelsea,GKP,5.0,16,-3,3.2,19.6,0,0,364,2,5,0,0,0,12,0,1,1,81.4,0.0,0.0,8.1,1.7,0,0.3,3.2,462892,972446,4139,295661,0.0,0.0,0.0,0.0,0.0,0.0,0.0,3.89,5,0,3,27,0,0.0,,101,14,684,82,666,78,225,16,,,,,,,0.0,2.97,0.0,0.0,0.96,1.24,263,12,215,18,139,16,20,3,1.24,0.49
Callum Hudson-Odoi,Nott'm Forest,MID,6.0,16,1,3.2,1.5,1,0,339,0,6,0,0,0,0,0,0,3,62.8,105.5,62.0,23.1,3.5,0,0.6,2.7,139071,108533,3400,13265,0.0,0.0,0.0,0.0,0.38,0.39,0.77,6.15,4,1,2,5,8,2.12,,131,45,28,24,57,34,50,34,4.0,,,,,,0.1,0.0,0.1,0.2,1.63,1.59,86,58,93,34,146,60,153,53,1.06,0.0
Jean-Philippe Mateta,Crystal Palace,FWD,7.6,16,6,3.2,11.3,2,0,441,3,2,0,0,0,0,2,0,0,102.6,9.6,150.0,26.3,3.8,0,0.5,2.1,936076,657478,26073,117685,0.1,-0.1,0.0,0.0,2.67,0.34,3.01,4.41,5,1,17,13,31,6.33,,59,8,288,28,5,3,29,8,,,,,2.0,,0.54,0.0,0.07,0.61,0.9,0.41,23,9,82,11,149,15,39,8,1.02,0.61
Jake O'Brien,Everton,DEF,5.0,16,1,3.2,0.5,0,0,450,2,5,0,0,0,0,0,0,0,53.2,36.0,20.0,11.0,3.5,0,0.7,3.2,19942,27594,2124,1896,0.0,0.0,0.0,0.0,0.29,0.11,0.4,7.05,5,7,16,12,23,4.6,,160,69,135,33,194,48,168,57,,,,,,,0.06,0.0,0.02,0.08,1.41,1.0,296,49,91,39,141,55,239,87,1.0,0.4
Chemsdine Talbi,Sunderland,MID,5.0,16,2,3.2,0.3,0,1,385,3,2,0,0,0,0,0,0,0,37.8,74.2,33.0,14.5,2.7,0,0.5,3.2,34164,28560,413,1563,0.0,0.0,0.0,0.0,0.59,0.25,0.84,4.06,5,3,6,13,22,5.14,,215,93,56,43,132,81,118,65,,,,,,,0.14,0.0,0.06,0.2,0.95,0.47,299,184,151,63,142,58,321,108,1.17,0.7
Sepp Van den Berg,Brentford,DEF,4.5,16,1,3.2,0.7,0,0,450,1,10,0,0,0,0,0,0,0,108.6,2.2,26.0,13.7,1.7,0,0.4,3.6,60079,36879,1187,2895,0.0,0.0,0.0,0.0,0.21,0.03,0.24,6.85,5,3,47,14,50,10.0,,48,20,339,121,161,38,133,44,,,,,,,0.04,0.0,0.01,0.05,1.37,2.0,430,95,214,80,136,53,206,76,1.0,0.2
Yasin Ayari,Brighton,MID,4.9,16,8,3.2,0.2,1,0,362,0,7,0,0,0,0,0,0,2,74.8,46.0,42.0,16.4,3.2,0,0.7,3.3,13210,13134,7498,1329,-0.1,0.1,0.0,0.0,0.39,0.24,0.63,4.8,3,10,10,19,39,9.7,,111,37,101,69,97,59,101,55,3.0,,5.0,,,,0.1,0.0,0.06,0.16,1.19,1.74,362,225,104,39,138,56,354,118,0.75,0.0
Rúben Rúben,Man City,DEF,5.5,16,2,3.2,4.1,0,0,365,2,4,0,0,0,0,0,0,0,68.4,5.0,2.0,7.6,3.0,0,0.5,2.9,169779,158582,23931,9981,0.0,0.0,0.0,0.0,0.0,0.1,0.1,5.25,4,2,23,8,25,6.16,,125,57,316,108,337,117,236,79,,,,,,,0.0,0.0,0.02,0.02,1.29,0.99,141,17,121,52,143,56,83,33,0.99,0.49
Phil Foden,Man City,MID,8.0,16,3,5.3,3.4,1,0,172,2,0,0,0,0,0,0,0,2,52.2,32.6,35.0,12.0,5.0,1,0.6,2.0,270263,114746,99792,18295,0.0,0.0,0.0,0.0,0.46,0.06,0.52,2.59,2,3,5,16,24,12.56,,162,62,144,96,126,78,156,81,3.0,,3.0,,,,0.24,0.0,0.03,0.27,1.36,0.0,14,9,45,17,38,13,97,32,1.05,1.05
Pedro Neto,Chelsea,MID,7.0,16,1,3.2,4.7,1,0,356,2,3,0,0,0,0,0,0,0,71.6,123.6,64.0,25.9,2.0,0,0.3,2.3,369508,319390,7294,32028,0.0,0.0,0.0,0.0,0.53,0.91,1.44,3.22,5,3,4,12,19,4.8,,118,38,15,12,55,32,32,20,1.0,,,,,,0.13,0.0,0.23,0.36,0.81,0.76,37,23,200,90,148,62,76,22,1.26,0.51
Maxime Estève,Burnley,DEF,4.0,16,4,3.2,15.9,0,0,442,1,8,0,0,0,0,0,0,0,113.2,12.3,27.0,15.3,3.0,0,0.8,4.0,333752,588158,25095,71359,0.0,0.0,0.0,0.0,0.17,0.01,0.18,10.16,5,3,46,9,49,9.98,,43,18,260,85,156,34,108,35,,,,,,,0.03,0.0,0.0,0.03,2.07,1.63,666,185,107,46,135,52,23,7,1.02,0.2
Rodrigo Muniz,Fulham,FWD,5.5,15,5,3.0,2.5,1,1,314,1,4,1,0,0,0,1,0,3,58.8,41.7,103.0,20.0,2.0,0,0.4,2.7,217230,182584,16524,13473,0.0,0.0,0.0,0.0,0.86,0.01,0.87,5.45,4,3,8,6,17,4.87,,140,12,115,11,19,10,68,12,,,,,,,0.25,0.0,0.0,0.25,1.56,1.15,151,35,196,17,168,16,113,16,1.15,0.29
Lucas Digne,Aston Villa,DEF,4.5,15,1,3.0,2.0,0,0,307,2,1,0,0,0,0,1,0,0,27.0,25.5,17.0,6.9,2.3,0,0.5,3.3,94191,84497,1995,6517,0.0,0.0,0.0,0.0,0.08,0.22,0.3,5.37,4,4,9,13,13,3.81,,260,101,178,47,208,54,250,83,7.0,,2.0,,,,0.02,0.0,0.06,0.08,1.57,0.29,394,73,162,63,151,57,129,50,1.17,0.59
Kenny Tete,Fulham,DEF,4.5,15,2,3.0,0.2,0,0,450,1,5,0,0,0,0,0,0,0,86.8,40.5,14.0,14.2,3.2,0,0.7,3.3,13406,9306,508,721,0.0,0.0,0.0,0.0,0.07,0.43,0.5,6.85,5,16,20,16,36,7.2,,84,39,119,28,224,63,124,40,,,,,,,0.01,0.0,0.09,0.1,1.37,1.0,403,78,103,44,153,58,349,126,1.0,0.2
David Brooks,Bournemouth,MID,5.0,15,3,3.0,0.4,0,1,340,3,3,0,0,0,0,2,0,1,57.8,107.3,82.0,24.3,2.7,0,0.5,3.0,48669,26449,2432,2224,0.0,0.0,0.0,0.0,0.79,1.24,2.03,3.03,5,6,4,18,28,7.41,,144,54,24,21,34,19,42,27,5.0,,,,,,0.21,0.0,0.33,0.54,0.8,0.79,248,151,148,61,160,66,273,94,1.32,0.79
Matthijs De Ligt,Man Utd,DEF,5.0,15,2,3.0,2.7,0,0,450,0,8,0,0,0,0,0,0,3,114.4,40.5,31.0,18.5,2.8,0,0.6,3.0,165424,151616,8438,7999,0.0,0.0,0.0,0.0,0.31,0.45,0.76,7.22,5,10,33,18,43,8.6,,42,17,120,29,139,26,78,21,,,,,,,0.06,0.0,0.09,0.15,1.44,1.6,259,41,134,55,161,62,105,41,1.0,0.0
Nathan Collins,Brentford,DEF,5.0,15,0,3.0,1.4,0,0,450,1,10,0,0,0,0,2,0,1,102.8,11.6,50.0,16.5,2.0,0,0.4,3.0,42821,70007,1222,6998,0.0,0.0,0.0,0.0,0.11,0.06,0.17,6.85,5,4,44,17,48,9.6,,58,25,267,89,76,10,99,32,,,,,,,0.02,0.0,0.01,0.03,1.37,2.0,275,45,193,75,164,64,161,59,1.0,0.2
Enzo E.Le Fée,Sunderland,MID,4.9,15,2,3.8,0.4,1,0,211,0,3,0,0,0,0,0,0,2,79.2,41.4,21.0,14.2,4.3,1,0.9,3.1,43009,38875,1956,2878,-0.1,0.1,0.0,0.0,0.83,0.08,0.91,2.55,2,11,6,14,31,13.22,,108,35,116,78,184,108,125,68,2.0,,2.0,,,,0.35,0.0,0.03,0.38,1.09,1.28,357,222,61,23,101,37,266,92,0.85,0.0
Jordan Henderson,Brentford,MID,5.0,15,2,3.0,0.3,0,1,322,2,5,0,0,0,0,0,0,1,48.8,32.2,5.0,8.6,3.7,0,0.7,3.0,19458,16888,2253,1850,0.0,0.0,0.0,0.0,0.03,0.05,0.08,3.62,4,5,9,15,29,8.11,,172,68,147,99,295,159,213,106,,,,,,,0.01,0.0,0.01,0.02,1.01,1.4,240,149,85,31,159,65,294,96,1.12,0.56
Keane Lewis-Potter,Brentford,DEF,5.0,15,1,3.0,0.4,0,0,383,2,8,0,0,0,0,0,0,0,27.2,25.4,15.0,6.8,2.7,0,0.5,3.0,14093,18147,464,1613,0.0,0.0,0.0,0.0,0.12,0.06,0.18,5.7,5,6,10,16,16,3.76,,259,100,180,48,219,60,253,84,,,4.0,,,,0.03,0.0,0.01,0.04,1.34,1.88,272,44,150,61,162,63,270,97,1.17,0.47
Mikkel Damsgaard,Brentford,MID,5.9,15,8,5.0,0.7,1,0,266,1,5,0,0,0,0,0,0,1,81.6,89.7,40.0,21.2,3.3,0,0.6,2.5,26551,66681,2038,2238,-0.1,0.1,0.0,0.0,0.25,0.55,0.8,3.74,3,6,6,8,20,6.77,,100,32,41,34,105,65,58,36,2.0,,3.0,,,,0.08,0.0,0.19,0.27,1.27,1.69,108,74,101,38,55,19,211,72,1.02,0.34
Michael Kayode,Brentford,DEF,4.5,15,1,3.0,0.4,0,0,436,1,9,0,0,0,0,0,0,2,87.6,47.4,6.0,14.1,1.3,0,0.3,3.3,41275,24504,564,1718,0.0,0.0,0.0,0.0,0.0,0.17,0.17,6.61,5,10,22,20,32,6.61,,80,36,96,21,284,94,126,41,,,,,,,0.0,0.0,0.04,0.04,1.36,1.86,501,111,230,86,155,60,281,102,1.03,0.21
Reinildo Reinildo,Sunderland,DEF,4.0,14,-2,2.8,7.6,0,0,392,2,4,0,0,0,0,1,1,0,74.2,18.3,6.0,9.9,1.7,0,0.4,3.5,409194,296854,6077,61439,0.0,0.0,0.0,0.0,0.02,0.04,0.06,4.78,5,11,25,13,36,8.27,Suspended until 25 Oct,114,51,223,68,277,89,191,65,,,,,,,0.0,0.0,0.01,0.01,1.1,0.92,645,173,212,78,172,66,53,19,1.15,0.46
Tyler Adams,Bournemouth,MID,5.0,14,3,2.8,0.4,0,0,447,3,4,0,0,0,0,3,0,0,80.6,26.1,45.0,15.2,2.7,0,0.5,2.8,27119,22561,2128,1818,0.0,0.0,0.0,0.0,0.1,0.14,0.24,3.46,5,14,23,25,62,12.48,,105,34,177,116,86,53,110,61,,,4.0,,,,0.02,0.0,0.03,0.05,0.7,0.81,257,155,149,62,177,74,276,95,1.01,0.6
Bruno Bruno G.,Newcastle,MID,6.5,14,0,3.5,2.3,1,0,360,3,3,0,0,0,0,2,0,0,59.4,72.8,25.0,15.7,2.8,0,0.4,2.2,156259,123561,2828,17846,0.0,0.0,0.0,0.0,0.25,0.22,0.47,2.09,4,8,2,29,39,9.75,,139,51,61,47,169,97,106,58,,,,,,,0.06,0.0,0.06,0.12,0.52,0.75,55,37,139,57,124,51,123,43,1.0,0.75
Sandro Tonali,Newcastle,MID,5.4,14,3,2.8,1.3,0,0,425,4,2,0,0,0,0,0,0,0,54.8,104.1,48.0,20.7,2.8,0,0.5,2.6,48968,120884,3057,6354,-0.1,0.1,0.0,0.0,0.29,0.43,0.72,2.28,5,6,6,21,33,6.99,,152,57,29,25,81,49,61,38,4.0,,5.0,,,,0.06,0.0,0.09,0.15,0.48,0.42,191,119,137,56,180,76,165,56,1.06,0.85
Yehor Yarmoliuk,Brentford,MID,5.0,14,2,2.8,0.1,0,0,438,1,10,0,0,0,0,1,0,0,65.0,44.2,17.0,12.6,2.3,0,0.5,2.8,4902,3904,219,328,0.0,0.0,0.0,0.0,0.12,0.15,0.27,6.61,5,11,12,27,50,10.27,,128,42,109,76,211,121,150,79,,,,,,,0.02,0.0,0.03,0.05,1.36,2.05,295,181,165,72,179,75,532,191,1.03,0.21
Quilindschy Hartman,Burnley,DEF,4.0,14,2,2.8,0.5,0,0,450,1,8,0,0,0,0,0,0,0,104.6,78.3,20.0,20.3,2.3,0,0.6,3.5,26770,25908,1621,2537,0.0,0.0,0.0,0.0,0.11,0.4,0.51,10.27,5,12,33,10,45,9.0,,54,22,52,10,192,46,64,15,2.0,,,,,,0.02,0.0,0.08,0.1,2.05,1.6,676,190,161,62,173,67,238,86,1.0,0.2
Dominic Calvert-Lewin,Leeds,FWD,5.5,14,11,4.7,0.4,1,1,178,1,1,0,0,0,0,0,0,2,41.8,32.2,60.0,13.5,4.7,1,0.9,2.5,49526,12003,26726,3612,0.0,0.0,0.0,0.0,0.49,0.07,0.56,1.96,2,1,2,4,7,3.54,,199,18,148,13,60,18,138,17,,,,,,,0.25,0.0,0.04,0.29,0.99,0.51,142,34,51,9,65,8,267,43,1.01,0.51
Eberechi Eze,Arsenal,MID,7.5,14,4,3.5,12.1,0,2,226,2,1,0,0,0,0,0,0,0,54.0,38.3,60.0,15.3,2.8,0,0.4,1.9,836976,693361,49132,48367,0.0,0.0,0.0,0.0,0.44,0.7,1.14,1.91,2,2,2,10,14,5.58,,154,58,126,84,61,36,109,60,1.0,,1.0,,1.0,,0.18,0.0,0.28,0.46,0.76,0.4,25,16,140,58,126,53,36,12,0.8,0.8
Harry Maguire,Man Utd,DEF,4.4,14,11,3.5,0.7,0,1,110,1,1,0,0,0,0,0,0,2,24.6,11.6,10.0,4.6,3.2,1,0.7,3.2,20524,38423,6064,1368,-0.1,0.1,0.0,0.0,0.21,0.01,0.22,1.43,1,1,7,3,8,6.55,,271,106,266,88,246,76,301,101,,,,,,,0.17,0.0,0.01,0.18,1.17,0.82,518,116,102,43,119,48,218,80,0.82,0.82
Neco N.Williams,Nott'm Forest,DEF,5.0,14,10,2.8,6.6,1,0,450,0,9,0,0,0,0,2,0,2,103.6,47.1,60.0,21.1,3.2,1,0.6,2.8,134326,463503,15403,48571,0.0,0.0,0.0,0.0,0.19,0.15,0.34,7.71,5,11,15,19,26,5.2,,55,23,98,22,59,7,59,12,,,,,,,0.04,0.0,0.03,0.07,1.54,1.8,264,42,105,45,178,70,59,23,1.0,0.0
Kevin Schade,Brentford,MID,7.0,13,2,2.6,0.4,1,0,392,1,6,0,0,1,0,0,0,0,69.0,31.8,100.0,20.1,3.0,0,0.4,1.9,35432,26532,2811,3245,0.0,0.0,0.0,0.0,1.72,0.29,2.01,4.99,4,10,6,14,30,6.89,,123,41,154,103,21,10,67,40,,,,,,,0.39,0.0,0.07,0.46,1.15,1.38,41,25,131,53,194,85,263,89,0.92,0.23
Brajan Gruda,Brighton,MID,5.4,13,2,2.6,0.1,1,0,126,0,2,0,0,0,0,0,0,2,42.4,23.2,48.0,11.3,3.0,0,0.6,2.4,9094,6134,368,566,-0.1,0.1,0.0,0.0,1.24,0.02,1.26,1.96,1,2,1,9,12,8.57,,195,81,190,123,82,50,164,86,2.0,,6.0,,,,0.89,0.0,0.01,0.9,1.4,1.43,205,128,120,46,192,83,498,170,0.71,0.0
Rico Lewis,Man City,DEF,5.0,13,0,4.3,2.6,0,1,160,1,3,0,0,0,0,0,0,2,46.4,28.2,13.0,8.7,0.3,1,0.1,2.6,340084,264861,2134,21669,0.0,0.0,0.0,0.0,0.02,0.67,0.69,2.57,2,3,9,4,12,6.75,,176,72,164,41,233,68,209,71,,,,,,,0.01,0.0,0.38,0.39,1.45,1.69,284,46,357,123,75,34,110,43,1.12,0.56
Bernardo Bernardo,Man City,MID,6.4,13,1,2.6,0.6,0,1,349,2,2,0,0,0,0,1,0,0,61.2,116.2,20.0,19.7,3.0,0,0.5,2.0,25371,53285,2820,2790,-0.1,0.1,0.0,0.0,0.1,1.06,1.16,4.29,4,7,9,19,35,9.03,,134,47,17,14,199,117,70,41,1.0,,,,,,0.03,0.0,0.27,0.3,1.11,0.52,61,41,129,51,193,84,221,75,1.03,0.52
Nico O’Reilly,Man City,DEF,4.9,13,6,3.2,0.3,0,0,218,2,1,0,0,0,0,1,0,0,42.8,9.0,3.0,5.4,4.3,0,0.9,2.7,19589,12084,11634,1383,-0.1,0.1,0.0,0.0,0.05,0.02,0.07,3.75,2,9,12,8,21,8.67,,190,77,289,96,318,112,285,94,,,,,,,0.02,0.0,0.01,0.03,1.55,0.41,355,60,60,25,137,54,327,114,0.83,0.83
Leny Yoro,Man Utd,DEF,4.5,13,1,2.6,2.2,0,1,341,0,7,0,0,0,0,0,0,1,41.6,19.3,15.0,7.5,2.2,0,0.5,2.9,148920,122628,2534,10328,0.0,0.0,0.0,0.0,0.27,0.04,0.31,6.0,4,5,21,13,26,6.86,,200,81,213,65,216,58,239,81,,,,,,,0.07,0.0,0.01,0.08,1.58,1.85,471,106,174,67,190,75,124,48,1.06,0.0
Jacob J.Murphy,Newcastle,MID,6.3,13,3,3.2,1.1,0,1,224,3,0,0,0,0,0,0,0,0,37.2,27.7,102.0,16.6,3.0,0,0.5,2.1,27328,147624,1550,5851,-0.2,0.2,0.0,0.0,0.98,0.35,1.33,1.58,3,0,3,4,7,2.81,,218,96,166,110,20,9,98,53,,,,,,,0.39,0.0,0.14,0.53,0.63,0.0,75,52,128,50,147,61,175,58,1.21,1.21
Eliezer Mayenda,Sunderland,FWD,5.5,13,1,3.2,1.3,1,0,211,2,1,0,0,0,0,0,0,2,46.4,13.1,45.0,10.3,1.0,0,0.2,2.4,242239,191602,718,11639,0.0,0.0,0.0,0.0,0.39,0.0,0.39,1.88,3,1,2,3,6,2.56,,177,15,254,24,90,24,181,20,,,,,1.0,,0.17,0.0,0.0,0.17,0.8,0.43,170,41,277,25,144,14,167,27,1.28,0.85
Adam Wharton,Crystal Palace,MID,5.0,13,7,3.2,0.4,0,1,300,1,2,0,0,0,0,0,0,2,37.2,91.4,2.0,13.0,2.5,0,0.5,2.6,18950,42766,1736,1031,0.0,0.0,0.0,0.0,0.04,0.66,0.7,3.53,4,2,6,17,25,7.5,,217,95,39,32,334,178,144,76,3.0,,,,,,0.01,0.0,0.2,0.21,1.06,0.6,291,177,158,70,140,57,269,93,1.2,0.3
Lewis Dunk,Brighton,DEF,4.5,13,3,2.6,1.2,0,1,450,0,8,0,0,0,0,1,0,0,86.4,14.6,28.0,13.0,2.8,0,0.6,2.9,37159,49955,2391,3244,0.0,0.0,0.0,0.0,0.21,0.02,0.23,6.85,5,5,37,20,42,8.4,,85,40,245,79,152,32,142,48,,,,,,,0.04,0.0,0.0,0.04,1.37,1.6,393,72,133,54,189,74,171,63,1.0,0.0
Morgan Gibbs-White,Nott'm Forest,MID,7.5,13,2,2.6,5.0,0,1,416,0,8,0,0,0,0,0,0,0,51.4,119.0,81.0,24.9,2.0,0,0.3,1.7,321649,351457,5553,33664,0.0,0.0,0.0,0.0,0.76,0.52,1.28,7.62,5,2,5,14,21,4.54,,166,63,16,13,38,22,39,25,,,2.0,,2.0,,0.16,0.0,0.11,0.27,1.65,1.73,24,15,202,92,195,86,73,20,1.08,0.0
Georginio Georginio,Brighton,MID,5.8,13,5,3.2,0.5,0,2,237,1,3,0,0,0,0,1,0,0,46.0,47.3,46.0,13.9,1.8,0,0.3,2.2,29946,123802,1309,5952,-0.2,0.2,0.0,0.0,0.14,0.09,0.23,3.05,3,3,7,4,14,5.32,,179,73,97,68,85,52,131,70,,,,,,,0.05,0.0,0.03,0.08,1.16,1.14,117,79,209,96,145,59,234,82,1.14,0.38
Saša Lukić,Fulham,MID,5.0,13,1,2.6,0.1,0,1,445,1,5,0,0,0,0,3,0,0,50.0,160.3,22.0,23.2,2.8,0,0.6,2.6,4516,3988,309,473,0.0,0.0,0.0,0.0,0.59,0.82,1.41,6.8,5,12,12,15,39,7.89,,170,66,8,8,178,104,49,33,4.0,,,,,,0.12,0.0,0.17,0.29,1.38,1.01,262,159,136,55,191,82,501,172,1.01,0.2
Morgan Rogers,Aston Villa,MID,7.0,12,2,2.4,7.1,0,0,441,2,5,0,0,0,0,0,0,0,32.6,74.1,59.0,16.5,2.3,0,0.3,1.7,393796,673540,6708,93515,0.0,0.0,0.0,0.0,0.22,0.5,0.72,8.44,5,2,6,15,23,4.69,,234,106,59,45,63,38,100,54,,,,,,,0.04,0.0,0.1,0.14,1.72,1.02,36,22,172,78,207,92,56,16,1.02,0.41
Ryan Sessegnon,Fulham,MID,5.4,12,5,3.0,0.0,0,1,307,1,4,0,0,0,0,0,0,0,59.6,45.2,39.0,14.3,3.0,0,0.6,2.2,2859,2807,306,183,-0.1,0.1,0.0,0.0,0.05,0.39,0.44,5.14,4,12,16,6,34,9.97,,138,50,103,71,112,67,121,67,,,,,,,0.01,0.0,0.11,0.12,1.51,1.17,179,112,118,44,166,69,601,241,1.17,0.29
Matt O'Riley,Brighton,MID,5.5,12,0,6.0,0.6,1,0,177,1,2,0,0,0,0,0,0,2,60.8,66.6,63.0,19.0,0.5,1,0.1,2.2,130744,170700,0,6812,0.0,0.0,0.0,0.0,1.21,0.17,1.38,2.12,2,4,3,2,9,4.58,has joined Marseille on loan for the rest of the season.,135,48,69,51,56,33,74,44,1.0,,2.0,,2.0,,0.62,0.0,0.09,0.71,1.08,1.02,149,93,329,165,23,5,226,79,1.02,0.51
Lucas Estella Perri,Leeds,GKP,4.5,12,0,4.0,0.3,0,0,270,2,5,0,0,0,3,0,0,0,29.2,0.0,0.0,2.9,2.0,0,0.4,2.7,14680,24308,120,1980,0.0,0.0,0.0,0.0,0.0,0.0,0.0,3.89,3,0,3,20,0,0.0,Thigh injury - 50% chance of playing,251,23,569,69,542,63,343,23,,,,,,,0.0,1.0,0.0,0.0,1.3,1.67,410,25,184,15,83,8,306,46,1.0,0.67
Gabriel Martinelli,Arsenal,MID,6.9,12,7,3.0,1.0,1,0,150,1,0,0,0,0,0,0,0,1,42.6,15.3,44.0,10.2,3.7,0,0.5,1.7,30713,84422,7545,2731,-0.1,0.1,0.0,0.0,0.18,0.01,0.19,1.33,2,2,0,6,8,4.8,,193,80,242,144,93,58,186,97,,,,,,,0.11,0.0,0.01,0.12,0.8,0.0,44,28,89,33,170,71,183,61,1.2,0.6
Sander Berge,Fulham,MID,5.0,12,2,2.4,0.1,0,0,418,1,5,0,0,0,0,1,0,0,55.2,37.9,13.0,10.6,2.5,0,0.5,2.4,1833,3067,148,249,0.0,0.0,0.0,0.0,0.41,0.22,0.63,6.42,5,7,14,19,40,8.61,,150,56,127,85,231,129,175,91,,,,,,,0.09,0.0,0.05,0.14,1.38,1.08,258,156,157,69,202,89,533,192,1.08,0.22
Habib Diarra,Sunderland,MID,5.5,12,0,3.0,0.1,0,1,345,2,2,0,0,0,0,1,0,0,10.6,31.0,45.0,8.0,2.3,0,0.4,2.2,5939,8340,224,1105,0.0,0.0,0.0,0.0,0.5,0.08,0.58,3.87,4,1,6,8,15,3.91,Muscle injury - 50% chance of playing,330,156,157,106,89,56,229,115,,,,,,,0.13,0.0,0.02,0.15,1.01,0.52,168,104,167,74,169,70,482,164,1.04,0.52
Emmanuel Agbadou,Wolves,DEF,4.5,12,3,2.4,0.4,0,0,450,0,12,0,0,0,0,0,0,0,141.0,38.6,39.0,21.9,2.7,0,0.6,2.7,19529,23264,637,4720,0.0,0.0,0.0,0.0,0.38,0.26,0.64,7.72,5,13,39,25,52,10.4,,17,5,124,30,110,18,53,8,,,5.0,,,,0.08,0.0,0.05,0.13,1.54,2.4,460,104,145,60,201,79,271,98,1.0,0.0
Konstantinos Mavropanos,West Ham,DEF,4.4,12,3,4.0,0.1,0,0,270,1,5,0,0,0,0,0,0,0,68.6,1.6,39.0,10.9,4.0,0,0.9,2.7,2757,2754,314,194,-0.1,0.1,0.0,0.0,0.28,0.03,0.31,4.33,3,1,27,9,28,9.33,,124,56,347,124,108,16,170,58,,,,,,,0.09,0.0,0.01,0.1,1.44,1.67,543,136,69,28,81,36,541,196,1.0,0.33
João Victor Gomes,Wolves,MID,5.4,12,4,2.4,0.1,0,0,450,0,12,0,0,0,0,2,0,0,71.4,62.6,21.0,15.6,3.0,0,0.6,2.2,2982,5925,179,421,-0.1,0.1,0.0,0.0,0.24,0.29,0.53,7.72,5,14,16,27,57,11.4,,119,39,73,54,187,111,107,59,,,,,,,0.05,0.0,0.06,0.11,1.54,2.4,197,123,119,45,204,90,480,162,1.0,0.0
Norberto Bercique Beto,Everton,FWD,5.4,12,1,2.4,5.0,1,0,310,1,4,0,0,0,0,1,0,1,42.4,18.4,91.0,14.1,2.5,0,0.5,2.2,213624,561215,17828,31414,-0.1,0.1,0.0,0.0,2.0,0.09,2.09,4.9,4,1,4,3,8,2.32,,194,17,222,17,27,13,127,16,,,,,2.0,,0.58,0.0,0.03,0.61,1.42,1.16,200,46,159,15,205,17,72,12,1.16,0.29
John McGinn,Aston Villa,MID,5.5,12,2,2.4,0.6,0,0,409,2,4,0,0,0,0,0,0,0,52.8,97.1,24.0,17.4,2.3,0,0.4,2.2,27684,42897,977,3238,0.0,0.0,0.0,0.0,0.11,0.44,0.55,7.34,5,3,7,20,30,6.6,,161,61,34,28,173,100,89,49,6.0,,6.0,,,,0.02,0.0,0.1,0.12,1.62,0.88,137,86,166,73,206,91,225,78,1.1,0.44
Ezri Konsa,Aston Villa,DEF,4.5,12,2,3.0,12.3,0,0,335,2,4,0,0,0,0,0,1,0,61.8,19.4,4.0,8.5,3.0,0,0.7,2.7,158848,989824,10145,54731,0.0,0.0,0.0,0.0,0.0,0.07,0.07,6.91,4,2,16,12,18,4.84,,132,60,212,64,302,104,216,74,,,,,,,0.0,0.0,0.02,0.02,1.86,1.07,408,82,111,50,154,59,35,13,1.07,0.54
Reece James,Chelsea,DEF,5.4,12,4,2.4,4.4,0,1,243,1,3,0,0,0,0,1,0,0,57.0,98.5,13.0,16.9,2.0,0,0.4,2.2,170261,337761,10386,11695,-0.1,0.1,0.0,0.0,0.08,0.5,0.58,4.44,2,4,14,15,18,6.67,,147,63,33,6,234,69,93,29,3.0,,2.0,,,,0.03,0.0,0.19,0.22,1.64,1.11,185,24,195,76,203,80,79,30,0.74,0.37
Simon Adingra,Sunderland,MID,5.4,11,0,2.8,1.0,0,1,230,2,2,0,0,0,0,1,0,0,20.4,59.7,6.0,8.6,1.3,0,0.2,2.0,68413,134404,366,9210,-0.1,0.1,0.0,0.0,0.14,0.2,0.34,1.75,3,3,4,7,14,5.48,,288,132,77,57,288,154,215,107,,,,,,,0.05,0.0,0.08,0.13,0.68,0.78,207,130,243,116,182,77,185,62,1.17,0.78
Oscar Bobb,Man City,MID,5.5,11,0,2.8,0.4,0,1,257,1,4,0,0,0,0,0,0,0,42.6,76.8,42.0,16.2,1.0,0,0.2,2.0,72238,53192,504,5300,0.0,0.0,0.0,0.0,0.3,0.51,0.81,3.7,3,4,1,11,16,5.6,,192,79,54,41,98,60,104,56,,,,,,,0.11,0.0,0.18,0.29,1.3,1.4,161,100,275,135,184,78,254,87,1.05,0.35
Crysencio Summerville,West Ham,MID,5.5,11,2,3.7,0.1,0,2,145,0,4,0,0,0,0,0,0,0,33.4,25.0,10.0,6.8,3.7,0,0.7,2.0,7992,3217,412,561,0.0,0.0,0.0,0.0,0.0,0.23,0.23,2.85,2,2,3,7,12,7.45,,231,103,184,119,253,139,254,128,,,,,,,0.0,0.0,0.14,0.14,1.77,2.48,159,98,86,32,110,44,546,198,1.24,0.0
Milos Kerkez,Liverpool,DEF,5.9,11,4,2.2,5.2,0,0,366,1,3,0,0,0,0,2,0,0,72.2,38.5,12.0,12.4,2.8,0,0.5,1.9,189520,388995,5881,20139,-0.1,0.1,0.0,0.0,0.08,0.07,0.15,3.05,5,8,26,12,34,8.36,,117,53,125,31,239,72,153,52,,,,,,,0.02,0.0,0.02,0.04,0.75,0.74,112,8,138,56,225,86,68,28,1.23,0.25
Emiliano Martinez,Aston Villa,GKP,5.0,11,3,3.7,2.2,0,0,270,1,2,0,0,0,6,0,0,0,51.8,0.0,0.0,5.2,3.0,0,0.6,2.2,138578,71163,12042,8026,0.0,0.0,0.0,0.0,0.0,0.01,0.01,4.34,3,0,3,20,0,0.0,,164,19,682,81,662,76,289,20,,,,,,,0.0,2.0,0.0,0.0,1.45,0.67,247,10,115,12,107,10,125,17,1.0,0.33
Noah Sadiki,Sunderland,MID,5.0,11,1,2.2,0.0,0,0,443,2,4,0,0,0,0,1,0,0,45.8,61.0,10.0,11.8,2.0,0,0.4,2.2,2132,2661,158,203,0.0,0.0,0.0,0.0,0.02,0.29,0.31,4.76,5,8,12,9,29,5.89,,181,74,75,56,250,137,159,83,,,,,,,0.0,0.0,0.06,0.06,0.97,0.81,303,187,194,87,220,100,576,220,1.02,0.41
Fábio Carvalho,Brentford,MID,4.9,11,1,2.8,0.3,1,0,95,0,4,0,0,0,0,0,0,1,38.8,6.2,36.0,8.0,3.0,0,0.6,2.2,20607,22956,1720,1775,-0.1,0.1,0.0,0.0,0.7,0.03,0.73,2.08,1,3,0,5,8,7.58,,208,87,307,166,122,75,227,113,4.0,,,,,,0.66,0.0,0.03,0.69,1.97,3.79,339,210,114,41,176,73,313,103,0.95,0.0
Alexis Mac Allister,Liverpool,MID,6.4,11,2,2.8,1.4,0,1,236,1,2,0,0,0,0,0,0,0,41.6,45.2,21.0,10.8,1.5,0,0.2,1.7,52616,124638,2050,7723,-0.1,0.1,0.0,0.0,0.18,0.15,0.33,2.58,4,5,4,16,25,9.53,,202,83,104,72,191,113,174,90,2.0,,5.0,,3.0,,0.07,0.0,0.06,0.13,0.98,0.76,65,45,226,104,186,80,160,55,1.53,0.38
Kyle Walker,Burnley,DEF,4.5,11,2,2.2,1.7,0,0,450,1,8,0,0,0,0,1,0,0,67.8,11.5,3.0,8.3,1.3,0,0.3,2.4,53935,89896,2688,6242,0.0,0.0,0.0,0.0,0.01,0.16,0.17,10.27,5,7,25,21,32,6.4,,127,59,269,90,316,111,222,76,,,,,,,0.0,0.0,0.03,0.03,2.05,1.6,390,71,227,84,213,83,138,54,1.0,0.2
Hwang Hee Chan,Wolves,MID,5.9,11,0,2.8,0.2,1,0,171,0,4,0,0,0,0,0,0,0,38.8,11.7,45.0,9.5,3.0,0,0.5,1.9,21000,15466,336,3836,-0.1,0.1,0.0,0.0,0.56,0.03,0.59,3.57,2,1,2,1,4,2.11,,209,88,265,153,91,57,198,99,,,,,1.0,,0.29,0.0,0.02,0.31,1.88,2.11,101,68,125,48,185,79,344,115,1.05,0.0
Hannibal Hannibal,Burnley,MID,5.0,11,1,2.2,0.2,0,0,244,1,5,0,0,0,0,0,0,0,14.0,40.7,13.0,6.7,1.3,0,0.3,2.2,7135,9332,315,920,0.0,0.0,0.0,0.0,0.16,0.21,0.37,6.03,3,6,3,11,20,7.38,,313,145,118,80,232,130,257,131,,,3.0,,,,0.06,0.0,0.08,0.14,2.22,1.84,280,169,235,108,219,99,404,136,1.11,0.37
Cole Palmer,Chelsea,MID,10.4,11,1,3.7,20.0,1,0,144,1,2,0,0,0,0,0,0,1,44.4,19.2,65.0,12.9,2.7,0,0.3,1.1,660124,5024159,39888,199495,-0.1,0.1,0.0,0.0,0.8,0.12,0.92,2.54,2,2,1,4,7,4.38,Groin Injury - 75% chance of playing,184,75,214,133,53,31,146,77,5.0,,1.0,,1.0,,0.5,0.0,0.08,0.58,1.59,1.25,4,2,156,68,111,45,18,6,1.25,0.62
James Trafford,Man City,GKP,4.9,11,0,3.7,1.6,0,0,270,1,4,0,0,0,11,0,0,0,100.2,0.0,0.0,10.1,0.7,0,0.1,2.2,93650,183275,635,14798,-0.1,0.1,0.0,0.0,0.0,0.0,0.0,3.97,3,2,6,33,0,0.0,,62,8,662,77,642,72,188,8,,,,,,,0.0,3.67,0.0,0.0,1.32,1.33,344,18,305,23,106,9,144,19,1.0,0.33
Daichi Kamada,Crystal Palace,MID,5.0,11,2,3.7,0.1,0,1,265,2,1,0,0,0,0,0,0,0,44.0,66.8,33.0,14.4,2.8,0,0.6,2.2,19737,8918,716,1579,0.0,0.0,0.0,0.0,0.32,0.61,0.93,2.15,3,7,5,5,17,5.77,,186,76,68,50,131,80,119,66,5.0,,,,,,0.11,0.0,0.21,0.32,0.73,0.34,260,157,135,54,108,42,441,145,1.02,0.68
Abdukodir Khusanov,Man City,DEF,5.4,11,1,2.8,0.5,0,0,227,1,1,0,0,0,0,1,0,0,42.4,5.2,0.0,4.8,3.3,0,0.6,2.0,22943,26612,5240,3654,-0.1,0.1,0.0,0.0,0.0,0.02,0.02,3.13,3,7,15,9,22,8.72,Knock - 75% chance of playing,196,78,312,106,709,243,300,100,,,,,,,0.0,0.0,0.01,0.01,1.24,0.4,212,29,97,41,183,72,247,91,1.19,0.4
Tosin Tosin,Chelsea,DEF,4.5,11,0,2.8,1.1,0,0,353,1,5,0,0,0,0,1,0,0,99.0,6.4,11.0,11.7,3.0,0,0.7,2.4,81126,93497,2986,10292,0.0,0.0,0.0,0.0,0.05,0.07,0.11,4.97,3,5,32,13,37,9.43,,65,28,305,102,240,73,160,54,,,,,,,0.01,0.0,0.02,0.03,1.27,1.27,398,76,110,49,175,69,179,66,0.76,0.25
Nick Woltemade,Newcastle,FWD,7.1,11,2,5.5,3.4,1,0,147,2,0,0,0,0,0,0,0,3,38.0,17.2,54.0,11.0,5.5,0,0.8,1.5,467945,93513,33088,41608,0.1,-0.1,0.1,-0.1,0.27,0.03,0.3,0.84,2,3,1,4,8,4.9,,214,19,230,18,71,20,169,19,,,,,,,0.17,0.0,0.02,0.19,0.51,0.0,31,14,31,5,35,5,98,14,1.22,1.22
Ethan Ampadu,Leeds,MID,4.9,11,4,3.7,0.1,0,0,257,1,2,0,0,0,0,0,0,0,41.6,12.4,3.0,5.7,2.7,0,0.6,2.2,2391,6350,815,208,-0.1,0.1,0.0,0.0,0.02,0.04,0.06,2.91,3,9,11,15,35,12.26,,201,82,259,150,317,167,277,140,,,,,,,0.01,0.0,0.01,0.02,1.02,0.7,322,201,146,59,105,41,558,207,1.05,0.35
Lamare Bogarde,Aston Villa,DEF,4.0,11,1,2.8,0.6,0,0,112,1,0,0,0,0,0,1,0,3,13.2,7.3,6.0,2.5,3.7,0,0.9,2.8,39198,16746,6365,2058,0.0,0.0,0.0,0.0,0.0,0.05,0.05,2.09,1,3,4,5,7,5.62,,317,123,299,100,278,90,352,126,,,,,,,0.0,0.0,0.04,0.04,1.68,0.0,684,195,83,35,174,68,232,84,0.8,0.8
Carlos Henrique Casemiro,Man Utd,MID,5.5,11,3,2.2,0.2,1,1,246,0,4,0,0,0,0,1,1,0,53.6,33.6,50.0,13.7,2.2,0,0.4,2.0,9250,16530,453,2432,0.0,0.0,0.0,0.0,0.97,0.07,1.04,3.41,4,6,4,13,23,8.41,Suspended until 04 Oct,158,60,141,94,78,46,134,72,,,,,,,0.35,0.0,0.03,0.38,1.25,1.46,131,84,178,81,221,101,350,116,1.46,0.0
Sean Longstaff,Leeds,MID,4.9,11,2,2.2,0.2,0,0,295,1,3,0,0,0,0,0,0,0,42.6,19.0,12.0,7.4,3.0,0,0.6,2.2,10722,11385,1228,1012,-0.1,0.1,0.0,0.0,0.11,0.03,0.14,3.85,3,13,6,14,33,10.07,,191,78,216,134,237,131,242,119,,,,,,,0.03,0.0,0.01,0.04,1.17,0.92,320,199,113,40,216,96,380,128,0.92,0.31
Amad Amad,Man Utd,MID,6.3,11,2,2.2,1.6,0,1,356,0,6,0,0,0,0,0,0,0,59.8,77.9,95.0,23.3,2.5,0,0.4,1.7,42769,188212,3614,10073,-0.2,0.2,0.0,0.0,1.25,0.74,1.99,5.32,4,10,8,19,37,9.35,,137,49,53,40,24,12,48,32,4.0,,,,,,0.32,0.0,0.19,0.51,1.34,1.52,78,54,160,71,226,103,143,51,1.01,0.0
Callum Wilson,West Ham,FWD,5.9,11,1,2.2,0.5,1,0,170,0,5,0,0,0,0,0,0,2,50.8,13.5,82.0,14.3,3.0,0,0.5,1.9,23984,36030,1875,2752,-0.1,0.1,0.0,0.0,1.09,0.04,1.13,3.66,1,0,2,4,6,3.18,,168,14,252,23,35,14,123,15,,,,,,,0.58,0.0,0.02,0.6,1.94,2.65,95,28,124,12,224,18,251,39,0.53,0.0
Cristhian Mosquera,Arsenal,DEF,5.4,11,1,2.8,0.2,0,0,202,1,1,0,0,0,0,0,0,1,51.4,2.4,4.0,5.8,3.3,0,0.6,2.0,17205,11157,1395,1896,-0.1,0.1,0.0,0.0,0.0,0.04,0.04,0.72,1,8,11,10,19,8.47,,165,71,334,119,313,110,275,91,,,,,,,0.0,0.0,0.02,0.02,0.32,0.45,202,27,96,40,181,71,347,125,0.45,0.45
James Ward-Prowse,West Ham,MID,5.8,11,2,2.2,0.3,0,0,414,1,11,0,0,0,0,0,0,0,56.6,176.3,6.0,23.9,2.3,0,0.4,1.9,6837,25081,388,1264,-0.2,0.2,-0.1,0.1,0.13,0.91,1.04,7.27,5,4,9,9,22,4.78,,149,55,5,5,289,155,45,30,2.0,,2.0,,3.0,,0.03,0.0,0.2,0.23,1.58,2.39,114,77,169,76,223,102,330,112,1.09,0.22
Noah Okafor,Leeds,MID,5.5,11,8,3.7,0.0,1,0,160,1,2,0,0,0,0,1,0,1,47.4,20.4,40.0,10.8,3.3,0,0.6,2.0,5804,1917,2402,410,0.0,0.0,0.0,0.0,0.33,0.04,0.37,2.27,2,3,4,13,20,11.25,,173,69,207,131,103,63,173,89,,,,,,,0.19,0.0,0.02,0.21,1.28,1.12,153,95,99,37,109,43,581,225,1.12,0.56
Ibrahim Sangaré,Nott'm Forest,MID,5.0,11,1,2.2,0.1,0,0,351,0,6,0,0,0,0,0,0,0,33.2,19.0,2.0,5.5,2.2,0,0.4,2.2,3431,3779,179,345,0.0,0.0,0.0,0.0,0.03,0.08,0.11,5.98,4,7,19,15,41,10.51,,232,104,217,135,333,177,284,145,,,,,,,0.01,0.0,0.02,0.03,1.53,1.54,261,158,176,80,218,98,530,189,1.03,0.0
Rayan Aït-Nouri,Man City,DEF,5.9,10,0,3.3,8.7,0,0,202,1,2,0,0,0,0,1,0,1,43.0,26.7,7.0,7.6,0.0,0,0.0,1.7,480049,1778578,244,101065,-0.1,0.1,0.0,0.0,0.04,0.48,0.52,2.94,3,9,14,8,23,10.25,Knock - 25% chance of playing,189,76,172,43,275,88,237,80,,,,,,,0.02,0.0,0.21,0.23,1.31,0.89,109,7,724,245,133,51,48,17,1.34,0.45
Joško Gvardiol,Man City,DEF,5.8,10,4,5.0,3.8,0,0,180,1,1,0,0,0,0,0,0,0,39.2,1.5,0.0,4.0,3.3,0,0.6,1.7,108078,798837,54336,8360,-0.2,0.2,0.0,0.0,0.0,0.0,0.0,2.47,2,2,15,6,17,8.5,,205,82,348,125,726,245,314,107,,,,,,,0.0,0.0,0.0,0.0,1.24,0.5,118,10,100,42,54,25,89,36,1.0,0.5
Marshall Munetsi,Wolves,MID,5.5,10,1,2.0,0.0,0,1,339,0,8,0,0,0,0,1,0,0,40.0,36.7,53.0,12.8,2.0,0,0.4,1.8,4340,5070,69,386,0.0,0.0,0.0,0.0,0.52,0.09,0.61,5.96,3,6,3,7,16,4.25,,203,84,132,88,72,44,148,78,,,,,,,0.14,0.0,0.02,0.16,1.58,2.12,152,94,197,88,248,115,577,221,0.8,0.0
Rodrigo 'Rodri' Rodrigo,Man City,MID,6.4,10,4,2.5,0.7,0,0,270,1,3,0,0,0,0,0,0,0,47.4,37.8,19.0,10.4,3.0,0,0.5,1.6,31854,42948,3636,2728,-0.1,0.1,0.0,0.0,0.14,0.21,0.35,3.76,3,6,12,20,38,12.67,,174,70,128,86,203,119,180,93,,,,,,,0.05,0.0,0.07,0.12,1.25,1.0,62,42,130,52,200,88,205,70,1.0,0.33
William Osula,Newcastle,FWD,5.5,10,1,2.0,0.4,1,0,136,1,1,0,0,0,0,0,0,0,37.0,13.5,31.0,7.9,2.2,0,0.4,1.8,54872,45286,994,3461,0.0,0.0,0.0,0.0,0.4,0.02,0.42,1.28,1,1,1,4,6,3.97,,219,20,251,22,140,28,232,23,,,,,,,0.26,0.0,0.01,0.27,0.85,0.66,167,40,179,16,250,21,272,45,0.66,0.66
Emile Smith Rowe,Fulham,MID,5.9,10,1,2.0,0.7,1,0,95,0,0,0,0,0,0,0,0,0,40.0,23.0,40.0,10.3,2.2,0,0.4,1.7,32762,68273,1112,4834,-0.1,0.1,0.0,0.0,0.79,0.05,0.84,0.76,0,1,0,2,3,2.84,,204,85,191,124,104,64,182,94,,,,,,,0.75,0.0,0.05,0.8,0.72,0.0,104,71,180,82,253,118,214,73,0.0,0.0
Bukayo Saka,Arsenal,MID,9.8,10,1,3.3,3.8,1,0,187,1,0,0,0,0,0,0,0,0,58.0,79.1,35.0,17.2,0.3,0,0.0,1.0,259473,1635221,45329,14289,-0.2,0.2,0.0,0.0,0.3,0.33,0.63,2.03,2,3,0,9,12,5.78,,143,53,50,38,127,79,90,50,1.0,,4.0,,1.0,,0.14,0.0,0.16,0.3,0.98,0.0,5,3,367,179,134,55,90,28,0.96,0.48
Loum Tchaouna,Burnley,MID,4.9,10,2,2.0,0.0,0,1,190,1,2,0,0,0,0,1,0,0,13.2,26.2,28.0,6.8,2.7,0,0.6,2.0,1403,1530,203,147,-0.1,0.1,0.0,0.0,0.29,0.15,0.44,3.56,2,3,3,5,11,5.21,,319,149,176,115,153,91,252,127,,,,,,,0.14,0.0,0.07,0.21,1.69,0.95,354,221,147,60,239,108,610,248,0.95,0.47
Noni Madueke,Arsenal,MID,7.0,10,1,2.0,1.6,0,0,304,2,2,0,0,0,0,0,0,0,30.2,111.7,105.0,24.6,2.0,0,0.3,1.4,148089,99404,9167,19217,0.0,0.0,0.0,0.0,0.29,0.86,1.15,2.04,4,3,1,10,14,4.14,Knock - 75% chance of playing,246,113,21,18,18,8,41,26,,,,,,,0.09,0.0,0.25,0.34,0.6,0.59,39,24,201,91,255,120,142,50,1.18,0.59
Ollie Watkins,Aston Villa,FWD,8.8,10,2,2.0,12.5,0,0,442,2,5,0,0,0,0,0,0,0,19.4,56.2,100.0,17.6,2.0,0,0.2,1.1,358905,1841613,6726,222847,-0.2,0.2,0.0,0.0,1.13,0.17,1.3,7.96,5,3,2,9,14,2.85,,290,21,80,5,22,11,87,14,,,,,3.0,,0.23,0.0,0.03,0.26,1.62,1.02,8,4,204,19,258,22,34,7,1.02,0.41
Matz Sels,Nott'm Forest,GKP,5.0,10,3,2.0,13.7,0,0,450,0,9,0,0,0,16,1,0,0,123.8,0.0,0.0,12.5,2.0,0,0.4,2.0,229710,814901,10401,73923,0.0,0.0,0.0,0.0,0.0,0.0,0.0,7.71,5,0,5,30,0,0.0,,30,4,680,79,660,74,152,5,,,,,,,0.0,3.2,0.0,0.0,1.54,1.8,245,8,191,16,241,21,28,4,1.0,0.0
Brenden Aaronson,Leeds,MID,5.4,10,2,2.0,0.1,0,0,243,1,2,0,0,0,0,0,0,0,38.6,45.1,30.0,11.4,2.7,0,0.5,1.9,1781,4253,175,235,-0.1,0.1,0.0,0.0,0.18,0.78,0.96,3.48,2,10,4,14,28,10.37,,211,90,105,73,143,88,162,85,,,2.0,,,,0.07,0.0,0.29,0.36,1.29,0.74,189,118,152,64,247,114,570,214,0.74,0.37
James Hill,Bournemouth,DEF,4.0,10,1,2.0,0.9,0,0,198,1,2,0,0,0,0,1,0,0,24.2,3.0,41.0,6.9,2.7,0,0.7,2.5,59172,38844,4329,3209,0.0,0.0,0.0,0.0,0.12,0.03,0.15,0.98,1,1,13,5,14,6.36,,274,107,328,114,99,13,249,82,,,,,,,0.05,0.0,0.01,0.06,0.45,0.91,660,182,141,57,229,87,187,69,0.45,0.45
Harvey Barnes,Newcastle,MID,6.5,10,1,2.0,0.8,0,0,293,2,2,0,0,0,0,0,0,0,20.2,78.5,49.0,14.6,1.8,0,0.3,1.5,124336,100874,598,11650,0.0,0.0,0.0,0.0,0.37,0.8,1.17,1.14,3,2,2,9,13,3.99,,289,133,51,39,80,48,117,64,,,,,,,0.11,0.0,0.25,0.36,0.35,0.61,52,35,210,97,254,119,195,65,0.92,0.61
Malo Gusto,Chelsea,DEF,4.9,10,1,2.5,1.4,0,0,195,1,1,0,0,0,0,0,0,0,23.4,21.3,9.0,5.3,2.3,0,0.5,2.0,43997,97584,1887,6733,-0.1,0.1,0.0,0.0,0.02,0.07,0.09,1.75,2,4,6,12,10,4.62,,277,109,200,57,259,84,286,95,,,,,,,0.01,0.0,0.03,0.04,0.81,0.46,356,61,164,65,198,77,162,60,0.92,0.46
Lukas Nmecha,Leeds,FWD,5.0,10,1,2.0,0.8,1,0,135,1,2,0,0,0,0,0,0,0,45.6,8.1,33.0,8.6,1.3,0,0.3,2.0,87337,64729,5374,5560,0.0,0.0,0.0,0.0,0.95,0.03,0.98,2.45,1,0,7,6,13,8.67,,182,16,293,30,130,27,214,22,,,,,1.0,,0.63,0.0,0.02,0.65,1.63,1.33,254,50,233,21,242,19,194,31,0.67,0.67
Caoimhín Kelleher,Brentford,GKP,4.5,10,1,2.0,8.7,0,0,450,1,10,0,0,0,11,1,0,0,85.2,0.0,0.0,8.6,1.3,0,0.3,2.2,166783,348230,7505,34945,0.0,0.0,0.0,0.0,0.0,0.01,0.01,6.85,5,1,7,42,0,0.0,,88,12,568,68,541,62,212,13,,,,,,,0.0,2.2,0.0,0.0,1.37,2.0,409,24,228,20,233,20,49,8,1.0,0.2
Florian Wirtz,Liverpool,MID,8.3,10,0,2.0,14.3,0,0,363,2,3,0,0,0,0,1,0,0,39.2,138.1,80.0,25.7,2.0,0,0.2,1.2,337810,2300813,6139,267376,-0.2,0.2,0.0,0.0,0.52,0.73,1.24,3.05,4,6,4,14,24,5.95,,206,86,10,9,39,23,35,22,1.0,,,,,,0.13,0.0,0.18,0.31,0.76,0.74,12,7,203,93,257,122,25,10,0.99,0.5
Will Hughes,Crystal Palace,MID,4.9,10,2,2.0,0.1,0,0,383,3,2,0,0,0,0,3,0,0,50.8,73.6,14.0,13.9,2.0,0,0.4,2.0,7624,8043,556,650,-0.1,0.1,0.0,0.0,0.15,0.51,0.66,3.81,5,5,19,14,38,8.93,,167,64,60,46,227,127,129,69,2.0,,,,,,0.04,0.0,0.12,0.16,0.9,0.47,311,191,187,83,235,106,451,149,1.17,0.7
Rodrigo R.Gomes,Wolves,DEF,4.5,10,0,2.5,0.1,1,0,165,0,5,0,0,0,0,0,0,0,51.8,19.8,64.0,13.6,3.0,0,0.7,2.2,6593,4491,120,812,0.0,0.0,0.0,0.0,0.66,0.14,0.8,2.22,2,6,7,7,13,7.09,,163,70,209,62,54,6,136,45,,,,,,,0.36,0.0,0.08,0.44,1.21,2.73,443,98,112,51,196,76,467,177,1.09,0.0
Federico Chiesa,Liverpool,MID,6.4,9,0,2.2,0.3,1,0,47,0,1,0,0,0,0,0,0,0,36.6,1.3,27.0,6.4,0.8,0,0.1,1.4,15452,22012,210,2104,-0.1,0.1,-0.1,0.1,0.36,0.03,0.39,0.26,0,1,1,0,2,3.83,,222,98,351,183,158,93,263,136,,,,,,,0.69,0.0,0.06,0.75,0.5,1.91,63,43,296,148,227,104,311,102,0.0,0.0
Estêvão Estêvão,Chelsea,MID,6.5,9,1,2.2,2.0,0,1,184,1,1,0,0,0,0,1,0,0,37.0,37.6,62.0,13.7,1.3,0,0.2,1.4,196885,199300,3869,14124,0.0,0.0,0.0,0.0,0.99,1.04,2.03,0.8,3,3,2,8,13,6.36,,220,97,130,87,58,35,135,73,2.0,,,,,,0.48,0.0,0.51,0.99,0.39,0.49,60,40,246,119,228,105,131,47,1.47,0.49
Josh Acheampong,Chelsea,DEF,4.0,9,0,9.0,1.5,0,0,90,1,0,0,0,0,0,0,0,3,16.2,2.3,10.0,2.9,0.0,0,0.0,2.2,262886,193836,760,10782,0.0,0.0,0.0,0.0,0.09,0.01,0.1,0.66,1,2,6,4,8,8.0,,300,118,335,120,245,75,341,121,,,,,,,0.09,0.0,0.01,0.1,0.66,0.0,706,212,492,193,2,1,154,57,1.0,1.0
André André,Wolves,MID,5.4,9,1,1.8,0.1,0,0,262,0,7,0,0,0,0,1,0,0,30.6,12.5,2.0,4.5,1.3,0,0.2,1.7,3457,5820,34,358,-0.1,0.1,0.0,0.0,0.02,0.05,0.07,5.89,3,8,8,23,39,13.4,,242,109,257,149,335,179,303,152,,,,,,,0.01,0.0,0.02,0.03,2.02,2.4,203,126,242,115,265,127,515,180,1.03,0.0
Boubacar Kamara,Aston Villa,MID,4.9,9,6,3.0,0.1,0,1,186,1,2,0,0,0,0,1,0,1,53.6,32.0,19.0,10.4,2.0,0,0.4,1.8,5363,17090,1006,353,-0.1,0.1,0.0,0.0,0.05,0.11,0.16,3.31,3,5,7,8,20,9.68,,157,59,150,101,200,118,179,92,,,,,,,0.02,0.0,0.05,0.07,1.6,0.97,336,208,188,84,156,63,457,152,1.45,0.48
James Milner,Brighton,MID,5.0,9,1,2.2,0.1,1,0,124,0,4,0,0,0,0,1,0,0,48.8,16.8,17.0,8.3,2.0,0,0.4,1.8,9417,8011,682,909,0.0,0.0,0.0,0.0,0.79,0.06,0.85,1.92,1,3,3,6,12,8.71,,171,67,233,142,210,120,224,111,,,,,,,0.57,0.0,0.04,0.61,1.39,2.9,239,148,190,85,217,97,406,137,0.73,0.0
John Stones,Man City,DEF,5.5,9,1,2.2,0.8,0,0,264,1,5,0,0,0,0,0,0,0,53.8,5.8,2.0,6.2,0.7,0,0.1,1.6,36049,62024,358,4404,0.0,0.0,0.0,0.0,0.0,0.04,0.04,4.04,3,0,14,13,14,4.77,,156,67,310,104,336,116,268,88,,,,,,,0.0,0.0,0.01,0.01,1.38,1.7,132,15,311,104,222,85,193,74,1.02,0.34
Lewis Hall,Newcastle,DEF,5.4,9,7,3.0,1.3,0,0,133,1,1,0,0,0,0,0,0,1,27.4,4.0,7.0,3.9,2.2,0,0.4,1.7,44197,124640,2156,4633,-0.1,0.1,0.0,0.0,0.04,0.05,0.09,1.0,1,6,6,8,12,8.12,,257,98,321,110,273,87,318,108,2.0,,,,,,0.03,0.0,0.03,0.06,0.68,0.68,201,26,177,69,167,65,163,61,0.68,0.68
Altay Bayindir,Man Utd,GKP,5.0,9,2,1.8,0.4,0,0,450,0,8,0,0,0,8,0,0,0,74.0,10.0,0.0,8.4,1.8,0,0.4,1.8,19441,27617,1815,1294,0.0,0.0,0.0,0.0,0.0,0.04,0.04,7.22,5,0,5,34,0,0.0,,115,16,286,4,671,79,220,15,,,,,,,0.0,1.6,0.01,0.01,1.44,1.6,277,13,207,17,263,22,262,36,1.0,0.0
Jacob Bruun Larsen,Burnley,MID,5.4,9,0,3.0,0.0,0,1,176,1,3,0,0,0,0,0,0,0,32.8,29.1,20.0,8.0,1.7,0,0.3,1.7,1562,3322,6,266,-0.1,0.1,0.0,0.0,0.05,0.34,0.39,4.09,2,1,6,6,13,6.65,Knock - 75% chance of playing,233,105,162,107,196,115,228,114,,,,,2.0,,0.03,0.0,0.17,0.2,2.09,1.53,177,110,216,98,165,68,618,253,1.02,0.51
Kyle Walker-Peters,West Ham,DEF,4.4,9,1,2.2,0.4,0,0,290,1,5,0,0,0,0,0,0,0,45.8,22.5,32.0,10.0,2.7,0,0.6,2.0,9945,18134,618,1069,-0.1,0.1,0.0,0.0,0.14,0.04,0.18,4.64,3,6,8,15,14,4.34,,180,73,192,52,136,25,190,64,,,,,,,0.04,0.0,0.01,0.05,1.44,1.55,527,123,142,58,212,82,289,106,0.93,0.31
Maximilian Kilman,West Ham,DEF,4.4,9,2,1.8,0.2,0,0,450,1,13,0,0,0,0,2,0,0,99.8,18.1,14.0,13.1,3.0,0,0.7,2.0,5867,17896,151,765,-0.1,0.1,0.0,0.0,0.39,0.03,0.42,7.75,5,6,36,17,42,8.4,,63,26,226,70,223,62,141,47,,,,,,,0.08,0.0,0.01,0.09,1.55,2.6,533,129,109,48,259,94,369,134,1.0,0.2
Mads Hermansen,West Ham,GKP,4.5,9,0,2.2,0.3,0,0,360,1,11,0,0,0,9,0,0,0,84.8,0.0,0.0,8.5,2.7,0,0.6,2.0,10778,16396,393,1500,0.0,0.0,0.0,0.0,0.0,0.01,0.01,5.44,4,0,7,27,0,0.0,,90,13,590,72,564,66,217,14,,,,,,,0.0,2.25,0.0,0.0,1.36,2.75,440,28,144,13,214,19,302,43,1.0,0.25
Patrick Dorgu,Man Utd,DEF,4.5,9,5,2.2,5.3,0,1,360,0,6,0,0,0,0,1,0,0,70.2,83.0,52.0,20.5,2.0,0,0.4,2.0,363973,471695,12323,24534,0.0,0.0,0.0,0.0,0.24,0.55,0.79,6.02,4,12,10,10,22,5.5,,121,55,47,8,73,9,62,13,,,,,,,0.06,0.0,0.14,0.2,1.5,1.5,496,110,185,72,215,84,65,26,1.0,0.0
Noussair Mazraoui,Man Utd,DEF,4.9,9,7,3.0,0.2,0,0,130,1,2,0,0,0,0,0,0,1,31.2,14.2,4.0,4.9,2.2,0,0.4,1.8,9684,20588,3913,635,-0.1,0.1,0.0,0.0,0.0,0.13,0.13,1.59,2,8,4,11,12,8.31,,240,91,247,81,305,107,295,98,,,,,,,0.0,0.0,0.09,0.09,1.1,1.38,337,58,175,68,157,61,333,118,1.38,0.69
Frank Onyeka,Brentford,MID,5.0,9,0,3.0,0.1,0,2,61,0,2,0,0,0,0,0,0,0,23.4,12.3,4.0,3.9,1.3,0,0.3,1.8,3758,4193,101,268,0.0,0.0,0.0,0.0,0.0,0.36,0.36,1.37,0,1,2,3,6,8.85,,278,125,261,151,310,163,317,159,,,,,,,0.0,0.0,0.53,0.53,2.02,2.95,274,167,234,107,163,67,551,201,0.0,0.0
Omar Marmoush,Man City,MID,8.3,9,0,3.0,3.4,0,1,148,0,3,0,0,0,0,0,0,2,38.2,36.1,58.0,13.3,2.3,0,0.3,1.1,162202,1059395,241,29750,-0.2,0.2,0.0,0.0,0.82,0.45,1.27,1.9,2,3,3,7,13,7.91,Knee injury - 25% chance of playing,212,91,134,90,66,41,140,75,2.0,,1.0,,2.0,,0.5,0.0,0.27,0.77,1.16,1.82,11,6,173,79,171,72,99,33,1.22,0.0
Anthony Elanga,Newcastle,MID,6.9,8,1,1.6,6.2,0,0,233,1,3,0,0,0,0,0,0,0,22.6,47.5,39.0,10.9,1.2,0,0.2,1.2,478180,674955,5807,61119,-0.1,0.1,-0.1,0.1,0.57,0.13,0.7,1.16,2,1,3,4,8,3.09,,281,127,95,67,115,70,171,88,,,,,,,0.22,0.0,0.05,0.27,0.45,1.16,45,29,259,127,280,136,62,18,0.77,0.39
Ladislav Krejčí,Wolves,DEF,4.5,8,7,4.0,0.0,1,0,180,0,4,0,0,0,0,1,0,0,57.6,29.2,17.0,10.4,2.7,0,0.6,1.8,1932,376,707,200,0.0,0.0,0.0,0.0,0.68,0.2,0.88,2.03,2,6,6,7,12,6.0,,146,62,161,40,209,55,178,61,,,,,,,0.34,0.0,0.1,0.44,1.02,2.0,426,94,143,59,86,39,653,219,1.0,0.0
Rodrigo Bentancur,Spurs,MID,5.4,8,2,2.0,0.1,0,0,259,1,3,0,0,0,0,0,0,0,34.2,45.3,10.0,9.0,1.3,0,0.2,1.5,5415,11623,311,642,-0.1,0.1,0.0,0.0,0.0,0.33,0.33,4.08,3,5,5,21,31,10.77,,226,100,102,70,251,138,204,104,,,,,,,0.0,0.0,0.11,0.11,1.42,1.04,181,113,241,114,245,112,417,140,1.04,0.35
Jan Paul Van Hecke,Brighton,DEF,4.5,8,1,1.6,0.9,0,0,450,0,8,1,0,0,0,1,0,0,103.0,3.7,39.0,14.7,1.5,0,0.3,1.8,16716,47328,996,3255,0.0,0.0,0.0,0.0,0.3,0.16,0.46,6.85,5,3,38,15,41,8.2,,57,24,323,112,109,17,115,38,,,,,,,0.06,0.0,0.03,0.09,1.37,1.6,441,97,221,82,276,97,189,71,1.0,0.0
Curtis C.Jones,Liverpool,MID,5.4,8,1,2.0,0.1,0,1,166,0,3,0,0,0,0,0,0,0,30.4,35.0,0.0,6.5,1.8,0,0.3,1.5,2951,9531,203,298,-0.1,0.1,0.0,0.0,0.0,0.12,0.12,1.36,1,6,3,12,21,11.39,,243,110,137,92,698,306,260,133,,,,,,,0.0,0.0,0.07,0.07,0.74,1.63,183,114,208,95,246,113,516,181,0.54,0.0
Adam Smith,Bournemouth,DEF,4.5,8,0,2.7,0.2,0,0,204,1,3,0,0,0,0,0,0,0,17.8,14.0,4.0,3.6,0.3,0,0.1,1.8,13528,25795,22,1400,0.0,0.0,0.0,0.0,0.0,0.09,0.09,2.56,3,1,10,3,11,4.85,Hamstring injury - Expected back 18 Oct,298,116,248,82,301,103,325,113,,,,,,,0.0,0.0,0.04,0.04,1.13,1.32,389,70,345,120,187,73,363,129,1.32,0.44
Josh King,Fulham,MID,4.5,8,1,1.6,3.7,0,0,337,0,5,0,0,0,0,1,0,0,28.4,32.2,69.0,12.3,1.5,0,0.3,1.8,486734,160759,44795,21601,0.0,0.0,0.0,0.0,0.48,0.25,0.73,5.99,5,6,2,17,25,6.68,,254,114,146,98,47,27,154,80,,,,,,,0.13,0.0,0.07,0.2,1.6,1.34,488,285,223,102,278,135,95,31,1.34,0.0
Nikola Milenković,Nott'm Forest,DEF,5.5,8,2,1.6,7.1,0,0,450,0,9,0,0,0,0,0,0,0,73.0,18.3,10.0,10.2,1.5,0,0.3,1.5,180520,435008,4640,41542,0.0,0.0,0.0,0.0,0.05,0.16,0.21,7.71,5,2,30,12,32,6.4,,116,52,225,69,252,79,184,62,,,,,,,0.01,0.0,0.03,0.04,1.54,1.8,150,19,225,83,279,98,55,21,1.0,0.0
Mikel Merino,Arsenal,MID,5.9,8,1,2.0,0.5,0,0,211,2,1,0,0,0,0,0,0,0,28.4,39.9,33.0,10.2,2.3,0,0.4,1.4,37690,55592,3915,3921,-0.1,0.1,0.0,0.0,0.13,0.12,0.25,1.52,3,4,5,14,23,9.81,,255,115,122,82,134,83,185,96,,,,,,,0.06,0.0,0.05,0.11,0.65,0.43,102,69,170,77,252,117,235,83,1.28,0.85
Luke Shaw,Man Utd,DEF,4.5,8,2,1.6,0.3,0,0,435,0,8,0,0,0,0,0,0,0,56.6,25.0,5.0,8.6,1.5,0,0.3,1.8,16167,16128,1318,869,0.0,0.0,0.0,0.0,0.08,0.11,0.19,6.98,5,11,12,19,23,4.76,,148,64,182,49,293,98,211,73,3.0,,,,,,0.02,0.0,0.02,0.04,1.44,1.66,397,75,220,81,275,96,308,110,1.03,0.0
Bart Verbruggen,Brighton,GKP,4.5,8,1,1.6,5.1,0,0,450,0,8,0,0,0,9,0,0,0,90.2,10.0,0.0,9.9,1.5,0,0.3,1.8,68955,301384,3754,26369,0.0,0.0,0.0,0.0,0.0,0.01,0.01,6.85,5,0,3,50,0,0.0,,77,9,284,2,566,67,194,9,,,,,,,0.0,1.8,0.0,0.0,1.37,1.6,445,29,222,19,277,23,69,12,1.0,0.0
Malick Thiaw,Newcastle,DEF,4.9,8,7,4.0,0.1,0,0,92,1,1,0,0,0,0,1,0,0,26.2,1.4,0.0,2.8,2.0,0,0.4,1.6,5153,11261,440,409,-0.1,0.1,0.0,0.0,0.0,0.02,0.02,0.8,1,2,13,2,15,14.67,,263,102,349,126,649,232,346,123,,,,,,,0.0,0.0,0.02,0.02,0.78,0.98,352,59,189,74,88,41,414,156,0.98,0.98
Youri Tielemans,Aston Villa,MID,5.9,8,0,2.0,1.1,0,0,315,1,4,0,0,0,0,0,0,0,34.2,74.2,29.0,13.8,1.0,0,0.2,1.4,46381,181561,54,14802,-0.1,0.1,0.0,0.0,0.13,0.37,0.5,6.48,4,5,4,12,21,6.0,Calf injury - 50% chance of playing,227,101,57,44,148,90,132,71,3.0,,,,4.0,,0.04,0.0,0.11,0.15,1.85,1.14,98,65,279,137,251,116,181,60,1.14,0.29
Martin Ødegaard,Arsenal,MID,7.9,8,0,2.0,2.0,0,0,164,1,1,0,0,0,0,0,0,0,20.8,32.1,22.0,7.5,0.7,0,0.1,1.0,102431,309334,214,14050,-0.1,0.1,0.0,0.0,0.14,0.35,0.49,1.94,3,2,6,9,17,9.33,Shoulder injury - 50% chance of playing,286,131,149,100,181,106,241,118,3.0,,2.0,,3.0,,0.08,0.0,0.19,0.27,1.06,0.55,17,12,315,159,256,121,130,46,1.65,0.55
Mats Wieffer,Brighton,MID,4.9,8,1,2.7,0.1,0,0,179,0,3,0,0,0,0,1,0,0,47.0,6.0,21.0,7.4,1.0,0,0.2,1.6,3122,4730,69,209,-0.1,0.1,0.0,0.0,0.02,0.05,0.07,1.99,2,13,11,9,33,16.59,,175,71,309,168,183,107,243,120,,,,,,,0.01,0.0,0.03,0.04,1.0,1.51,353,220,267,128,188,81,566,211,1.01,0.0
Ilia Gruev,Leeds,MID,4.9,7,1,1.8,0.0,0,0,193,1,5,0,0,0,0,0,0,0,24.6,8.6,2.0,3.5,1.3,0,0.3,1.4,760,2295,78,127,-0.1,0.1,0.0,0.0,0.0,0.01,0.01,3.64,2,4,6,5,15,6.99,,273,123,290,161,330,174,327,162,2.0,,1.0,,,,0.0,0.0,0.0,0.0,1.7,2.33,358,223,232,106,261,124,596,237,0.93,0.47
Rio Ngumoha,Liverpool,MID,4.5,7,0,3.5,0.6,1,0,4,0,0,0,0,0,0,0,0,0,36.2,11.4,23.0,7.1,1.8,0,0.4,1.6,90928,38078,6910,5255,0.0,0.0,0.0,0.0,0.37,0.1,0.47,0.0,0,0,0,0,0,0.0,,223,99,270,155,176,102,247,124,,,,,,,8.32,0.0,2.25,10.57,0.0,0.0,504,297,206,94,121,49,223,76,0.0,0.0
Joël Veltman,Brighton,DEF,4.4,7,3,2.3,0.2,0,0,270,0,5,0,0,0,0,1,0,0,57.6,19.8,6.0,8.4,1.8,0,0.4,1.6,4771,11966,713,478,-0.1,0.1,0.0,0.0,0.0,0.01,0.01,4.49,3,14,16,11,30,10.0,,145,61,208,61,281,92,219,75,,,,,,,0.0,0.0,0.0,0.0,1.5,1.67,523,120,205,77,208,81,378,138,1.0,0.0
Xavi Xavi,Spurs,MID,7.1,7,1,3.5,3.7,0,1,99,1,0,0,0,0,0,0,0,0,21.6,32.0,25.0,7.9,3.5,0,0.5,1.0,513871,103269,51378,40314,0.1,-0.1,0.1,-0.1,0.28,0.14,0.42,1.02,1,1,0,3,4,3.64,,282,128,151,102,171,99,234,116,,,,,,,0.25,0.0,0.13,0.38,0.93,0.0,32,18,94,35,125,52,93,30,0.91,0.91
Leandro Trossard,Arsenal,MID,6.9,7,2,2.3,0.3,0,1,131,0,1,0,0,0,0,0,0,0,30.2,36.3,25.0,9.2,2.0,0,0.3,1.0,5639,20424,902,771,-0.1,0.1,0.0,0.0,0.21,0.36,0.57,0.99,1,1,2,1,4,2.75,,245,112,133,89,170,98,201,102,,,,,4.0,,0.14,0.0,0.25,0.39,0.68,0.69,42,26,199,89,211,95,322,109,0.69,0.0
Joelinton Cássio Joelinton,Newcastle,MID,5.9,7,0,2.3,0.3,0,0,221,2,2,0,0,0,0,1,0,0,14.2,21.2,21.0,5.7,1.2,0,0.2,1.2,12241,36948,1226,1412,-0.1,0.1,0.0,0.0,0.03,0.33,0.36,0.91,3,4,5,9,18,7.33,,311,144,203,128,188,112,278,141,,,,,,,0.01,0.0,0.13,0.14,0.37,0.81,99,66,256,125,210,94,318,106,1.22,0.81
Daniel James,Leeds,MID,5.3,7,0,1.8,0.2,0,0,212,1,4,0,0,0,0,0,0,0,11.8,31.1,29.0,7.2,0.7,0,0.1,1.3,4513,34846,13,2840,-0.2,0.2,0.0,0.0,0.43,0.17,0.6,3.22,3,1,1,7,9,3.82,Abdominal injury - 25% chance of playing,323,152,156,105,146,89,245,122,,,,,,,0.18,0.0,0.07,0.25,1.37,1.7,219,138,309,155,264,126,356,119,1.27,0.42
Hugo H.Bueno,Wolves,DEF,4.4,7,1,1.4,0.1,0,0,272,0,5,0,0,0,0,1,0,0,81.6,132.6,33.0,24.8,2.0,0,0.5,1.6,2508,4312,95,247,-0.1,0.1,0.0,0.0,0.06,0.53,0.59,4.27,2,13,12,14,25,8.27,,99,46,13,2,129,24,40,6,,,,,,,0.02,0.0,0.18,0.2,1.41,1.65,562,147,182,70,293,103,525,192,0.66,0.0
Mateus Gonçalo M.Fernandes,West Ham,MID,5.5,7,2,2.3,0.0,0,0,218,1,4,0,0,0,0,0,0,0,26.0,59.5,8.0,9.3,2.3,0,0.4,1.3,2680,1024,114,190,0.0,0.0,0.0,0.0,0.0,0.26,0.26,3.51,3,5,4,10,19,7.84,,265,119,78,58,268,147,200,101,,,,,,,0.0,0.0,0.11,0.11,1.45,1.65,169,105,168,75,209,93,643,270,1.24,0.41
Mason Mount,Man Utd,MID,5.9,7,1,1.8,0.2,0,0,198,1,2,0,0,0,0,0,0,0,19.0,69.0,31.0,11.9,1.2,0,0.2,1.2,16237,31734,708,721,-0.1,0.1,0.0,0.0,0.18,0.44,0.62,2.66,3,5,0,9,14,6.36,,293,134,65,48,141,87,158,82,,,,,,,0.08,0.0,0.2,0.28,1.21,0.91,100,67,257,126,267,128,362,123,1.36,0.45
Tim Iroegbunam,Everton,MID,4.9,7,0,1.8,0.0,0,0,219,3,1,0,0,0,0,3,0,0,32.4,5.1,5.0,4.3,1.2,0,0.2,1.4,577,1509,67,109,-0.1,0.1,0.0,0.0,0.15,0.0,0.15,3.41,3,3,12,13,28,11.51,,235,107,314,169,294,158,305,153,,,,,,,0.06,0.0,0.0,0.06,1.4,0.41,359,224,252,123,262,125,620,255,1.23,1.23
Josh Laurent,Burnley,MID,4.9,7,2,1.4,0.0,0,0,277,0,5,0,0,0,0,1,0,0,43.4,18.3,25.0,8.8,1.3,0,0.3,1.4,661,1579,56,77,-0.1,0.1,0.0,0.0,0.12,0.14,0.26,6.25,3,2,15,8,25,8.12,,188,77,224,139,164,95,207,105,,,,,,,0.04,0.0,0.05,0.09,2.03,1.62,318,197,231,105,294,143,629,260,0.97,0.0
Manuel Ugarte,Man Utd,MID,4.9,7,1,1.8,0.1,0,0,170,0,5,0,0,0,0,0,0,0,27.8,21.5,2.0,5.1,1.5,0,0.3,1.4,6281,12847,761,781,-0.1,0.1,0.0,0.0,0.05,0.02,0.07,3.59,1,9,8,8,25,13.24,,256,116,197,126,328,173,292,147,,,,,,,0.03,0.0,0.01,0.04,1.9,2.65,338,209,224,103,260,123,416,139,0.53,0.0
Murillo Murillo,Nott'm Forest,DEF,5.4,7,0,1.8,3.7,0,0,306,0,6,0,0,0,0,1,0,0,54.0,11.9,0.0,6.6,1.2,0,0.2,1.3,63927,378706,242,50387,-0.1,0.1,-0.1,0.1,0.0,0.2,0.2,5.97,4,3,22,21,25,7.35,Knock - 75% chance of playing,153,65,264,87,708,242,258,85,,,3.0,,,,0.0,0.0,0.06,0.06,1.76,1.76,211,28,254,89,266,95,94,38,1.18,0.0
Gianluigi Donnarumma,Man City,GKP,5.6,7,1,3.5,5.3,0,0,180,1,1,0,0,0,4,1,0,0,30.0,0.0,0.0,3.0,3.5,0,0.6,1.2,549878,43196,247316,13476,0.1,-0.1,0.1,-0.1,0.0,0.0,0.0,2.47,2,0,7,10,0,0.0,,247,22,725,86,724,86,340,22,,,,,,,0.0,2.0,0.0,0.0,1.24,0.5,125,1,92,9,122,13,67,11,1.0,0.5
Marco M.Bizot,Aston Villa,GKP,4.5,7,0,3.5,0.6,0,0,180,1,3,0,0,0,4,1,0,0,25.4,0.0,0.0,2.6,0.0,0,0.0,1.6,71921,70443,541,4541,0.0,0.0,0.0,0.0,0.0,0.0,0.0,4.1,2,0,4,19,0,0.0,,267,24,563,66,534,59,348,24,,,,,,,0.0,2.0,0.0,0.0,2.05,1.5,392,21,567,80,120,12,220,30,1.0,0.5
Rayan Cherki,Man City,MID,6.3,7,0,3.5,2.6,1,0,70,0,2,0,0,0,0,0,0,0,50.2,28.3,15.0,9.4,0.0,0,0.0,1.1,175354,847031,67,24299,-0.2,0.2,-0.1,0.1,0.06,0.47,0.53,0.83,1,4,2,3,9,11.57,Thigh injury - Expected back 26 Oct,169,65,163,108,221,125,199,100,,,,,,,0.08,0.0,0.6,0.68,1.07,2.57,77,53,727,322,123,50,112,40,1.29,0.0
Raúl Raúl,Fulham,FWD,6.3,6,1,1.2,1.1,0,0,131,0,1,0,0,0,0,0,0,0,5.2,7.9,20.0,2.6,1.0,0,0.2,1.0,32610,150973,1738,7628,-0.2,0.2,0.0,0.0,0.4,0.0,0.4,1.4,1,3,3,1,7,4.81,,360,31,294,31,198,34,351,34,,,4.0,,1.0,,0.27,0.0,0.0,0.27,0.96,0.69,74,23,284,28,312,29,177,30,0.69,0.0
Ola Aina,Nott'm Forest,DEF,4.9,6,0,2.0,5.6,0,0,270,0,5,0,0,0,0,1,0,0,53.8,33.3,11.0,9.8,0.5,0,0.1,1.2,230842,1154478,47,99003,-0.1,0.1,0.0,0.0,0.04,0.32,0.36,5.02,3,6,16,20,22,7.33,Hamstring injury - Expected back 13 Dec,155,66,142,36,241,74,196,69,,,,,,,0.01,0.0,0.11,0.12,1.67,1.67,317,52,322,109,236,92,64,25,1.0,0.0
Karl Darlow,Leeds,GKP,4.0,6,3,3.0,2.5,0,0,180,0,2,0,0,0,8,0,0,0,58.6,0.0,0.0,5.9,2.0,0,0.5,1.5,40270,88589,9697,4762,0.0,0.0,0.0,0.0,0.0,0.0,0.0,2.63,2,0,3,27,0,0.0,,141,18,409,11,370,4,271,18,,,,,,,0.0,4.0,0.0,0.0,1.32,1.0,609,41,181,14,150,17,116,15,1.0,0.0
Wilson Odobert,Spurs,MID,5.3,6,2,1.2,0.0,0,0,140,0,2,0,0,0,0,0,0,0,8.8,23.2,41.0,7.2,1.3,0,0.2,1.1,943,2636,159,114,-0.2,0.2,-0.1,0.1,0.41,0.14,0.55,1.46,1,1,1,8,10,6.43,,336,160,189,122,100,61,246,123,,,,,,,0.26,0.0,0.09,0.35,0.94,1.29,232,146,240,113,308,152,621,256,0.64,0.0
Niclas Füllkrug,West Ham,FWD,5.7,6,1,1.5,1.1,0,0,229,1,7,0,0,0,0,0,0,0,8.0,36.9,69.0,11.3,1.0,0,0.2,1.1,32221,310108,1584,8496,-0.3,0.3,-0.1,0.1,0.29,0.13,0.42,3.39,3,1,1,2,4,1.57,,342,25,131,12,48,17,165,18,,,,,,,0.11,0.0,0.05,0.16,1.33,2.75,121,32,278,26,289,25,174,29,1.18,0.39
Donyell Malen,Aston Villa,MID,5.2,6,1,1.2,0.7,0,0,138,0,4,0,0,0,0,0,0,0,6.6,22.1,38.0,6.4,1.3,0,0.2,1.2,20447,149884,1321,5546,-0.3,0.3,0.0,0.0,0.31,0.09,0.4,3.25,1,1,0,4,5,3.26,,348,165,194,125,116,71,261,134,,,,,,,0.2,0.0,0.06,0.26,2.12,2.61,233,147,236,109,305,149,210,71,0.65,0.0
Justin Devenny,Crystal Palace,MID,4.5,6,1,1.2,1.4,0,0,142,0,2,0,0,0,0,0,0,0,15.0,31.3,36.0,8.3,1.2,0,0.3,1.3,57572,91541,4508,5951,0.0,0.0,0.0,0.0,0.13,0.18,0.31,1.51,1,6,1,10,17,10.77,,305,141,155,104,121,74,223,110,,,2.0,,,,0.08,0.0,0.11,0.19,0.96,1.27,446,259,250,121,301,145,159,54,0.63,0.0
Fer Fer López,Wolves,MID,5.4,6,3,1.5,0.0,0,1,102,0,4,0,0,0,0,1,0,0,27.0,50.7,25.0,10.2,1.7,0,0.3,1.1,501,2397,35,84,-0.1,0.1,0.0,0.0,0.11,0.5,0.61,1.01,1,1,0,3,4,3.53,,261,117,88,61,166,96,183,95,,,,,,,0.1,0.0,0.44,0.54,0.89,3.53,214,134,217,99,288,139,614,251,0.88,0.0
Wilfried Gnonto,Leeds,MID,5.3,6,0,1.5,0.2,0,0,191,1,5,0,0,0,0,1,0,0,15.8,21.4,16.0,5.3,0.3,0,0.1,1.1,5205,26164,8,2271,-0.2,0.2,0.0,0.0,0.18,0.06,0.24,2.49,3,9,2,6,17,8.01,Calf injury - 25% chance of playing,302,139,199,127,215,123,288,146,,,,,,,0.08,0.0,0.03,0.11,1.17,2.36,227,142,359,176,287,138,396,133,1.41,0.47
Nico N.Gonzalez,Man City,MID,6.0,6,1,1.5,0.1,0,0,192,1,3,0,0,0,0,1,0,0,46.2,12.9,6.0,6.4,0.7,0,0.1,1.0,5667,7652,393,540,0.0,0.0,0.0,0.0,0.05,0.07,0.12,2.86,2,6,10,8,24,11.25,,178,72,255,148,291,156,262,135,,,,,,,0.02,0.0,0.03,0.05,1.34,1.41,89,59,312,156,290,140,491,166,0.94,0.47
Jhon J.Arias,Wolves,MID,5.3,6,1,1.2,0.3,0,0,177,0,5,0,0,0,0,0,0,0,30.2,48.5,36.0,11.4,1.3,0,0.2,1.1,5304,48241,115,2870,-0.2,0.2,0.0,0.0,0.21,0.11,0.32,3.02,2,10,3,6,19,9.66,,244,111,89,62,123,76,161,84,1.0,,,,,,0.11,0.0,0.06,0.17,1.54,2.54,223,141,238,111,307,151,317,105,1.02,0.0
Danny Welbeck,Brighton,FWD,6.3,6,1,1.2,1.9,0,0,252,0,7,0,0,1,0,0,0,0,5.6,24.4,48.0,7.6,1.2,0,0.2,1.0,59656,334684,3186,13609,-0.2,0.2,0.0,0.0,1.69,0.35,2.04,4.76,3,3,0,5,8,2.86,,356,30,185,16,83,23,238,25,,,1.0,,1.0,,0.6,0.0,0.12,0.72,1.7,2.5,72,22,258,23,311,28,133,18,1.07,0.0
Diogo Dalot,Man Utd,DEF,4.4,6,0,2.0,1.0,0,1,182,0,4,0,0,0,0,0,0,0,43.6,52.0,18.0,11.3,1.2,0,0.3,1.4,21049,145667,55,10001,-0.1,0.1,0.0,0.0,0.01,0.62,0.63,3.09,2,4,8,6,12,5.93,Muscle injury - Unknown return date,187,75,85,20,205,51,163,55,,,,,,,0.0,0.0,0.31,0.31,1.53,1.98,534,130,247,87,231,89,184,68,0.99,0.0
Amadou Onana,Aston Villa,MID,4.9,6,0,3.0,0.8,0,0,153,1,1,0,0,0,0,1,0,0,34.0,6.2,16.0,5.6,0.0,0,0.0,1.2,58752,164337,30,7234,-0.1,0.1,0.0,0.0,0.23,0.05,0.28,2.54,2,4,9,10,23,13.53,Hamstring injury - Unknown return date,228,102,308,167,213,122,280,143,,,,,,,0.14,0.0,0.03,0.17,1.49,0.59,349,218,665,280,158,64,196,66,1.18,0.59
Kristoffer Ajer,Brentford,DEF,4.4,6,1,2.0,0.2,0,1,28,0,1,0,0,0,0,0,0,0,24.8,10.7,23.0,6.0,1.7,0,0.4,1.4,4486,8689,374,463,-0.1,0.1,0.0,0.0,0.09,0.41,0.5,0.26,0,1,2,1,3,9.64,,270,105,275,94,175,42,270,89,,,,,,,0.29,0.0,1.32,1.61,0.84,3.21,529,125,213,79,230,88,398,148,0.0,0.0
Matheus Cunha,Man Utd,MID,8.0,6,1,1.5,4.4,0,0,236,0,3,0,0,0,0,0,0,0,37.4,47.6,83.0,16.9,1.0,0,0.1,0.8,738610,1213568,12024,18959,0.0,0.0,0.0,0.0,0.82,0.25,1.07,3.37,3,2,2,8,12,4.58,,216,94,94,66,33,18,94,51,,,,,,,0.31,0.0,0.1,0.41,1.29,1.14,16,11,287,141,292,142,80,24,1.14,0.0
Evann Guessand,Aston Villa,MID,6.4,6,3,1.5,0.0,0,0,177,1,1,0,0,0,0,0,0,0,26.0,7.3,40.0,7.3,1.7,0,0.3,0.9,2005,5778,185,207,-0.1,0.1,0.0,0.0,0.32,0.12,0.44,3.52,2,7,3,9,19,9.66,,266,120,302,164,107,66,244,121,,,,,,,0.16,0.0,0.06,0.22,1.79,0.51,70,49,219,101,291,141,592,233,1.02,0.51
Benjamin White,Arsenal,DEF,5.4,6,0,6.0,0.5,0,0,70,1,0,0,0,0,0,0,0,0,15.4,11.3,1.0,2.8,0.0,0,0.0,1.1,24081,74204,200,2767,-0.1,0.1,0.0,0.0,0.01,0.01,0.02,0.87,1,2,6,4,8,10.29,,303,119,272,92,340,118,347,124,,,,,,,0.01,0.0,0.01,0.02,1.12,0.0,180,22,703,241,22,13,248,92,1.29,1.29
Benjamin Šeško,Man Utd,FWD,7.3,6,1,1.2,4.6,0,0,204,0,4,0,0,0,0,0,0,0,1.6,32.0,31.0,5.9,1.2,0,0.2,0.8,211629,699744,7272,30583,-0.2,0.2,0.0,0.0,0.41,0.11,0.52,3.49,2,0,1,3,4,1.76,,390,41,152,14,142,29,273,27,,,,,,,0.18,0.0,0.05,0.23,1.54,1.76,29,12,260,24,313,30,78,13,0.88,0.0
David Møller Wolfe,Wolves,DEF,4.5,6,0,2.0,0.1,0,1,131,0,4,0,0,0,0,0,0,0,30.6,16.1,4.0,5.1,1.3,0,0.3,1.3,2016,3570,36,327,0.0,0.0,0.0,0.0,0.0,0.12,0.12,3.04,2,2,4,4,6,4.12,,241,92,236,76,303,105,291,97,,,,,,,0.0,0.0,0.08,0.08,2.09,2.75,454,102,229,85,234,91,513,189,1.37,0.0
Carlos Baleba,Brighton,MID,4.9,6,1,1.2,2.7,0,0,241,1,3,0,0,0,0,1,0,0,11.0,26.7,2.0,4.0,0.8,0,0.2,1.2,68916,275726,2304,16535,-0.1,0.1,0.0,0.0,0.04,0.01,0.05,4.25,4,4,8,17,29,10.83,,327,153,171,114,331,175,312,155,,,,,,,0.01,0.0,0.0,0.01,1.59,1.12,365,228,290,143,303,147,106,37,1.49,0.37
Thierno Barry,Everton,FWD,5.8,6,1,1.2,0.4,0,0,141,1,1,0,0,0,0,0,0,0,6.6,8.6,29.0,3.7,1.2,0,0.2,1.0,16813,54986,1283,2326,-0.2,0.2,0.0,0.0,0.46,0.02,0.48,2.35,1,0,2,1,3,1.91,,349,28,291,29,147,30,322,32,,,,,,,0.29,0.0,0.01,0.3,1.5,0.64,120,31,255,22,310,27,268,44,0.64,0.64
Jean-Ricner Bellegarde,Wolves,MID,5.4,6,1,1.2,0.1,0,0,212,0,7,0,0,0,0,0,0,0,18.2,53.6,20.0,9.1,1.0,0,0.2,1.1,1817,5579,18,243,-0.1,0.1,0.0,0.0,0.13,0.19,0.32,3.74,3,4,3,5,12,5.09,,296,136,84,59,197,116,202,103,4.0,,4.0,,,,0.06,0.0,0.08,0.14,1.59,2.97,186,115,274,134,309,153,556,205,1.27,0.0
Lewis L.Miley,Newcastle,MID,4.4,6,3,1.5,2.0,0,0,166,1,1,0,0,0,0,0,0,0,20.8,27.2,6.0,5.5,1.2,0,0.3,1.4,71681,126985,19760,7619,-0.1,0.1,0.0,0.0,0.03,0.04,0.07,1.11,1,3,4,10,17,9.22,,285,130,169,112,282,152,282,144,,,,,,,0.02,0.0,0.02,0.04,0.6,0.54,584,321,249,120,285,137,128,45,0.54,0.54
Jefferson Lerma,Crystal Palace,MID,4.9,6,0,1.2,0.1,0,0,155,1,0,0,0,0,0,1,0,0,18.2,18.7,40.0,7.7,1.2,0,0.2,1.2,1590,3444,80,325,-0.1,0.1,-0.1,0.1,0.47,0.02,0.49,1.59,1,2,8,8,18,10.45,,294,135,220,138,102,62,235,117,,,,,,,0.27,0.0,0.01,0.28,0.92,0.0,313,193,251,122,302,146,552,202,0.58,0.58
Jørgen Strand Larsen,Wolves,FWD,6.4,5,1,1.7,1.6,0,0,203,0,5,0,0,0,0,0,0,0,14.2,7.7,78.0,9.7,0.3,0,0.0,0.8,92415,425996,5198,14250,-0.1,0.1,0.0,0.0,0.52,0.14,0.66,3.48,2,1,4,2,7,3.1,,312,22,296,32,40,15,197,21,,,,,,,0.23,0.0,0.06,0.29,1.54,2.22,66,21,366,39,274,23,152,23,0.89,0.0
Emiliano Buendía,Aston Villa,MID,5.3,5,1,1.2,0.1,0,0,230,1,2,0,0,0,0,1,0,0,23.4,63.0,46.0,13.3,1.3,0,0.2,0.9,3727,13726,306,549,-0.2,0.2,0.0,0.0,0.43,0.44,0.87,3.13,2,8,6,11,25,9.78,,279,126,72,53,84,51,139,74,,,,,,,0.17,0.0,0.17,0.34,1.22,0.78,218,137,237,110,306,150,495,169,0.78,0.39
Mathias Jensen,Brentford,MID,4.9,5,0,1.7,0.1,0,0,151,0,4,0,0,0,0,0,0,0,26.8,48.0,10.0,8.5,0.7,0,0.1,1.0,1685,4998,67,274,-0.1,0.1,0.0,0.0,0.13,0.1,0.23,2.87,2,6,7,5,18,10.73,,262,118,92,64,249,136,218,108,3.0,,,,,,0.08,0.0,0.06,0.14,1.71,2.38,327,204,304,151,269,130,536,195,1.19,0.0
Max Dowman,Arsenal,MID,4.5,5,0,2.5,0.4,0,1,27,0,0,0,0,0,0,0,0,0,1.0,0.8,26.0,2.8,0.3,0,0.1,1.1,64182,25451,2476,2890,0.0,0.0,0.0,0.0,0.14,0.02,0.16,0.12,0,2,0,1,3,10.0,,395,186,357,186,162,94,345,167,,,,,,,0.47,0.0,0.07,0.54,0.4,0.0,505,298,348,168,197,87,264,90,0.0,0.0
José José Sá,Wolves,GKP,4.5,5,1,1.2,1.6,0,0,360,0,11,0,0,0,5,0,0,0,44.0,10.0,0.0,5.5,0.7,0,0.2,1.1,24596,67110,744,5941,0.0,0.0,0.0,0.0,0.0,0.03,0.03,6.17,4,0,3,37,0,0.0,,185,20,282,1,536,61,283,19,,,,,,,0.0,1.25,0.01,0.01,1.54,2.75,399,23,301,22,300,24,151,21,1.0,0.0
Yéremy Yeremy,Crystal Palace,MID,6.0,5,1,1.7,0.2,0,0,147,1,0,0,0,0,0,0,0,0,8.8,41.0,23.0,7.0,1.7,0,0.3,0.8,34316,13185,257,4929,0.0,0.0,0.0,0.0,0.85,0.31,1.16,0.86,2,3,1,7,11,6.73,Knee injury - 75% chance of playing,337,161,117,79,177,103,248,125,,,,,,,0.52,0.0,0.19,0.71,0.53,0.0,91,61,218,100,272,133,374,124,1.22,0.61
Tanaka Tanaka,Leeds,MID,4.9,5,1,1.7,0.1,0,0,154,1,4,0,0,0,0,0,0,0,4.2,27.6,9.0,4.1,0.3,0,0.1,1.0,4546,18087,165,620,-0.1,0.1,0.0,0.0,0.09,0.03,0.12,2.68,2,0,3,8,11,6.43,,367,175,167,111,258,140,310,154,,,,,,,0.05,0.0,0.02,0.07,1.57,2.34,340,211,354,173,270,131,428,143,1.17,0.58
Maxim De Cuyper,Brighton,DEF,4.4,5,0,1.2,3.0,0,0,269,0,5,0,0,0,0,1,0,0,28.4,37.7,12.0,7.9,0.8,0,0.2,1.1,46203,367557,180,32179,-0.1,0.1,-0.1,0.1,0.0,0.47,0.47,3.84,4,6,10,15,16,5.35,Knock - 75% chance of playing,253,97,129,32,235,70,230,77,,,,,,,0.0,0.0,0.16,0.16,1.28,1.67,556,144,288,98,299,106,103,40,1.34,0.0
Ferdi F.Kadıoğlu,Brighton,DEF,4.4,5,1,1.2,0.1,0,0,194,0,4,0,0,0,0,2,0,0,31.8,21.2,4.0,5.7,1.2,0,0.3,1.1,3593,10889,551,455,-0.1,0.1,0.0,0.0,0.07,0.05,0.12,3.24,1,6,11,11,17,7.89,,238,90,202,59,299,101,276,92,,,,,,,0.03,0.0,0.02,0.05,1.5,1.86,539,133,248,88,298,105,420,159,0.46,0.0
Endo Endo,Liverpool,MID,4.9,5,0,1.7,0.1,0,1,32,0,2,0,0,0,0,1,0,0,24.6,10.7,0.0,3.5,0.2,0,0.0,1.0,4001,7752,166,574,-0.1,0.1,0.0,0.0,0.0,0.0,0.0,0.98,0,2,2,0,4,11.25,,272,122,276,157,628,267,326,161,,,,,,,0.0,0.0,0.0,0.0,2.76,5.62,316,196,376,183,268,129,472,157,0.0,0.0
Douglas Luiz Douglas Luiz,Nott'm Forest,MID,5.0,5,5,5.0,0.1,0,1,75,0,1,0,0,0,0,0,0,0,4.4,18.1,8.0,3.1,1.2,0,0.2,1.0,10037,5107,1259,410,0.0,0.0,0.0,0.0,0.02,0.02,0.04,0.68,1,1,0,2,3,3.6,,365,174,227,140,265,144,337,165,,,,,,,0.02,0.0,0.02,0.04,0.82,1.2,268,163,253,124,50,17,510,178,1.2,0.0
Jeremie Frimpong,Liverpool,DEF,5.9,5,0,2.5,8.6,0,1,62,0,0,0,0,0,0,0,0,0,8.4,1.9,21.0,3.2,1.0,0,0.2,0.8,146255,2429379,7159,44945,-0.1,0.1,0.0,0.0,0.09,0.02,0.11,0.81,1,1,3,1,4,5.81,,338,128,343,123,189,44,334,119,,,,,,,0.13,0.0,0.03,0.16,1.18,0.0,106,6,280,96,199,78,50,18,1.45,0.0
Mathys Tel,Spurs,MID,6.3,5,0,1.7,0.1,0,0,97,1,0,0,0,0,0,0,0,0,5.4,3.4,9.0,1.8,1.3,0,0.2,0.8,4636,11263,309,739,-0.2,0.2,0.0,0.0,0.07,0.0,0.07,0.6,1,3,0,3,6,5.57,,358,169,327,174,261,142,363,175,5.0,,4.0,,4.0,,0.06,0.0,0.0,0.06,0.56,0.0,80,55,245,118,273,134,475,159,0.93,0.93
Ethan Nwaneri,Arsenal,MID,5.3,5,1,1.7,0.2,0,0,130,1,0,0,0,0,0,0,0,0,8.2,20.9,20.0,4.9,1.3,0,0.2,0.9,6911,20617,542,971,-0.2,0.2,0.0,0.0,0.17,0.04,0.21,0.2,0,1,1,7,9,6.23,,341,163,205,129,195,114,298,151,4.0,,3.0,,,,0.12,0.0,0.03,0.15,0.14,0.0,229,143,239,112,271,132,377,127,0.0,0.69
Lesley Ugochukwu,Burnley,MID,5.0,5,0,1.2,0.0,0,0,253,1,4,0,0,0,0,0,1,0,23.8,18.8,8.0,4.9,0.3,0,0.1,1.0,972,2868,44,139,0.0,0.0,0.0,0.0,0.07,0.02,0.09,5.47,3,9,7,8,24,8.54,,275,124,219,137,266,145,297,150,,,,,,,0.02,0.0,0.01,0.03,1.95,1.42,294,180,358,175,304,148,608,247,1.07,0.36
Joe Willock,Newcastle,MID,5.0,4,3,2.0,0.1,0,0,86,1,0,0,0,0,0,0,0,0,10.6,2.2,6.0,1.8,1.0,0,0.2,0.8,2635,3040,362,294,0.0,0.0,0.0,0.0,0.09,0.01,0.1,0.52,1,4,2,5,11,11.51,,328,154,340,178,287,153,361,173,,,,,,,0.09,0.0,0.01,0.1,0.54,0.0,256,154,269,130,243,110,568,213,1.05,1.05
Jackson Tchatchoua,Wolves,DEF,4.5,4,1,1.0,0.0,0,0,220,0,6,0,0,0,0,0,0,0,41.8,55.1,14.0,11.0,1.0,0,0.2,0.9,1378,764,33,76,0.0,0.0,0.0,0.0,0.0,0.04,0.04,3.06,2,5,8,12,13,5.32,,198,80,82,19,225,64,167,56,,,,,,,0.0,0.0,0.02,0.02,1.25,2.45,461,105,266,94,339,127,666,225,0.82,0.0
Arnaud Kalimuendo,Nott'm Forest,FWD,6.0,4,1,1.0,0.1,0,0,64,0,2,0,0,0,0,0,0,0,2.8,16.1,22.0,4.1,1.0,0,0.2,0.7,5643,3786,441,582,0.0,0.0,0.0,0.0,0.35,0.02,0.37,1.21,0,0,1,2,3,4.22,,377,34,238,19,180,33,311,31,,,,,,,0.49,0.0,0.03,0.52,1.7,2.81,88,26,282,27,388,43,503,68,0.0,0.0
Igor Jesus Igor Jesus,Nott'm Forest,FWD,5.8,4,1,1.0,0.5,0,0,45,0,3,0,0,0,0,0,0,0,7.2,12.7,25.0,4.3,0.8,0,0.1,0.7,17655,57193,1595,2503,-0.2,0.2,0.0,0.0,0.11,0.03,0.14,2.0,0,1,1,1,3,6.0,,346,27,256,25,167,31,306,30,,,,,,,0.22,0.0,0.06,0.28,4.0,6.0,119,30,295,29,385,41,246,38,0.0,0.0
Jack Harrison,Leeds,MID,5.3,4,1,1.0,0.1,0,0,84,0,1,0,0,0,0,0,0,0,10.6,7.6,4.0,2.3,1.0,0,0.2,0.8,1341,9817,166,407,-0.2,0.2,0.0,0.0,0.0,0.03,0.03,1.58,0,2,3,5,10,10.71,,329,155,297,162,311,164,353,169,3.0,,,,,,0.0,0.0,0.03,0.03,1.69,1.07,221,139,271,132,365,175,520,184,0.0,0.0
Carlos Alcaraz,Everton,MID,5.3,4,1,1.0,0.1,0,0,117,0,1,0,0,0,0,1,0,0,14.6,4.8,21.0,4.0,0.8,0,0.2,0.8,2965,11297,209,472,-0.2,0.2,0.0,0.0,0.03,0.01,0.04,2.94,1,4,1,7,12,9.23,,310,143,317,171,186,110,313,156,,,1.0,,,,0.02,0.0,0.01,0.03,2.26,0.77,230,144,292,145,366,176,477,161,0.77,0.0
Archie Gray,Spurs,MID,4.9,4,1,2.0,0.1,0,0,71,1,0,0,0,0,0,0,0,0,6.0,13.2,2.0,2.2,0.3,0,0.1,0.8,3250,8727,244,489,-0.1,0.1,0.0,0.0,0.0,0.05,0.05,0.89,1,1,2,5,8,10.14,,353,167,253,147,332,176,355,170,,,,,,,0.0,0.0,0.06,0.06,1.13,0.0,366,229,356,174,240,109,455,151,1.27,1.27
Matheus Matheus N.,Man City,DEF,5.3,4,1,1.3,0.3,0,0,153,0,2,0,0,0,0,0,0,0,26.0,7.3,0.0,3.3,1.0,0,0.2,0.8,7814,31854,1021,1295,-0.2,0.2,0.0,0.0,0.0,0.02,0.02,2.01,1,2,15,9,17,10.0,,264,103,300,101,692,237,330,116,,,,,4.0,,0.0,0.0,0.01,0.01,1.18,1.18,225,30,272,95,295,104,309,111,0.59,0.0
Santiago S.Bueno,Wolves,DEF,4.4,4,0,2.0,0.0,0,0,124,0,3,0,0,0,0,0,0,0,33.8,19.4,2.0,5.5,1.0,0,0.2,0.9,528,2081,22,155,-0.1,0.1,0.0,0.0,0.0,0.05,0.05,2.39,1,4,10,4,14,10.16,,229,87,211,63,321,114,281,93,,,,,,,0.0,0.0,0.04,0.04,1.73,2.18,540,134,261,90,232,90,584,208,0.73,0.0
Toti Toti,Wolves,DEF,4.4,4,1,0.8,0.1,0,0,389,0,12,0,0,0,0,0,1,0,74.6,26.5,27.0,12.8,2.0,0,0.5,0.9,2858,7740,92,486,-0.1,0.1,0.0,0.0,0.04,0.03,0.07,7.15,5,7,20,22,27,6.25,,113,50,173,44,157,35,147,50,,,,,,,0.01,0.0,0.01,0.02,1.65,2.78,573,150,183,71,397,132,436,165,1.16,0.0
Tomáš Souček,West Ham,MID,5.7,4,0,1.0,0.3,0,0,231,1,10,0,0,0,0,0,1,0,38.0,3.7,58.0,10.1,0.3,0,0.1,0.7,2845,68481,15,3051,-0.3,0.3,-0.1,0.1,0.17,0.0,0.17,3.66,3,4,16,7,27,10.52,Suspended until 20 Oct,213,92,324,173,65,40,189,98,,,,,,,0.07,0.0,0.0,0.07,1.43,3.9,122,80,364,178,383,186,307,101,1.17,0.39
Tolu Tolu,Wolves,FWD,5.5,4,2,2.0,0.1,0,0,155,0,4,0,0,0,0,0,0,0,9.4,14.8,51.0,7.5,2.0,0,0.4,0.7,9212,2074,430,797,0.0,0.0,0.0,0.0,0.22,0.03,0.25,1.83,2,1,5,2,8,4.65,,335,23,244,21,75,21,240,26,,,,,,,0.13,0.0,0.02,0.15,1.06,2.32,163,39,198,18,249,20,529,71,1.16,0.0
Veljko Milosavljević,Bournemouth,DEF,4.5,4,0,4.0,0.0,0,0,90,0,1,0,0,0,0,0,0,0,23.4,11.3,6.0,4.1,2.0,0,0.4,0.9,3294,645,341,292,0.0,0.0,0.0,0.0,0.0,0.18,0.18,0.62,1,1,10,3,11,11.0,,276,108,271,91,285,95,309,106,,,,,,,0.0,0.0,0.18,0.18,0.62,1.0,506,112,186,73,87,40,623,213,1.0,0.0
Jack Hinshelwood,Brighton,MID,5.3,4,0,1.3,0.0,0,0,107,0,2,0,0,0,0,0,0,0,9.4,2.0,0.0,1.2,1.0,0,0.2,0.8,937,7879,7,488,-0.2,0.2,0.0,0.0,0.0,0.01,0.01,2.32,2,3,2,6,11,9.25,Ankle injury - Unknown return date,334,159,341,179,695,303,370,179,,,,,,,0.0,0.0,0.01,0.01,1.95,1.68,231,145,273,133,296,144,579,223,1.68,0.0
Jamie Gittens,Chelsea,MID,6.2,4,0,1.0,0.1,0,0,143,0,1,0,0,0,0,0,0,0,12.2,40.0,32.0,8.4,0.7,0,0.1,0.6,5168,24673,201,896,-0.3,0.3,-0.1,0.1,0.11,0.11,0.22,2.22,2,2,1,3,6,3.78,,321,151,121,81,138,86,221,109,,,,,,,0.07,0.0,0.07,0.14,1.4,0.63,82,56,313,157,390,190,437,144,1.26,0.0
Andrey Andrey Santos,Chelsea,MID,4.5,4,2,1.0,0.3,0,0,117,0,1,0,0,0,0,1,0,0,15.2,32.4,32.0,8.0,0.7,0,0.2,0.9,23150,25721,3361,1456,0.0,0.0,0.0,0.0,0.41,0.04,0.45,2.1,0,2,2,10,14,10.77,,304,140,145,97,137,85,226,112,,,,,,,0.32,0.0,0.03,0.35,1.62,0.77,464,270,302,150,340,156,298,98,0.0,0.0
Amine Adli,Bournemouth,MID,5.5,4,1,1.0,0.0,0,0,88,0,0,0,0,0,0,0,0,0,32.0,27.1,9.0,6.8,1.0,0,0.2,0.7,3052,1984,159,237,0.0,0.0,0.0,0.0,0.04,0.03,0.07,0.29,0,8,5,11,24,24.55,,236,108,170,113,260,141,255,129,,,,,,,0.04,0.0,0.03,0.07,0.3,0.0,164,101,276,136,379,183,626,258,0.0,0.0
Liam Delap,Chelsea,FWD,6.3,4,0,1.3,1.2,0,0,91,0,1,0,0,0,0,0,0,0,8.0,3.5,43.0,5.0,0.3,0,0.0,0.6,38347,358760,83,8013,-0.2,0.2,0.0,0.0,0.23,0.03,0.26,0.31,2,0,1,3,4,3.96,Hamstring injury - Expected back 22 Nov,343,26,325,35,95,26,294,29,,,,,,,0.23,0.0,0.03,0.26,0.31,0.99,76,24,365,38,297,26,170,28,1.98,0.0
Florentino Ibrain Florentino,Burnley,MID,5.0,4,3,2.0,0.0,0,0,117,0,2,0,0,0,0,1,0,0,38.6,23.7,0.0,6.2,2.0,0,0.4,0.8,465,184,100,66,0.0,0.0,0.0,0.0,0.0,0.01,0.01,2.34,1,7,9,9,25,19.23,,210,89,188,121,667,287,266,137,,,,,,,0.0,0.0,0.01,0.01,1.8,1.54,266,161,192,86,244,111,712,310,0.77,0.0
Justin Kluivert,Bournemouth,MID,7.0,4,1,1.0,0.7,0,0,71,0,0,0,0,0,0,0,0,0,12.8,32.8,24.0,6.9,1.0,0,0.1,0.6,42176,71391,4683,4285,0.0,0.0,0.0,0.0,0.31,0.33,0.64,0.18,0,0,2,4,6,7.61,,320,150,143,95,174,101,251,126,3.0,,,,1.0,,0.39,0.0,0.42,0.81,0.23,0.0,34,20,285,139,393,193,199,68,0.0,0.0
Hamed H.Traorè,Bournemouth,MID,4.5,4,0,4.0,0.7,0,1,16,0,2,0,0,0,0,0,0,0,21.2,10.0,0.0,3.1,0.0,0,0.0,0.9,114900,120181,0,6573,0.0,0.0,0.0,0.0,0.0,0.0,0.0,0.4,0,1,1,2,4,22.5,has joined Marseille on loan for the rest of the season.,284,129,283,160,551,210,336,164,,,,,,,0.0,0.0,0.0,0.0,2.25,11.25,424,247,578,216,85,30,215,74,0.0,0.0
Zian Flemming,Burnley,FWD,5.4,3,1,1.0,0.1,0,0,24,0,0,0,0,0,0,0,0,0,2.2,10.1,7.0,1.9,0.3,0,0.1,0.6,5342,12776,186,631,-0.1,0.1,0.0,0.0,0.11,0.0,0.11,0.4,0,0,0,1,1,3.75,,381,37,281,27,272,37,358,37,,,2.0,,,,0.41,0.0,0.0,0.41,1.5,0.0,190,44,361,36,371,36,460,64,0.0,0.0
Yerson Mosquera,Wolves,DEF,4.4,3,1,1.5,0.1,0,0,136,0,4,0,0,0,0,0,0,0,19.2,0.5,21.0,4.1,1.0,0,0.2,0.7,1108,2751,75,163,-0.1,0.1,0.0,0.0,0.05,0.0,0.05,1.83,2,3,6,9,9,5.96,,291,113,362,132,182,43,308,105,,,,,,,0.03,0.0,0.0,0.03,1.21,2.65,571,149,263,92,284,102,569,206,1.32,0.0
Nathan Aké,Man City,DEF,5.4,3,1,1.0,0.7,0,0,91,0,3,0,0,0,0,0,0,0,18.2,10.3,5.0,3.4,0.7,0,0.1,0.6,16374,39038,1157,2143,-0.1,0.1,0.0,0.0,0.14,0.15,0.29,1.35,0,1,6,2,7,6.92,,295,115,280,95,297,99,328,114,,,,,,,0.14,0.0,0.15,0.29,1.34,2.97,174,21,310,103,368,131,212,77,0.0,0.0
Ryan Yates,Nott'm Forest,MID,4.8,3,0,1.0,0.1,0,0,25,0,1,0,0,0,0,0,0,0,7.2,4.0,2.0,1.2,0.5,0,0.1,0.6,1764,7045,333,424,-0.2,0.2,-0.1,0.1,0.0,0.01,0.01,0.08,0,0,4,3,7,25.2,,345,164,320,172,324,170,369,178,,,,,,,0.0,0.0,0.04,0.04,0.29,3.6,377,239,320,160,346,161,492,167,0.0,0.0
Timothy Castagne,Fulham,DEF,4.4,3,0,1.0,0.1,0,0,126,0,3,0,0,0,0,0,0,0,14.8,19.1,28.0,6.2,0.5,0,0.1,0.7,3573,7132,116,566,-0.1,0.1,-0.1,0.1,0.38,0.07,0.45,4.11,2,3,3,3,6,4.29,,306,120,215,66,150,30,265,87,,,,,,,0.27,0.0,0.05,0.32,2.94,2.14,528,124,316,105,329,120,461,174,1.43,0.0
Pau Pau,Aston Villa,DEF,4.4,3,0,1.5,0.4,0,0,106,0,2,0,0,0,0,0,0,0,20.4,6.3,9.0,3.6,0.3,0,0.1,0.7,8910,25441,429,1610,-0.1,0.1,0.0,0.0,0.07,0.13,0.2,2.11,1,3,1,9,4,3.4,,287,112,306,103,254,80,324,112,,,,,,,0.06,0.0,0.11,0.17,1.79,1.7,546,139,342,118,282,100,288,105,0.85,0.0
Eli Junior Kroupi.Jr,Bournemouth,FWD,4.5,3,0,1.0,1.5,0,0,12,0,1,0,0,0,0,0,0,0,0.0,0.0,2.0,0.2,0.3,0,0.1,0.7,157826,113373,11159,10081,0.0,0.0,0.0,0.0,0.0,0.0,0.0,0.24,0,0,0,1,1,7.5,,620,60,614,60,323,40,397,42,,,,,,,0.0,0.0,0.0,0.0,1.8,7.5,477,61,347,34,341,32,155,24,0.0,0.0
Andy Irving,West Ham,MID,4.4,3,0,1.0,0.3,0,0,24,0,1,0,0,0,0,0,0,0,14.8,17.2,0.0,3.2,0.7,0,0.2,0.7,12308,14349,4221,1295,-0.1,0.1,0.0,0.0,0.0,0.06,0.06,0.45,0,3,1,2,6,22.5,,307,142,229,141,483,182,331,163,4.0,,,,,,0.0,0.0,0.22,0.22,1.69,3.75,537,304,299,149,330,154,314,104,0.0,0.0
Jorge J.Cuenca,Fulham,DEF,4.4,3,1,1.5,0.0,0,0,87,0,1,0,0,0,0,0,0,0,14.6,1.2,4.0,2.0,0.2,0,0.0,0.7,512,1873,39,86,-0.1,0.1,0.0,0.0,0.0,0.01,0.01,1.12,1,2,5,4,7,7.24,,308,121,353,127,300,102,357,127,,,,,,,0.0,0.0,0.01,0.01,1.16,1.03,547,140,372,129,283,101,604,210,1.03,0.0
Joe Worrall,Burnley,DEF,4.0,3,0,1.0,0.1,0,0,18,0,2,0,0,0,0,0,0,0,11.0,0.0,0.0,1.1,0.7,0,0.2,0.8,1812,5197,116,303,0.0,0.0,0.0,0.0,0.0,0.0,0.0,2.17,0,1,5,1,6,30.0,,324,125,428,167,390,150,371,130,,,,,,,0.0,0.0,0.0,0.0,10.85,10.0,631,166,297,99,318,111,445,170,0.0,0.0
Destiny Udogie,Spurs,DEF,4.4,3,1,1.0,0.5,0,0,128,0,2,0,0,0,0,0,0,0,21.4,29.2,28.0,7.9,1.0,0,0.2,0.7,20237,55035,4985,1907,-0.1,0.1,0.0,0.0,0.02,0.15,0.17,1.35,1,3,3,11,6,4.22,,283,111,160,39,151,31,231,78,,,,,,,0.01,0.0,0.11,0.12,0.95,1.41,559,146,262,91,333,123,243,90,0.7,0.0
Sam Johnstone,Wolves,GKP,4.5,3,0,3.0,0.1,0,0,90,0,1,0,0,0,3,0,0,0,31.2,0.0,0.0,3.1,1.0,0,0.2,0.7,2551,4855,134,405,0.0,0.0,0.0,0.0,0.0,0.0,0.0,1.55,1,0,5,13,0,0.0,,239,21,564,67,535,60,335,21,,,,,,,0.0,3.0,0.0,0.0,1.55,1.0,395,22,264,21,152,18,435,65,1.0,0.0
Ryan Christie,Bournemouth,MID,5.0,3,1,1.0,0.1,0,0,78,0,0,0,0,0,0,0,0,0,18.0,18.9,11.0,4.9,0.7,0,0.1,0.6,1933,5975,259,274,0.0,0.0,0.0,0.0,0.07,0.04,0.11,0.24,0,4,5,7,16,18.46,,297,137,218,136,242,133,296,149,4.0,,,,,,0.08,0.0,0.05,0.13,0.28,0.0,249,152,308,154,358,171,534,193,0.0,0.0
Adama Adama,Fulham,MID,5.3,3,0,1.0,0.2,0,0,60,0,0,0,0,0,0,0,0,0,4.2,16.1,12.0,2.9,0.5,0,0.1,0.6,3677,18851,357,981,-0.2,0.2,0.0,0.0,0.04,0.08,0.12,0.52,0,0,0,2,2,3.0,,368,176,237,143,238,132,344,166,,,,,,,0.06,0.0,0.12,0.18,0.78,0.0,217,136,327,163,364,174,376,126,0.0,0.0
Tyrique George,Chelsea,MID,4.9,3,0,1.0,0.1,0,0,137,1,1,0,0,0,0,2,0,0,8.2,7.0,52.0,6.7,1.0,0,0.2,0.6,2189,3727,182,257,-0.1,0.1,0.0,0.0,0.25,0.08,0.33,1.53,0,1,0,1,2,1.31,,340,162,303,165,74,45,256,130,,,,,,,0.16,0.0,0.05,0.21,1.01,0.66,368,231,268,129,355,168,565,210,0.0,0.66
Wesley Fofana,Chelsea,DEF,4.4,3,1,1.0,0.2,0,0,129,0,3,0,0,0,0,0,0,0,27.2,4.3,0.0,3.2,0.7,0,0.2,0.7,6970,13554,1723,752,-0.1,0.1,0.0,0.0,0.0,0.01,0.01,2.44,2,3,10,2,13,9.07,,258,99,318,109,491,209,332,117,,,,,,,0.0,0.0,0.01,0.01,1.7,2.09,552,142,300,101,331,121,368,133,1.4,0.0
Nayef N.Aguerd,West Ham,DEF,4.4,3,0,1.5,0.1,0,0,180,0,8,0,0,0,0,0,0,0,39.0,3.9,8.0,5.1,0.0,0,0.0,0.7,1288,9931,0,387,-0.1,0.1,0.0,0.0,0.1,0.03,0.13,3.42,2,1,14,8,15,7.5,has joined Marseille permanently.,207,83,322,111,263,86,290,96,,,,,,,0.05,0.0,0.02,0.07,1.71,4.0,532,128,516,211,281,99,543,198,1.0,0.0
James McAtee,Nott'm Forest,MID,5.4,3,0,1.0,0.1,0,0,67,0,4,0,0,0,0,0,0,0,9.6,35.7,4.0,5.0,0.8,0,0.1,0.6,7195,14102,171,944,-0.1,0.1,0.0,0.0,0.0,0.13,0.13,2.03,0,1,0,3,4,5.37,,332,158,136,91,312,165,293,148,,,,,,,0.0,0.0,0.17,0.17,2.73,5.37,192,120,293,146,372,179,448,147,0.0,0.0
Diego Gomez,Brighton,MID,5.0,3,0,0.8,0.1,0,0,149,0,3,0,0,0,0,2,0,0,25.4,28.2,11.0,6.5,0.8,0,0.2,0.6,1632,3414,169,273,0.0,0.0,0.0,0.0,0.05,0.1,0.15,2.6,1,8,5,8,21,12.68,,268,121,165,109,243,134,259,132,,,3.0,,,,0.03,0.0,0.06,0.09,1.57,1.81,298,183,291,144,398,194,548,199,0.6,0.0
Rico Henry,Brentford,DEF,4.5,3,1,0.6,0.1,0,0,153,0,6,0,0,0,0,1,0,0,11.0,12.1,12.0,3.3,0.3,0,0.1,0.7,3189,7599,167,426,0.0,0.0,0.0,0.0,0.13,0.06,0.19,3.51,1,3,5,9,8,4.71,,325,126,262,86,236,71,329,115,,,,,,,0.08,0.0,0.04,0.12,2.06,3.53,407,81,346,121,404,137,444,169,0.59,0.0
Harvey Elliott,Aston Villa,MID,5.4,3,1,1.0,0.6,0,0,52,0,1,0,0,0,0,0,0,0,3.8,11.6,11.0,2.6,0.8,0,0.1,0.6,79674,34661,3426,5474,-0.1,0.1,0.0,0.0,0.17,0.05,0.22,1.23,0,0,1,2,3,5.19,,371,178,268,154,244,135,350,168,,,,,,,0.29,0.0,0.09,0.38,2.13,1.73,196,122,294,147,374,180,227,80,0.0,0.0
Joël Piroe,Leeds,FWD,5.3,3,0,1.5,0.7,0,0,134,1,4,0,0,0,0,0,0,0,2.0,6.9,44.0,5.3,0.0,0,0.0,0.6,17615,157867,730,5958,-0.2,0.2,0.0,0.0,0.28,0.04,0.32,2.13,2,0,0,5,5,3.36,,386,39,304,33,92,25,287,28,,,3.0,,2.0,,0.19,0.0,0.03,0.22,1.43,2.69,224,49,698,72,286,24,219,36,1.34,0.67
Kobbie Mainoo,Man Utd,MID,4.9,3,1,1.0,0.5,0,0,76,0,3,0,0,0,0,0,0,0,16.0,39.5,3.0,5.8,0.8,0,0.2,0.6,16164,48645,1191,2407,-0.1,0.1,0.0,0.0,0.07,0.11,0.18,2.16,0,3,1,6,10,11.84,,301,138,123,83,319,168,274,139,,,,,,,0.08,0.0,0.13,0.21,2.56,3.55,364,227,289,142,354,167,245,85,0.0,0.0
Chris Rigg,Sunderland,MID,4.9,3,1,1.0,0.0,0,0,38,0,0,0,0,0,0,0,0,0,1.4,12.1,4.0,1.8,0.7,0,0.1,0.6,618,3434,82,140,-0.1,0.1,0.0,0.0,0.06,0.03,0.09,0.38,1,1,0,0,1,2.37,,391,184,263,152,306,161,360,172,,,,,,,0.14,0.0,0.07,0.21,0.9,0.0,369,232,306,152,356,169,591,232,2.37,0.0
Oliver Sonne,Burnley,DEF,4.0,3,0,1.0,0.1,0,0,102,0,4,0,0,0,0,0,0,0,7.6,16.4,6.0,3.0,0.3,0,0.1,0.8,3512,6081,128,382,0.0,0.0,0.0,0.0,0.03,0.08,0.11,3.31,1,1,1,3,2,1.76,,344,129,235,75,279,91,339,120,,,,,,,0.03,0.0,0.07,0.1,2.92,3.53,690,201,337,115,322,115,419,158,0.88,0.0
Conor Bradley,Liverpool,DEF,5.0,2,2,0.7,0.1,0,0,145,0,2,0,0,0,0,2,0,0,17.2,13.5,18.0,4.8,0.5,0,0.1,0.4,7545,11439,977,613,0.0,0.0,0.0,0.0,0.06,0.13,0.19,0.87,1,2,6,4,8,4.97,,299,117,250,83,207,53,299,99,,,,,,,0.04,0.0,0.08,0.12,0.54,1.24,289,48,325,112,402,135,442,168,0.62,0.0
Soungoutou S.Magassa,West Ham,MID,5.0,2,1,1.0,0.0,0,0,41,0,1,0,0,0,0,0,0,0,9.6,1.7,0.0,1.1,1.0,0,0.2,0.4,199,113,26,24,0.0,0.0,0.0,0.0,0.0,0.0,0.0,0.79,0,2,1,1,4,8.78,,331,157,345,181,681,298,372,180,,,,,,,0.0,0.0,0.0,0.0,1.73,2.2,300,185,270,131,363,173,721,315,0.0,0.0
Ian Maatsen,Aston Villa,DEF,4.4,2,0,0.7,0.6,0,0,141,0,4,0,0,0,0,1,0,0,34.6,57.0,13.0,10.5,0.3,0,0.1,0.5,13377,47270,797,2537,-0.1,0.1,0.0,0.0,0.11,0.2,0.31,3.08,1,1,11,10,12,7.66,,225,86,79,17,230,67,177,60,,,,,,,0.07,0.0,0.13,0.2,1.97,2.55,551,141,343,119,400,134,231,83,0.64,0.0
Tom Cairney,Fulham,MID,4.9,2,1,0.7,0.0,0,0,34,0,0,0,0,0,0,1,0,0,0.4,1.3,0.0,0.2,0.5,0,0.1,0.4,514,1887,55,93,-0.1,0.1,0.0,0.0,0.0,0.0,0.0,0.48,0,0,0,3,3,7.94,,401,189,350,182,621,262,398,189,,,2.0,,,,0.0,0.0,0.0,0.0,1.27,0.0,307,189,321,161,401,195,627,259,0.0,0.0
Joe Gomez,Liverpool,DEF,5.0,2,0,1.0,0.1,0,0,29,0,1,0,0,0,0,0,0,0,14.6,0.5,0.0,1.5,0.2,0,0.0,0.4,4832,6907,215,663,0.0,0.0,0.0,0.0,0.0,0.0,0.0,0.3,0,0,8,1,8,24.83,,309,122,363,133,663,233,365,129,,,,,,,0.0,0.0,0.0,0.0,0.93,3.1,251,40,377,130,360,130,431,162,0.0,0.0
Kevin Danso,Spurs,DEF,4.3,2,0,1.0,0.2,0,0,11,0,0,0,0,0,0,0,0,0,6.2,0.8,0.0,0.7,0.3,0,0.1,0.5,6519,14779,1124,794,-0.2,0.2,0.0,0.0,0.0,0.0,0.0,0.0,0,0,2,0,2,16.36,,351,132,355,128,464,194,379,133,,,,,,,0.0,0.0,0.0,0.0,0.0,0.0,601,155,339,117,324,117,405,151,0.0,0.0
Dominic Solanke,Spurs,FWD,7.2,2,0,1.0,1.3,0,0,31,0,0,0,0,0,0,0,0,0,6.0,0.3,25.0,3.1,0.0,0,0.0,0.3,27763,399295,154,8030,-0.3,0.3,0.0,0.0,0.2,0.0,0.2,0.22,0,1,2,0,3,8.71,Ankle injury - 50% chance of playing,354,29,370,40,172,32,338,33,,,,,2.0,,0.58,0.0,0.0,0.58,0.64,0.0,30,13,736,80,394,44,164,26,0.0,0.0
James Justin,Leeds,DEF,4.0,2,1,1.0,0.2,0,0,17,0,0,0,0,0,0,0,0,0,4.0,0.0,0.0,0.4,0.7,0,0.2,0.5,23176,7535,847,772,0.0,0.0,0.0,0.0,0.0,0.0,0.0,0.31,0,0,2,0,2,10.59,,369,136,431,168,393,151,392,138,,,,,,,0.0,0.0,0.0,0.0,1.64,0.0,635,168,298,100,319,112,340,122,0.0,0.0
Aaron Hickey,Brentford,DEF,4.0,2,0,0.7,0.4,0,0,20,0,1,0,0,0,0,1,0,0,6.2,0.4,0.0,0.7,0.3,0,0.1,0.5,8990,17293,575,1127,0.0,0.0,0.0,0.0,0.0,0.0,0.0,0.4,0,3,1,0,4,18.0,,350,131,366,134,416,162,378,132,,,,,,,0.0,0.0,0.0,0.0,1.8,4.5,662,183,336,114,399,133,278,99,0.0,0.0
Luis Guilherme L.Guilherme,West Ham,MID,4.9,2,1,1.0,0.0,0,0,41,0,1,0,0,0,0,0,0,0,1.4,0.0,4.0,0.3,0.7,0,0.1,0.4,245,2125,25,38,-0.1,0.1,0.0,0.0,0.07,0.0,0.07,0.79,0,0,1,2,3,6.59,,392,185,673,288,307,162,394,188,,,,,,,0.15,0.0,0.0,0.15,1.73,2.2,370,233,307,153,357,170,657,279,0.0,0.0
Dilane Bakwa,Nott'm Forest,MID,6.0,2,1,1.0,0.0,0,0,88,0,2,0,0,0,0,0,0,0,13.6,15.2,28.0,5.7,1.0,0,0.2,0.3,1555,494,218,109,0.0,0.0,0.0,0.0,0.06,0.01,0.07,0.59,1,0,1,7,8,8.18,,314,146,243,145,154,92,279,142,,,,,,,0.06,0.0,0.01,0.07,0.6,2.05,90,60,283,138,389,189,676,289,1.02,0.0
Guido G.Rodriguez,West Ham,MID,4.9,2,0,2.0,0.0,0,0,70,0,1,0,0,0,0,0,0,0,2.2,2.3,2.0,0.7,0.0,0,0.0,0.4,871,2934,43,161,-0.1,0.1,0.0,0.0,0.03,0.03,0.06,0.6,1,0,0,4,4,5.14,,380,180,336,176,327,172,383,185,,,,,,,0.04,0.0,0.04,0.08,0.77,1.29,321,200,651,270,237,107,580,224,1.29,0.0
Jacob J.Ramsey,Newcastle,MID,5.4,2,0,1.0,0.3,0,0,59,0,1,0,0,0,0,0,0,0,13.4,41.8,7.0,6.2,0.5,0,0.1,0.4,12566,54328,19,2199,-0.1,0.1,0.0,0.0,0.03,0.12,0.15,0.91,1,1,0,5,6,9.15,Ankle injury - Expected back 18 Oct,316,148,114,77,271,149,267,138,,,,,,,0.05,0.0,0.18,0.23,1.39,1.53,187,116,328,164,370,178,325,111,1.53,0.0
Omari Hutchinson,Nott'm Forest,MID,5.5,2,0,1.0,0.0,0,0,9,0,1,0,0,0,0,0,0,0,0.2,0.9,8.0,0.6,0.5,0,0.1,0.4,2636,1781,95,203,0.0,0.0,0.0,0.0,0.2,0.0,0.2,0.96,0,0,0,1,1,10.0,,402,190,354,185,267,146,388,187,,,,,,,2.0,0.0,0.0,2.0,9.6,10.0,166,103,331,166,381,185,637,266,0.0,0.0
Joshua Zirkzee,Man Utd,FWD,5.9,2,0,1.0,0.4,0,0,69,0,2,0,0,0,0,0,0,0,8.4,15.7,54.0,7.9,0.5,0,0.1,0.3,16248,31448,1055,2295,-0.1,0.1,0.0,0.0,0.67,0.03,0.7,1.38,0,0,2,2,4,5.22,,339,24,240,20,70,19,233,24,,,,,,,0.87,0.0,0.04,0.91,1.8,2.61,110,29,333,32,387,42,275,46,0.0,0.0
Marc Marc Guiu,Chelsea,FWD,4.3,2,0,1.0,9.3,0,0,13,0,1,0,0,0,0,0,0,0,1.0,1.6,6.0,0.7,0.3,0,0.1,0.5,293253,1364633,37839,78172,-0.2,0.2,-0.1,0.1,0.02,0.01,0.03,0.66,0,0,1,0,1,6.92,,394,42,346,37,280,38,380,38,,,,,,,0.14,0.0,0.07,0.21,4.57,6.92,604,82,340,33,325,31,47,10,0.0,0.0
Jenson Seelt,Sunderland,DEF,4.0,2,0,1.0,0.2,0,0,133,0,2,0,0,0,0,0,0,0,33.6,2.4,0.0,3.6,0.0,0,0.0,0.5,3016,16379,0,842,0.0,0.0,0.0,0.0,0.0,0.01,0.01,1.33,1,4,8,6,12,8.12,has joined Wolfsburg on loan for the rest of the season.,230,88,333,118,439,175,323,111,,,,,,,0.0,0.0,0.01,0.01,0.9,1.35,689,200,477,183,321,114,392,144,0.68,0.0
Ki-Jana Hoever,Wolves,DEF,4.0,2,0,1.0,1.2,0,0,106,0,4,0,0,0,0,0,0,0,22.8,34.2,2.0,5.9,0.0,0,0.0,0.5,21469,123694,252,6001,0.0,0.0,0.0,0.0,0.0,0.24,0.24,2.85,2,2,6,2,8,6.79,,280,110,139,35,320,113,272,90,,,,,,,0.0,0.0,0.2,0.2,2.42,3.4,649,177,443,166,320,113,168,62,1.7,0.0
Oleksandr Zinchenko,Nott'm Forest,DEF,4.9,2,2,2.0,0.3,0,0,90,0,1,0,0,0,0,0,0,0,29.6,18.0,15.0,6.3,0.7,0,0.1,0.4,15161,24549,1678,1015,-0.1,0.1,0.0,0.0,0.04,0.07,0.11,0.85,1,3,6,6,9,9.0,,250,95,228,71,217,59,264,86,,,,,,,0.04,0.0,0.07,0.11,0.85,1.0,326,53,303,102,238,93,291,107,1.0,0.0
Sávio Savinho,Man City,MID,6.9,2,1,1.0,0.4,0,0,16,0,1,0,0,0,0,0,0,0,5.2,1.3,33.0,3.9,0.7,0,0.1,0.3,4092,75568,844,979,-0.1,0.1,0.0,0.0,0.04,0.0,0.04,1.53,0,0,2,1,3,16.88,,361,171,352,184,135,84,319,160,,,,,,,0.22,0.0,0.0,0.22,8.61,5.62,46,30,314,158,392,192,265,91,0.0,0.0
Lutsharel Geertruida,Sunderland,DEF,4.5,2,1,1.0,0.0,0,0,15,0,0,0,0,0,0,0,0,0,7.0,0.0,0.0,0.7,1.0,0,0.2,0.4,1195,429,142,91,0.0,0.0,0.0,0.0,0.0,0.0,0.0,0.63,0,0,2,1,2,12.0,,347,130,577,229,550,221,381,134,,,,,,,0.0,0.0,0.0,0.0,3.78,0.0,423,92,265,93,338,126,684,229,0.0,0.0
Felipe Morato,Nott'm Forest,DEF,4.4,2,1,1.0,0.1,0,0,180,0,4,0,0,0,0,1,0,0,29.6,2.7,0.0,3.2,0.5,0,0.1,0.5,2455,4434,175,254,-0.1,0.1,0.0,0.0,0.0,0.01,0.01,2.69,2,4,8,9,12,6.0,,249,94,331,116,496,211,333,118,,,,,,,0.0,0.0,0.0,0.0,1.34,2.0,558,145,317,106,332,122,497,185,1.0,0.0
Antonee Robinson,Fulham,DEF,5.0,2,0,1.0,0.8,0,0,51,0,0,0,0,0,0,0,0,0,11.8,21.5,4.0,3.8,0.5,0,0.1,0.4,43872,63498,2546,5111,0.0,0.0,0.0,0.0,0.0,0.06,0.06,0.23,0,0,2,1,2,3.53,,322,124,198,56,309,109,320,109,,,,,,,0.0,0.0,0.11,0.11,0.41,0.0,250,39,324,111,359,129,192,73,0.0,0.0
Diego Coppola,Brighton,DEF,4.4,2,1,1.0,0.1,0,0,16,0,1,0,0,0,0,0,0,0,5.4,0.1,0.0,0.6,0.5,0,0.1,0.5,737,3723,41,156,-0.1,0.1,0.0,0.0,0.0,0.0,0.0,0.13,0,0,3,1,3,16.88,,357,133,373,137,517,214,386,135,,,,,,,0.0,0.0,0.0,0.0,0.73,5.62,585,152,318,107,336,124,564,205,0.0,0.0
Vitalii Mykolenko,Everton,DEF,4.9,2,1,1.0,0.4,0,0,175,0,4,0,0,0,0,0,0,0,19.2,16.7,6.0,4.2,0.5,0,0.1,0.4,7296,61809,2016,1425,-0.1,0.1,0.0,0.0,0.0,0.24,0.24,2.01,2,2,11,7,13,6.69,,292,114,234,74,286,96,307,104,,,,,,,0.0,0.0,0.12,0.12,1.03,2.06,334,57,323,110,352,128,287,104,1.03,0.0
Myles Lewis-Skelly,Arsenal,DEF,5.3,2,0,0.7,2.2,0,0,66,0,0,0,0,0,0,1,0,0,4.4,5.7,0.0,0.9,0.3,0,0.1,0.4,35585,272608,1174,10754,-0.2,0.2,0.0,0.0,0.0,0.0,0.0,0.76,0,1,1,4,2,2.73,,366,135,311,105,694,239,377,131,,,,,,,0.0,0.0,0.0,0.0,1.04,0.0,228,32,360,124,403,136,126,49,0.0,0.0
Jean-Clair Todibo,West Ham,DEF,4.4,1,0,0.5,0.1,0,0,126,0,5,0,0,0,0,0,0,0,25.2,3.4,0.0,2.9,0.0,0,0.0,0.2,2296,7631,143,367,-0.1,0.1,0.0,0.0,0.0,0.01,0.01,2.26,2,3,8,2,11,7.86,,269,104,326,113,494,210,342,122,,,,,,,0.0,0.0,0.01,0.01,1.61,3.57,555,143,529,217,406,139,479,179,1.43,0.0
Aaron Wan-Bissaka,West Ham,DEF,4.3,1,0,0.5,9.8,0,0,180,0,8,0,0,0,0,0,0,0,34.8,44.5,8.0,8.8,0.0,0,0.0,0.2,56549,1500828,783,110050,-0.2,0.2,0.0,0.0,0.0,0.13,0.13,3.42,2,1,7,8,8,4.0,Abdominal injury - 50% chance of playing,224,85,108,23,262,85,206,70,,,,,,,0.0,0.0,0.06,0.06,1.71,4.0,602,156,502,202,405,138,42,14,1.0,0.0
Christantus Uche,Crystal Palace,FWD,5.5,1,0,1.0,0.0,0,0,6,0,0,0,0,0,0,0,0,0,3.4,0.8,19.0,2.3,0.5,0,0.1,0.2,3012,1019,217,311,0.0,0.0,0.0,0.0,0.01,0.0,0.01,0.0,0,0,0,1,1,15.0,,374,33,358,38,201,35,354,35,,,,,,,0.15,0.0,0.0,0.15,0.0,0.0,171,42,332,31,382,40,642,78,0.0,0.0
Alexander Isak,Liverpool,FWD,10.5,1,1,1.0,9.6,0,0,23,0,0,0,0,0,0,0,0,0,2.4,0.3,4.0,0.7,0.2,0,0.0,0.1,1070180,929867,32708,101724,0.0,0.0,0.0,0.0,0.0,0.01,0.01,0.04,0,1,0,2,3,11.74,,379,36,371,41,315,39,385,40,,,3.0,,2.0,,0.0,0.0,0.04,0.04,0.16,0.0,3,2,385,43,396,46,45,9,0.0,0.0
Dwight McNeil,Everton,MID,5.7,1,0,1.0,0.2,0,0,19,0,0,0,0,0,0,0,0,0,0.0,11.3,8.0,1.8,0.2,0,0.0,0.2,4061,31984,291,1052,-0.3,0.3,0.0,0.0,0.24,0.0,0.24,0.95,0,0,0,0,0,0.0,,725,318,273,156,269,148,362,174,1.0,,,,,,1.14,0.0,0.0,1.14,4.5,0.0,123,81,381,184,384,187,399,134,0.0,0.0
Dan Neil,Sunderland,MID,4.9,1,1,1.0,0.0,0,0,1,0,0,0,0,0,0,0,0,0,1.0,0.0,0.0,0.1,0.3,0,0.1,0.2,421,2010,37,89,-0.1,0.1,0.0,0.0,0.0,0.0,0.0,0.1,0,0,1,0,1,90.0,,396,187,658,278,638,273,403,191,,,,,,,0.0,0.0,0.0,0.0,9.0,0.0,333,207,353,172,351,166,625,257,0.0,0.0
Eddie Nketiah,Crystal Palace,FWD,5.4,1,1,1.0,0.2,0,0,15,0,0,0,0,0,0,0,0,0,3.4,10.4,7.0,2.1,0.2,0,0.0,0.2,4107,26763,1599,601,-0.1,0.1,0.0,0.0,0.04,0.0,0.04,0.15,0,0,1,1,2,12.0,,373,32,279,26,270,36,356,36,,,,,,,0.24,0.0,0.0,0.24,0.9,0.0,182,43,379,41,369,35,388,58,0.0,0.0
Vitaly Janelt,Brentford,MID,4.9,1,1,1.0,0.0,0,0,16,0,0,0,0,0,0,0,0,0,0.0,0.1,0.0,0.0,0.3,0,0.1,0.2,230,1199,38,34,-0.1,0.1,0.0,0.0,0.0,0.0,0.0,0.0,0,0,0,0,0,0.0,,661,275,375,192,632,270,662,276,,,,,,,0.0,0.0,0.0,0.0,0.0,0.0,325,203,352,171,350,165,690,296,0.0,0.0
Séamus Coleman,Everton,DEF,4.4,1,0,1.0,0.1,0,0,1,0,0,0,0,0,0,0,0,0,0.0,0.0,0.0,0.0,0.2,0,0.0,0.2,2844,8404,186,478,-0.1,0.1,0.0,0.0,0.0,0.0,0.0,0.0,0,0,0,0,0,0.0,,521,212,504,210,469,196,523,212,,,,,,,0.0,0.0,0.0,0.0,0.0,0.0,515,114,370,127,326,118,434,164,0.0,0.0
Victor Lindelöf,Aston Villa,DEF,4.5,1,0,1.0,0.0,0,0,7,0,0,0,0,0,0,0,0,0,0.4,0.3,0.0,0.1,0.5,0,0.1,0.2,1958,817,94,216,0.0,0.0,0.0,0.0,0.0,0.0,0.0,0.48,0,0,0,0,0,0.0,,400,142,368,135,540,216,402,142,,,,,,,0.0,0.0,0.0,0.0,6.17,0.0,406,80,319,108,337,125,654,220,0.0,0.0
Brian Brobbey,Sunderland,FWD,5.5,1,0,1.0,0.1,0,0,21,0,0,0,0,0,0,0,0,0,1.0,0.1,0.0,0.1,0.5,0,0.1,0.2,8379,2714,561,758,0.0,0.0,0.0,0.0,0.0,0.0,0.0,0.93,0,0,1,1,2,8.57,,398,44,380,44,719,75,404,45,,,,,,,0.0,0.0,0.0,0.0,3.99,0.0,155,37,330,30,378,39,553,72,0.0,0.0
Alphonse Areola,West Ham,GKP,4.4,1,1,1.0,2.5,0,0,90,0,2,0,0,0,1,0,0,0,13.2,0.0,0.0,1.3,0.3,0,0.1,0.2,18953,237989,1414,9048,-0.1,0.1,0.0,0.0,0.0,0.0,0.0,2.31,1,0,2,7,0,0.0,,318,25,505,58,470,51,368,25,,,,,,,0.0,1.0,0.0,0.0,2.31,2.0,516,32,341,24,327,25,114,14,1.0,0.0
Filip Jörgensen,Chelsea,GKP,4.4,1,1,1.0,0.2,0,0,84,0,2,0,0,0,1,0,0,0,9.4,0.0,0.0,0.9,0.3,0,0.1,0.2,5449,9922,3214,768,-0.1,0.1,0.0,0.0,0.0,0.0,0.0,1.79,0,0,2,5,0,0.0,,333,26,536,62,506,55,376,26,,,,,,,0.0,1.07,0.0,0.0,1.92,2.14,572,36,344,25,335,26,364,55,0.0,0.0
Facundo Buonanotte,Chelsea,MID,4.8,1,0,1.0,0.1,0,0,45,0,1,0,0,0,0,0,0,0,5.6,25.1,8.0,3.9,0.2,0,0.0,0.2,5336,14630,516,989,-0.2,0.2,0.0,0.0,0.0,0.09,0.09,0.55,1,1,0,2,3,6.0,Ineligible to face his parent club on 27/9. - Expected back 04 Oct,355,168,181,118,264,143,316,158,,,,,,,0.0,0.0,0.18,0.18,1.1,2.0,380,240,374,181,347,162,452,150,2.0,0.0
Arthur Masuaku,Sunderland,DEF,4.0,1,1,1.0,0.6,0,0,10,0,0,0,0,0,0,0,0,0,2.0,0.1,0.0,0.2,0.3,0,0.1,0.2,13875,25089,361,1180,0.0,0.0,0.0,0.0,0.0,0.0,0.0,0.25,0,0,2,0,2,18.0,,383,140,372,136,378,145,396,141,,,,,,,0.0,0.0,0.0,0.0,2.25,0.0,617,159,335,113,317,110,222,81,0.0,0.0
Saša Kalajdžić,Wolves,FWD,4.9,1,0,1.0,0.1,0,0,14,0,0,0,0,0,0,0,0,0,1.0,4.3,2.0,0.7,0.3,0,0.1,0.2,1691,7685,0,356,-0.1,0.1,0.0,0.0,0.0,0.01,0.01,0.1,0,0,1,1,2,12.86,has joined LASK on loan for the rest of the season.,397,43,319,34,329,41,384,39,,,,,,,0.0,0.0,0.06,0.06,0.64,0.0,343,55,355,35,353,33,521,70,0.0,0.0
Andrew Robertson,Liverpool,DEF,5.9,1,0,0.5,1.1,0,0,82,0,2,0,0,0,0,0,0,0,30.0,72.1,25.0,12.8,0.2,0,0.0,0.2,15086,68846,731,3971,-0.1,0.1,0.0,0.0,0.1,0.41,0.51,0.9,0,0,2,2,2,2.2,,248,93,63,13,168,41,149,51,4.0,,,,,,0.11,0.0,0.45,0.56,0.99,2.2,97,5,382,131,407,140,182,67,0.0,0.0
Stefanos Tzimas,Brighton,FWD,5.4,1,0,1.0,0.1,0,0,23,0,0,0,0,0,0,0,0,0,0.0,0.1,0.0,0.0,0.2,0,0.0,0.2,4889,10171,213,521,-0.1,0.1,0.0,0.0,0.0,0.0,0.0,0.25,0,0,0,2,2,7.83,,715,74,378,43,710,73,716,74,,,,,,,0.0,0.0,0.0,0.0,0.98,0.0,213,47,380,42,377,38,470,65,0.0,0.0
Patrick Roberts,Sunderland,MID,5.4,1,0,1.0,0.0,0,0,27,0,1,0,0,0,0,0,0,0,1.8,7.3,5.0,1.4,0.0,0,0.0,0.2,462,3407,0,109,-0.1,0.1,0.0,0.0,0.03,0.02,0.05,0.66,0,0,0,1,1,3.33,has joined Birmingham City on loan for the rest of the season.,389,183,301,163,296,160,367,177,4.0,,,,2.0,,0.1,0.0,0.07,0.17,2.2,3.33,173,107,700,302,367,177,658,280,0.0,0.0
Odsonne Édouard,Crystal Palace,FWD,5.0,1,0,1.0,0.4,0,0,2,0,0,0,0,0,0,0,0,0,2.0,0.0,0.0,0.2,0.2,0,0.0,0.2,9044,72200,0,2433,0.0,0.0,0.0,0.0,0.0,0.0,0.0,0.27,0,1,0,0,1,45.0,has joined RC Lens permanently.,385,38,683,72,665,69,400,43,,,,,,,0.0,0.0,0.0,0.0,12.15,0.0,255,51,378,40,361,34,285,48,0.0,0.0
Julio Soler,Bournemouth,DEF,4.0,1,0,1.0,0.3,0,0,1,0,0,0,0,0,0,0,0,0,0.0,0.0,0.0,0.0,0.3,0,0.1,0.2,5690,11101,452,679,0.0,0.0,0.0,0.0,0.0,0.0,0.0,0.0,0,0,0,0,0,0.0,,507,202,490,200,454,185,509,202,,,,,,,0.0,0.0,0.0,0.0,0.0,0.0,705,211,338,116,323,116,332,117,0.0,0.0
Antoni Milambo,Brentford,MID,5.4,1,0,1.0,0.0,0,0,45,0,3,0,0,0,0,0,0,0,4.0,1.8,0.0,0.6,0.0,0,0.0,0.2,1323,4015,78,224,-0.1,0.1,0.0,0.0,0.0,0.01,0.01,1.49,1,2,0,2,4,8.0,,370,177,344,180,706,311,387,186,,,,,,,0.0,0.0,0.02,0.02,2.98,6.0,208,131,711,310,376,182,585,227,2.0,0.0
Harrison Armstrong,Everton,MID,4.5,1,0,1.0,0.1,0,0,1,0,0,0,0,0,0,0,0,0,0.0,0.0,0.0,0.0,0.2,0,0.0,0.2,3524,10572,0,531,0.0,0.0,0.0,0.0,0.0,0.0,0.0,0.0,0,0,0,0,0,0.0,has joined Preston North End on loan for the rest of the season.,642,263,636,265,610,255,643,264,,,,,,,0.0,0.0,0.0,0.0,0.0,0.0,502,295,373,180,343,158,508,177,0.0,0.0
Nathaniel Clyne,Crystal Palace,DEF,4.0,1,0,1.0,0.5,0,0,4,0,0,0,0,0,0,0,0,0,3.4,0.5,0.0,0.4,0.2,0,0.0,0.2,8200,25656,440,1603,0.0,0.0,0.0,0.0,0.0,0.0,0.0,0.0,0,1,1,0,2,45.0,,372,137,361,131,369,144,391,137,,,,,,,0.0,0.0,0.0,0.0,0.0,0.0,608,158,369,126,316,109,242,89,0.0,0.0
Alejandro Garnacho,Chelsea,MID,6.4,1,0,1.0,0.3,0,0,11,0,1,0,0,0,0,0,0,0,2.0,10.5,6.0,1.9,0.2,0,0.0,0.2,25929,21005,1133,2768,-0.1,0.1,0.0,0.0,0.0,0.05,0.05,0.71,0,0,0,1,1,8.18,,388,182,278,159,292,157,359,171,,,,,,,0.0,0.0,0.41,0.41,5.81,8.18,71,50,384,186,391,191,299,99,0.0,0.0
Jamaal Lascelles,Newcastle,DEF,4.4,1,1,1.0,0.1,0,0,6,0,0,0,0,0,0,0,0,0,3.0,0.0,0.0,0.3,0.2,0,0.0,0.2,1056,4090,71,171,-0.1,0.1,0.0,0.0,0.0,0.0,0.0,0.13,0,0,2,0,2,30.0,,375,138,506,211,472,198,393,139,,,,,,,0.0,0.0,0.0,0.0,1.95,0.0,519,117,371,128,328,119,542,197,0.0,0.0
Ben Winterburn,Bournemouth,MID,4.5,1,0,1.0,0.1,0,0,6,0,2,0,0,0,0,0,0,0,0.0,0.0,0.0,0.0,0.0,0,0.0,0.2,2964,7068,0,396,0.0,0.0,0.0,0.0,0.0,0.0,0.0,0.31,0,0,0,0,0,0.0,has joined Barnet on loan for the rest of the season.,641,262,635,264,609,254,642,263,,,,,,,0.0,0.0,0.0,0.0,4.65,30.0,500,294,634,260,342,157,559,208,0.0,0.0
Marcus Edwards,Burnley,MID,4.8,1,0,1.0,0.1,0,0,5,0,0,0,0,0,0,0,0,0,0.0,0.0,0.0,0.0,0.0,0,0.0,0.2,2662,6881,571,457,-0.2,0.2,0.0,0.0,0.0,0.0,0.0,0.0,0,0,0,0,0,0.0,,650,269,643,270,618,261,651,270,4.0,,,,,,0.0,0.0,0.0,0.0,0.0,0.0,376,238,641,265,345,160,540,196,0.0,0.0
Jadon Sancho,Aston Villa,MID,5.9,1,1,1.0,0.2,0,0,8,0,0,0,0,0,0,0,0,0,0.8,2.8,7.0,1.1,0.2,0,0.0,0.2,21539,16508,1267,1989,-0.1,0.1,0.0,0.0,0.02,0.04,0.06,0.0,0,0,0,0,0,0.0,,399,188,330,175,274,150,373,181,,,,,,,0.22,0.0,0.45,0.67,0.0,0.0,103,70,383,185,386,188,339,114,0.0,0.0
Merlin Röhl,Everton,MID,5.0,1,0,1.0,0.0,0,0,24,0,0,0,0,0,0,0,0,0,3.0,10.7,1.0,1.5,0.5,0,0.1,0.2,297,172,23,84,0.0,0.0,0.0,0.0,0.03,0.0,0.03,0.0,0,2,0,1,3,11.25,Hip injury - 75% chance of playing,376,179,277,158,339,180,366,176,,,,,,,0.11,0.0,0.0,0.11,0.0,0.0,297,182,326,162,362,172,718,314,0.0,0.0
Kevin Kevin,Fulham,MID,6.0,1,0,0.5,0.1,0,0,37,0,0,0,0,0,0,1,0,0,13.6,19.8,7.0,4.0,0.5,0,0.1,0.2,18452,4165,1035,1903,0.0,0.0,0.0,0.0,0.01,0.07,0.08,0.2,0,0,1,2,3,7.3,,315,147,210,132,276,151,315,157,,,,,,,0.02,0.0,0.17,0.19,0.49,0.0,94,63,334,167,408,196,446,146,0.0,0.0
Freddie Potts,West Ham,MID,4.4,1,0,1.0,0.7,0,0,45,0,2,0,0,0,0,0,0,0,6.2,2.2,2.0,1.0,0.0,0,0.0,0.2,43569,42974,3234,3714,-0.1,0.1,0.0,0.0,0.0,0.0,0.0,1.12,0,1,1,2,4,8.0,,352,166,338,177,322,169,374,182,,,,,,,0.0,0.0,0.0,0.0,2.24,4.0,560,309,531,192,334,155,200,69,0.0,0.0
Tyler Dibling,Everton,MID,5.5,1,1,1.0,0.0,0,0,4,0,0,0,0,0,0,0,0,0,0.0,0.5,0.0,0.0,0.3,0,0.1,0.2,3054,1629,122,188,0.0,0.0,0.0,0.0,0.0,0.0,0.0,0.0,0,0,0,0,0,0.0,,724,317,365,188,723,318,725,318,,,,,,,0.0,0.0,0.0,0.0,0.0,0.0,165,102,363,177,380,184,647,274,0.0,0.0
Kai Havertz,Arsenal,FWD,7.3,1,0,1.0,0.4,0,0,30,0,0,0,0,0,0,0,0,0,2.8,0.8,2.0,0.6,0.0,0,0.0,0.1,8412,102701,52,1051,-0.2,0.2,0.0,0.0,0.0,0.01,0.01,0.82,0,0,1,2,3,9.0,Knee injury - Unknown return date,378,35,359,39,338,42,389,41,,,,,,,0.0,0.0,0.03,0.03,2.46,0.0,28,11,737,81,395,45,277,47,0.0,0.0
Anthony Gordon,Newcastle,MID,7.4,1,0,0.5,0.9,0,0,137,1,3,0,0,0,0,0,1,0,5.4,24.2,86.0,11.3,-0.5,0,-0.1,0.1,128886,240209,8217,3781,-0.1,0.1,0.0,0.0,1.03,0.05,1.08,0.27,2,0,0,7,7,4.6,,359,170,186,120,30,15,166,87,3.0,,,,3.0,,0.68,0.0,0.03,0.71,0.18,1.97,27,17,741,328,409,197,186,63,1.31,0.66
Romain Esse,Crystal Palace,MID,4.8,1,0,1.0,0.2,0,0,24,0,0,0,0,0,0,0,0,0,4.6,0.4,2.0,0.7,0.2,0,0.0,0.2,5837,15612,654,921,-0.2,0.2,-0.1,0.1,0.0,0.01,0.01,0.27,0,2,0,0,2,7.5,,363,173,367,189,326,171,382,184,,,,,,,0.0,0.0,0.04,0.04,1.01,0.0,382,241,375,182,348,163,393,132,0.0,0.0
João Pedro Jota,Nott'm Forest,MID,5.4,1,0,1.0,0.1,0,0,11,0,0,0,0,0,0,0,0,0,5.0,0.5,4.0,1.0,0.0,0,0.0,0.2,1029,6972,0,389,-0.1,0.1,0.0,0.0,0.0,0.0,0.0,0.0,0,2,1,0,3,24.55,has joined Besiktas on loan for the rest of the season.,362,172,364,187,314,166,375,183,,,,,,,0.0,0.0,0.0,0.0,0.0,0.0,204,127,709,308,375,181,555,204,0.0,0.0
Sam Byram,Leeds,DEF,3.9,1,0,1.0,0.2,0,0,7,0,1,0,0,0,0,0,0,0,0.0,0.0,0.0,0.0,0.0,0,0.0,0.3,7742,10570,4438,1135,-0.1,0.1,0.0,0.0,0.0,0.0,0.0,0.79,0,0,0,0,0,0.0,,404,144,382,139,342,120,406,144,,,,,,,0.0,0.0,0.0,0.0,10.16,12.86,717,222,387,133,314,107,337,121,0.0,0.0
Ayden Heaven,Man Utd,DEF,3.9,1,0,1.0,1.2,0,0,3,0,0,0,0,0,0,0,0,0,2.0,0.0,0.0,0.2,0.2,0,0.1,0.3,28615,64169,6452,4356,-0.1,0.1,0.0,0.0,0.0,0.0,0.0,0.03,0,0,1,0,1,30.0,,382,139,403,159,363,140,395,140,,,,,,,0.0,0.0,0.0,0.0,0.9,0.0,738,242,368,125,315,108,172,64,0.0,0.0
Armando Broja,Burnley,FWD,5.4,1,0,1.0,0.1,0,0,1,0,1,0,0,0,0,0,0,0,2.0,0.1,0.0,0.2,0.3,0,0.1,0.2,5956,17587,276,733,-0.1,0.1,0.0,0.0,0.0,0.0,0.0,0.94,0,0,1,0,1,90.0,,387,40,377,42,702,72,401,44,,,,,,,0.0,0.0,0.0,0.0,84.6,90.0,194,45,362,37,373,37,410,60,0.0,0.0
Lewis Cook,Bournemouth,MID,4.9,1,0,1.0,0.0,0,0,4,0,0,0,0,0,0,0,0,0,2.0,0.1,0.0,0.2,0.3,0,0.1,0.2,1159,1122,253,154,-0.1,0.1,0.0,0.0,0.0,0.0,0.0,0.0,0,0,1,0,1,22.5,,384,181,374,191,627,266,399,190,2.0,,,,,,0.0,0.0,0.0,0.0,0.0,0.0,315,195,351,170,349,164,660,281,0.0,0.0
Bradley Burrowes,Aston Villa,MID,4.5,1,0,1.0,0.1,0,0,16,0,1,0,0,0,0,0,0,0,0.0,0.3,0.0,0.0,0.3,0,0.1,0.2,5780,3151,276,336,0.0,0.0,0.0,0.0,0.0,0.0,0.0,0.9,0,0,0,1,1,5.62,,647,267,369,190,615,259,648,268,,,,,,,0.0,0.0,0.0,0.0,5.06,5.62,510,301,349,169,344,159,512,179,0.0,0.0
Shurandy Sambo,Burnley,DEF,4.0,0,0,0.0,0.1,0,0,0,0,0,0,0,0,0,0,0,0,0.0,0.0,0.0,0.0,0.0,0,0.0,0.0,202,7249,0,187,0.0,0.0,0.0,0.0,0.0,0.0,0.0,0.0,0,0,0,0,0,0.0,Has joined Sparta Rotterdam on loan for the rest of the season.,462,177,445,175,407,158,464,177,,,,,,,0.0,0.0,0.0,0.0,0.0,0.0,652,178,446,167,468,174,549,201,0.0,0.0
Darko Churlinov,Burnley,MID,4.9,0,0,0.0,0.0,0,0,0,0,0,0,0,0,0,0,0,0,0.0,0.0,0.0,0.0,0.0,0,0.0,0.0,160,1656,0,58,-0.1,0.1,0.0,0.0,0.0,0.0,0.0,0.0,0,0,0,0,0,0.0,has joined Kocaelispor  permanently.,668,279,661,280,641,275,669,280,,,,,,,0.0,0.0,0.0,0.0,0.0,0.0,342,213,660,275,671,281,665,282,0.0,0.0
Alan Browne,Sunderland,MID,4.5,0,0,0.0,0.1,0,0,0,0,0,0,0,0,0,0,0,0,0.0,0.0,0.0,0.0,0.0,0,0.0,0.0,1291,6983,0,333,0.0,0.0,0.0,0.0,0.0,0.0,0.0,0.0,0,0,0,0,0,0.0,has joined Middlesbrough on loan for the rest of the season.,579,216,567,218,539,207,581,217,,,,,,,0.0,0.0,0.0,0.0,0.0,0.0,404,244,570,213,585,223,562,209,0.0,0.0
Enock Boateng,Burnley,MID,4.9,0,0,0.0,0.0,0,0,0,0,0,0,0,0,0,0,0,0,0.0,0.0,0.0,0.0,0.0,0,0.0,0.0,866,3264,56,162,-0.1,0.1,0.0,0.0,0.0,0.0,0.0,0.0,0,0,0,0,0,0.0,,679,287,674,289,654,283,680,288,,,,,,,0.0,0.0,0.0,0.0,0.0,0.0,371,234,672,284,682,289,587,229,0.0,0.0
Milan Aleksić,Sunderland,MID,4.9,0,0,0.0,0.0,0,0,0,0,0,0,0,0,0,0,0,0,0.0,0.0,0.0,0.0,0.0,0,0.0,0.0,295,2596,0,116,-0.1,0.1,0.0,0.0,0.0,0.0,0.0,0.0,0,0,0,0,0,0.0,has joined Cracovia on loan for the rest of the season.,681,289,676,291,656,285,682,290,,,,,,,0.0,0.0,0.0,0.0,0.0,0.0,373,236,674,286,684,291,645,272,0.0,0.0
Manuel Benson,Burnley,MID,5.4,0,0,0.0,0.0,0,0,0,0,0,0,0,0,0,0,0,0,0.0,0.0,0.0,0.0,0.0,0,0.0,0.0,1070,1906,85,144,-0.1,0.1,0.0,0.0,0.0,0.0,0.0,0.0,0,0,0,0,0,0.0,has joined Swansea City on loan for the rest of the season.,707,306,708,308,697,305,708,307,,,,,,,0.0,0.0,0.0,0.0,0.0,0.0,178,111,702,304,710,308,638,267,0.0,0.0
Romaine Mundle,Sunderland,MID,4.9,0,0,0.0,0.0,0,0,0,0,0,0,0,0,0,0,0,0,0.0,0.0,0.0,0.0,0.0,0,0.0,0.0,108,621,6,12,-0.1,0.1,0.0,0.0,0.0,0.0,0.0,0.0,0,0,0,0,0,0.0,Hamstring injury - Expected back 18 Oct,674,284,668,285,648,280,675,285,3.0,,3.0,,,,0.0,0.0,0.0,0.0,0.0,0.0,351,219,667,281,677,286,722,316,0.0,0.0
Nectarios Triantis,Sunderland,MID,4.4,0,0,0.0,0.1,0,0,0,0,0,0,0,0,0,0,0,0,0.0,0.0,0.0,0.0,0.0,0,0.0,0.0,2951,4184,327,323,-0.1,0.1,0.0,0.0,0.0,0.0,0.0,0.0,0,0,0,0,0,0.0,has joined Minnesota United permanently.,550,201,535,203,505,192,552,202,,,,,,,0.0,0.0,0.0,0.0,0.0,0.0,570,315,540,198,556,208,527,187,0.0,0.0
Ian Poveda,Sunderland,MID,4.9,0,0,0.0,0.0,0,0,0,0,0,0,0,0,0,0,0,0,0.0,0.0,0.0,0.0,0.0,0,0.0,0.0,188,1384,8,45,-0.1,0.1,0.0,0.0,0.0,0.0,0.0,0.0,0,0,0,0,0,0.0,,663,277,655,277,634,272,664,278,,,,,,,0.0,0.0,0.0,0.0,0.0,0.0,329,206,655,273,666,279,646,273,0.0,0.0
Jay Matete,Sunderland,MID,4.4,0,0,0.0,0.2,0,0,0,0,0,0,0,0,0,0,0,0,0.0,0.0,0.0,0.0,0.0,0,0.0,0.0,10702,15015,1063,979,-0.1,0.1,0.0,0.0,0.0,0.0,0.0,0.0,0,0,0,0,0,0.0,,545,198,530,200,500,189,547,199,,,,,,,0.0,0.0,0.0,0.0,0.0,0.0,565,312,535,195,551,205,338,113,0.0,0.0
Harrison H.Jones,Sunderland,MID,4.4,0,0,0.0,0.1,0,0,0,0,0,0,0,0,0,0,0,0,0.0,0.0,0.0,0.0,0.0,0,0.0,0.0,2006,3626,233,221,-0.1,0.1,0.0,0.0,0.0,0.0,0.0,0.0,0,0,0,0,0,0.0,,560,206,546,208,516,197,562,207,,,,,,,0.0,0.0,0.0,0.0,0.0,0.0,583,320,550,203,566,213,554,203,0.0,0.0
Axel Tuanzebe,Burnley,DEF,3.9,0,0,0.0,1.9,0,0,0,0,0,0,0,0,0,0,0,0,0.0,0.0,0.0,0.0,0.0,0,0.0,0.0,69540,110968,4572,6066,-0.1,0.1,0.0,0.0,0.0,0.0,0.0,0.0,0,0,0,0,0,0.0,,405,145,383,140,343,121,407,145,,,,,,,0.0,0.0,0.0,0.0,0.0,0.0,718,223,388,134,411,142,134,52,0.0,0.0
Abdoullah Ba,Sunderland,MID,4.4,0,0,0.0,0.2,0,0,0,0,0,0,0,0,0,0,0,0,0.0,0.0,0.0,0.0,0.0,0,0.0,0.0,9803,15686,671,902,-0.1,0.1,0.0,0.0,0.0,0.0,0.0,0.0,0,0,0,0,0,0.0,,541,195,526,197,495,186,543,196,,,,,,,0.0,0.0,0.0,0.0,0.0,0.0,557,308,530,191,547,202,352,117,0.0,0.0
Pierre Ekwah,Sunderland,MID,4.5,0,0,0.0,0.0,0,0,0,0,0,0,0,0,0,0,0,0,0.0,0.0,0.0,0.0,0.0,0,0.0,0.0,0,1406,0,35,0.0,0.0,0.0,0.0,0.0,0.0,0.0,0.0,0,0,0,0,0,0.0,Has joined AS Saint-Etienne permanently.,593,224,585,226,559,216,595,225,,,,,,,0.0,0.0,0.0,0.0,0.0,0.0,435,253,585,222,599,231,703,304,0.0,0.0
Jaydee Canvot,Crystal Palace,DEF,4.5,0,0,0.0,0.0,0,0,0,0,0,0,0,0,0,0,0,0,0.0,0.0,0.0,0.0,0.0,0,0.0,0.0,330,150,55,49,0.0,0.0,0.0,0.0,0.0,0.0,0.0,0.0,0,0,0,0,0,0.0,,649,234,642,234,617,226,650,234,,,,,,,0.0,0.0,0.0,0.0,0.0,0.0,512,113,640,231,653,233,719,241,0.0,0.0
John Victor John,Nott'm Forest,GKP,4.0,0,0,0.0,0.4,0,0,0,0,0,0,0,0,0,0,0,0,0.0,0.0,0.0,0.0,0.0,0,0.0,0.0,29496,4867,5908,1460,0.0,0.0,0.0,0.0,0.0,0.0,0.0,0.0,0,0,0,0,0,0.0,,450,45,433,28,395,21,452,45,,,,,,,0.0,0.0,0.0,0.0,0.0,0.0,637,58,433,44,456,45,286,40,0.0,0.0
Timothée Pembele,Sunderland,DEF,3.9,0,0,0.0,0.3,0,0,0,0,0,0,0,0,0,0,0,0,0.0,0.0,0.0,0.0,0.0,0,0.0,0.0,15572,8848,11149,1603,-0.1,0.1,0.0,0.0,0.0,0.0,0.0,0.0,0,0,0,0,0,0.0,,412,152,390,147,350,128,414,152,,,,,,,0.0,0.0,0.0,0.0,0.0,0.0,725,230,395,141,418,149,300,109,0.0,0.0
Willy Boly,Nott'm Forest,DEF,3.9,0,0,0.0,0.5,0,0,0,0,0,0,0,0,0,0,0,0,0.0,0.0,0.0,0.0,0.0,0,0.0,0.0,11131,20452,4677,1526,-0.1,0.1,0.0,0.0,0.0,0.0,0.0,0.0,0,0,0,0,0,0.0,,403,143,381,138,341,119,405,143,,,,,,,0.0,0.0,0.0,0.0,0.0,0.0,716,221,386,132,410,141,250,94,0.0,0.0
Zeki Amdouni,Burnley,FWD,4.9,0,0,0.0,0.0,0,0,0,0,0,0,0,0,0,0,0,0,0.0,0.0,0.0,0.0,0.0,0,0.0,0.0,388,4024,32,84,-0.1,0.1,0.0,0.0,0.0,0.0,0.0,0.0,0,0,0,0,0,0.0,Knee injury - Unknown return date,676,70,670,70,651,67,677,70,,,,,,,0.0,0.0,0.0,0.0,0.0,0.0,361,58,669,68,679,71,636,77,0.0,0.0
Marko Stamenic,Nott'm Forest,MID,4.5,0,0,0.0,0.0,0,0,0,0,0,0,0,0,0,0,0,0,0.0,0.0,0.0,0.0,0.0,0,0.0,0.0,245,4575,0,98,0.0,0.0,0.0,0.0,0.0,0.0,0.0,0.0,0,0,0,0,0,0.0,Has joined Swansea City permanently.,603,233,596,235,571,225,605,234,,,,,,,0.0,0.0,0.0,0.0,0.0,0.0,452,263,595,231,609,240,634,264,0.0,0.0
Eric Da Silva Moreira,Nott'm Forest,MID,4.5,0,0,0.0,0.1,0,0,0,0,0,0,0,0,0,0,0,0,0.0,0.0,0.0,0.0,0.0,0,0.0,0.0,1896,12109,0,550,0.0,0.0,0.0,0.0,0.0,0.0,0.0,0.0,0,0,0,0,0,0.0,has joined Rio Ave on loan for the rest of the season.,623,250,617,252,591,242,624,251,,,,,,,0.0,0.0,0.0,0.0,0.0,0.0,480,281,616,248,630,257,490,165,0.0,0.0
Ashley Barnes,Burnley,FWD,4.4,0,0,0.0,1.6,0,0,0,0,0,0,0,0,0,0,0,0,0.0,0.0,0.0,0.0,0.0,0,0.0,0.0,55574,141009,4392,7667,-0.1,0.1,0.0,0.0,0.0,0.0,0.0,0.0,0,0,0,0,0,0.0,,519,45,502,45,467,43,521,46,,,,,1.0,,0.0,0.0,0.0,0.0,0.0,0.0,513,68,505,44,524,47,146,21,0.0,0.0
Lewis O'Brien,Nott'm Forest,MID,5.0,0,0,0.0,0.0,0,0,0,0,0,0,0,0,0,0,0,0,0.0,0.0,0.0,0.0,0.0,0,0.0,0.0,0,100,0,0,0.0,0.0,0.0,0.0,0.0,0.0,0.0,0.0,0,0,0,0,0,0.0,Has joined Wrexham permanently.,685,292,686,294,669,289,686,293,,,,,,,0.0,0.0,0.0,0.0,0.0,0.0,270,165,678,289,688,294,738,326,0.0,0.0
Nicolás Dominguez,Nott'm Forest,MID,5.0,0,0,0.0,0.0,0,0,0,0,0,0,0,0,0,0,0,0,0.0,0.0,0.0,0.0,0.0,0,0.0,0.0,106,140,9,9,0.0,0.0,0.0,0.0,0.0,0.0,0.0,0.0,0,0,0,0,0,0.0,Knee injury - Expected back 05 Oct,686,293,687,295,670,290,687,294,,,,,,,0.0,0.0,0.0,0.0,0.0,0.0,273,166,679,290,689,295,735,323,0.0,0.0
Michael Obafemi,Burnley,FWD,4.4,0,0,0.0,0.2,0,0,0,0,0,0,0,0,0,0,0,0,0.0,0.0,0.0,0.0,0.0,0,0.0,0.0,4151,27922,0,1228,-0.1,0.1,0.0,0.0,0.0,0.0,0.0,0.0,0,0,0,0,0,0.0,has joined VfL Bochum  on loan for the rest of the season.,531,46,516,46,482,44,533,47,,,,,,,0.0,0.0,0.0,0.0,0.0,0.0,536,69,518,45,536,48,348,56,0.0,0.0
Zach Abbott,Nott'm Forest,DEF,3.9,0,0,0.0,0.2,0,0,0,0,0,0,0,0,0,0,0,0,0.0,0.0,0.0,0.0,0.0,0,0.0,0.0,2869,8036,849,471,-0.1,0.1,-0.1,0.1,0.0,0.0,0.0,0.0,0,0,0,0,0,0.0,,418,158,396,153,356,134,420,158,,,,,,,0.0,0.0,0.0,0.0,0.0,0.0,731,236,401,147,424,155,379,139,0.0,0.0
Luke O'Nien,Sunderland,DEF,4.0,0,0,0.0,0.0,0,0,0,0,0,0,0,0,0,0,0,0,0.0,0.0,0.0,0.0,0.0,0,0.0,0.0,421,1136,16,77,0.0,0.0,0.0,0.0,0.0,0.0,0.0,0.0,0,0,0,0,0,0.0,Shoulder injury - Expected back 04 Oct,444,169,425,165,387,148,446,169,,,,,4.0,,0.0,0.0,0.0,0.0,0.0,0.0,626,162,427,158,450,166,656,221,0.0,0.0
Omar O.Richards,Nott'm Forest,DEF,4.5,0,0,0.0,0.0,0,0,0,0,0,0,0,0,0,0,0,0,0.0,0.0,0.0,0.0,0.0,0,0.0,0.0,345,3113,0,139,0.0,0.0,0.0,0.0,0.0,0.0,0.0,0.0,0,0,0,0,0,0.0,has joined Rio Ave on loan for the rest of the season.,581,227,571,226,544,218,583,227,,,,,,,0.0,0.0,0.0,0.0,0.0,0.0,412,84,572,222,587,224,631,216,0.0,0.0
Jair Jair Cunha,Nott'm Forest,DEF,4.4,0,0,0.0,0.1,0,0,0,0,0,0,0,0,0,0,0,0,0.0,0.0,0.0,0.0,0.0,0,0.0,0.0,957,4063,57,219,-0.1,0.1,0.0,0.0,0.0,0.0,0.0,0.0,0,0,0,0,0,0.0,,565,225,551,224,522,215,567,225,,,,,,,0.0,0.0,0.0,0.0,0.0,0.0,590,153,555,220,571,222,547,200,0.0,0.0
David David Carmo,Nott'm Forest,DEF,4.5,0,0,0.0,0.0,0,0,0,0,0,0,0,0,0,0,0,0,0.0,0.0,0.0,0.0,0.0,0,0.0,0.0,427,3345,0,142,0.0,0.0,0.0,0.0,0.0,0.0,0.0,0.0,0,0,0,0,0,0.0,has joined Real Oviedo on loan for the rest of the season.,592,230,583,230,557,222,594,230,,,,,,,0.0,0.0,0.0,0.0,0.0,0.0,433,96,584,225,598,227,624,214,0.0,0.0
Norberto Neto,Bournemouth,GKP,4.5,0,0,0.0,0.1,0,0,0,0,0,0,0,0,0,0,0,0,0.0,0.0,0.0,0.0,0.0,0,0.0,0.0,0,12275,0,371,0.0,0.0,0.0,0.0,0.0,0.0,0.0,0.0,0,0,0,0,0,0.0,Has joined Botafogo permanently.,576,80,562,65,533,58,578,80,,,,,,,0.0,0.0,0.0,0.0,0.0,0.0,391,20,566,79,582,80,484,76,0.0,0.0
Will Dennis,Bournemouth,GKP,4.0,0,0,0.0,1.1,0,0,0,0,0,0,0,0,0,0,0,0,0.0,0.0,0.0,0.0,0.0,0,0.0,0.0,30852,28307,2223,2290,0.0,0.0,0.0,0.0,0.0,0.0,0.0,0.0,0,0,0,0,0,0.0,,460,50,443,33,405,26,462,50,,,,,,,0.0,0.0,0.0,0.0,0.0,0.0,650,63,444,49,466,50,178,25,0.0,0.0
Callan McKenna,Bournemouth,GKP,4.0,0,0,0.0,0.2,0,0,0,0,0,0,0,0,0,0,0,0,0.0,0.0,0.0,0.0,0.0,0,0.0,0.0,4446,5296,307,423,0.0,0.0,0.0,0.0,0.0,0.0,0.0,0.0,0,0,0,0,0,0.0,,505,71,488,54,452,47,507,71,,,,,,,0.0,0.0,0.0,0.0,0.0,0.0,703,84,490,70,511,71,355,53,0.0,0.0
Alex Paulsen,Bournemouth,GKP,4.0,0,0,0.0,0.1,0,0,0,0,0,0,0,0,0,0,0,0,0.0,0.0,0.0,0.0,0.0,0,0.0,0.0,1107,6020,0,317,0.0,0.0,0.0,0.0,0.0,0.0,0.0,0.0,0,0,0,0,0,0.0,Has joined Lechia Gdansk on loan for the rest of the season.,482,64,465,47,428,40,484,64,,,,,,,0.0,0.0,0.0,0.0,0.0,0.0,677,77,466,63,488,64,483,75,0.0,0.0
Taiwo Awoniyi,Nott'm Forest,FWD,5.3,0,0,0.0,0.4,0,0,0,0,0,0,0,0,0,0,0,0,0.0,0.0,0.0,0.0,0.0,0,0.0,0.0,14367,52544,1053,2589,-0.2,0.2,0.0,0.0,0.0,0.0,0.0,0.0,0,0,0,0,0,0.0,,703,73,704,74,690,71,704,73,,,,,,,0.0,0.0,0.0,0.0,0.0,0.0,220,48,696,71,706,74,252,40,0.0,0.0
Mike Trésor,Burnley,MID,4.4,0,0,0.0,0.1,0,0,0,0,0,0,0,0,0,0,0,0,0.0,0.0,0.0,0.0,0.0,0,0.0,0.0,2999,4425,933,405,-0.1,0.1,0.0,0.0,0.0,0.0,0.0,0.0,0,0,0,0,0,0.0,,537,192,522,194,489,183,539,193,,,,,,,0.0,0.0,0.0,0.0,0.0,0.0,549,305,525,188,543,199,526,186,0.0,0.0
Angus Gunn,Nott'm Forest,GKP,4.0,0,0,0.0,1.7,0,0,0,0,0,0,0,0,0,0,0,0,0.0,0.0,0.0,0.0,0.0,0,0.0,0.0,21346,36510,1265,2372,0.0,0.0,0.0,0.0,0.0,0.0,0.0,0.0,0,0,0,0,0,0.0,,437,36,418,19,380,12,439,36,,,,,,,0.0,0.0,0.0,0.0,0.0,0.0,619,49,420,35,443,36,140,18,0.0,0.0
Jaydon Banel,Burnley,MID,4.5,0,0,0.0,0.0,0,0,0,0,0,0,0,0,0,0,0,0,0.0,0.0,0.0,0.0,0.0,0,0.0,0.0,2044,2445,231,197,0.0,0.0,0.0,0.0,0.0,0.0,0.0,0.0,0,0,0,0,0,0.0,,616,246,610,248,585,238,618,247,,,,,,,0.0,0.0,0.0,0.0,0.0,0.0,472,277,609,244,623,253,598,239,0.0,0.0
Zak Johnson,Sunderland,DEF,4.0,0,0,0.0,0.2,0,0,0,0,0,0,0,0,0,0,0,0,0.0,0.0,0.0,0.0,0.0,0,0.0,0.0,2721,9102,253,473,0.0,0.0,0.0,0.0,0.0,0.0,0.0,0.0,0,0,0,0,0,0.0,,488,188,471,186,434,170,490,188,,,,,,,0.0,0.0,0.0,0.0,0.0,0.0,683,194,472,178,494,185,372,136,0.0,0.0
Niall Huggins,Sunderland,DEF,4.0,0,0,0.0,0.1,0,0,0,0,0,0,0,0,0,0,0,0,0.0,0.0,0.0,0.0,0.0,0,0.0,0.0,1038,10753,0,443,0.0,0.0,0.0,0.0,0.0,0.0,0.0,0.0,0,0,0,0,0,0.0,has joined Wycombe Wanderers on loan for the rest of the season.,480,183,463,181,426,165,482,183,,,,,,,0.0,0.0,0.0,0.0,0.0,0.0,674,188,464,173,486,180,458,173,0.0,0.0
Leo Fuhr Hjelde,Sunderland,DEF,4.0,0,0,0.0,0.0,0,0,0,0,0,0,0,0,0,0,0,0,0.0,0.0,0.0,0.0,0.0,0,0.0,0.0,193,292,13,12,0.0,0.0,0.0,0.0,0.0,0.0,0.0,0.0,0,0,0,0,0,0.0,Achilles injury - Unknown return date,473,181,456,179,419,163,475,181,,,,,,,0.0,0.0,0.0,0.0,0.0,0.0,665,184,457,171,479,178,723,243,0.0,0.0
Dennis Cirkin,Sunderland,DEF,4.0,0,0,0.0,0.0,0,0,0,0,0,0,0,0,0,0,0,0,0.0,0.0,0.0,0.0,0.0,0,0.0,0.0,188,1484,7,65,0.0,0.0,0.0,0.0,0.0,0.0,0.0,0.0,0,0,0,0,0,0.0,Wrist Injury - Unknown return date,464,179,447,177,409,160,466,179,,,,,,,0.0,0.0,0.0,0.0,0.0,0.0,654,180,448,169,470,176,669,227,0.0,0.0
Joe Anderson,Sunderland,DEF,3.9,0,0,0.0,0.4,0,0,0,0,0,0,0,0,0,0,0,0,0.0,0.0,0.0,0.0,0.0,0,0.0,0.0,13346,21447,5656,1593,-0.1,0.1,0.0,0.0,0.0,0.0,0.0,0.0,0,0,0,0,0,0.0,,408,148,386,143,346,124,410,148,,,,,,,0.0,0.0,0.0,0.0,0.0,0.0,721,226,391,137,414,145,255,95,0.0,0.0
Aji Alese,Sunderland,DEF,4.0,0,0,0.0,0.0,0,0,0,0,0,0,0,0,0,0,0,0,0.0,0.0,0.0,0.0,0.0,0,0.0,0.0,183,315,12,9,0.0,0.0,0.0,0.0,0.0,0.0,0.0,0.0,0,0,0,0,0,0.0,Shoulder injury - 50% chance of playing,449,171,432,169,394,152,451,171,,,,,,,0.0,0.0,0.0,0.0,0.0,0.0,636,169,432,160,455,168,725,244,0.0,0.0
Luca Koleosho,Burnley,MID,5.0,0,0,0.0,0.0,0,0,0,0,0,0,0,0,0,0,0,0,0.0,0.0,0.0,0.0,0.0,0,0.0,0.0,68,2620,0,45,0.0,0.0,0.0,0.0,0.0,0.0,0.0,0.0,0,0,0,0,0,0.0,Has joined Espanyol on loan for the rest of the season.,692,297,693,299,677,294,693,298,,,,,,,0.0,0.0,0.0,0.0,0.0,0.0,287,174,685,294,695,299,673,286,0.0,0.0
Aaron A.Ramsey,Burnley,MID,4.4,0,0,0.0,4.0,0,0,0,0,0,0,0,0,0,0,0,0,0.0,0.0,0.0,0.0,0.0,0,0.0,0.0,62789,640165,0,33122,-0.1,0.1,0.0,0.0,0.0,0.0,0.0,0.0,0,0,0,0,0,0.0,has joined Leicester City on loan for the rest of the season.,539,193,524,195,492,184,541,194,,,,,,,0.0,0.0,0.0,0.0,0.0,0.0,553,306,527,189,545,200,85,25,0.0,0.0
Blondy Nna Noukeu,Sunderland,GKP,4.0,0,0,0.0,0.1,0,0,0,0,0,0,0,0,0,0,0,0,0.0,0.0,0.0,0.0,0.0,0,0.0,0.0,1405,3868,97,259,0.0,0.0,0.0,0.0,0.0,0.0,0.0,0.0,0,0,0,0,0,0.0,,478,63,461,46,424,39,480,63,,,,,,,0.0,0.0,0.0,0.0,0.0,0.0,672,76,462,62,484,63,432,64,0.0,0.0
Simon Moore,Sunderland,GKP,4.0,0,0,0.0,0.4,0,0,0,0,0,0,0,0,0,0,0,0,0.0,0.0,0.0,0.0,0.0,0,0.0,0.0,5887,12977,369,904,0.0,0.0,0.0,0.0,0.0,0.0,0.0,0.0,0,0,0,0,0,0.0,,430,30,411,13,372,6,432,30,,,,,,,0.0,0.0,0.0,0.0,0.0,0.0,611,43,413,29,436,30,256,34,0.0,0.0
Anthony Patterson,Sunderland,GKP,4.4,0,0,0.0,0.2,0,0,0,0,0,0,0,0,0,0,0,0,0.0,0.0,0.0,0.0,0.0,0,0.0,0.0,4617,18002,170,826,-0.1,0.1,0.0,0.0,0.0,0.0,0.0,0.0,0,0,0,0,0,0.0,,532,76,517,60,484,53,534,76,,,,,,,0.0,0.0,0.0,0.0,0.0,0.0,541,34,520,75,538,76,343,52,0.0,0.0
Luis Eduardo Cuiabano,Nott'm Forest,DEF,4.5,0,0,0.0,0.0,0,0,0,0,0,0,0,0,0,0,0,0,0.0,0.0,0.0,0.0,0.0,0,0.0,0.0,25,25,0,2,0.0,0.0,0.0,0.0,0.0,0.0,0.0,0.0,0,0,0,0,0,0.0,has joined Botafogo on loan for the rest of the season.,621,232,615,232,589,224,622,232,,,,,,,0.0,0.0,0.0,0.0,0.0,0.0,478,108,614,229,628,231,740,245,0.0,0.0
Nicolò Savona,Nott'm Forest,DEF,4.5,0,0,0.0,0.0,0,0,53,0,2,0,0,0,0,0,0,0,11.0,11.1,4.0,2.6,0.0,0,0.0,0.0,978,385,63,108,0.0,0.0,0.0,0.0,0.0,0.0,0.0,0.88,0,3,2,0,5,8.49,,326,127,274,93,304,106,349,125,,,,,,,0.0,0.0,0.0,0.0,1.49,3.4,456,103,597,227,611,229,692,233,0.0,0.0
Luís Hemir Luís Hemir,Sunderland,FWD,4.4,0,0,0.0,0.2,0,0,0,0,0,0,0,0,0,0,0,0,0.0,0.0,0.0,0.0,0.0,0,0.0,0.0,5979,10944,694,750,-0.1,0.1,0.0,0.0,0.0,0.0,0.0,0.0,0,0,0,0,0,0.0,has joined Moreirense on loan for the rest of the season.,561,53,547,53,518,51,563,54,,,,,,,0.0,0.0,0.0,0.0,0.0,0.0,586,76,551,52,567,55,391,59,0.0,0.0
Oluwaseun Adewumi,Burnley,MID,4.5,0,0,0.0,0.0,0,0,0,0,0,0,0,0,0,0,0,0,0.0,0.0,0.0,0.0,0.0,0,0.0,0.0,0,2188,0,41,0.0,0.0,0.0,0.0,0.0,0.0,0.0,0.0,0,0,0,0,0,0.0,Has joined Cercle Brugge on loan for the rest of the season.,628,253,622,255,596,245,629,254,,,,,,,0.0,0.0,0.0,0.0,0.0,0.0,485,284,621,251,635,260,687,295,0.0,0.0
Ahmed Abdullahi,Sunderland,FWD,4.4,0,0,0.0,0.4,0,0,0,0,0,0,0,0,0,0,0,0,0.0,0.0,0.0,0.0,0.0,0,0.0,0.0,13937,33365,1164,1726,-0.1,0.1,0.0,0.0,0.0,0.0,0.0,0.0,0,0,0,0,0,0.0,,572,58,558,58,529,56,574,59,,,,,,,0.0,0.0,0.0,0.0,0.0,0.0,597,81,562,57,578,60,261,42,0.0,0.0
Sam Proctor,Aston Villa,GKP,4.0,0,0,0.0,0.3,0,0,0,0,0,0,0,0,0,0,0,0,0.0,0.0,0.0,0.0,0.0,0,0.0,0.0,16965,5234,822,636,0.0,0.0,0.0,0.0,0.0,0.0,0.0,0.0,0,0,0,0,0,0.0,,503,70,486,53,450,46,505,70,,,,,,,0.0,0.0,0.0,0.0,0.0,0.0,701,83,488,69,509,70,326,48,0.0,0.0
Nazarii Rusyn,Sunderland,FWD,4.4,0,0,0.0,0.1,0,0,0,0,0,0,0,0,0,0,0,0,0.0,0.0,0.0,0.0,0.0,0,0.0,0.0,3530,14060,0,626,-0.1,0.1,0.0,0.0,0.0,0.0,0.0,0.0,0,0,0,0,0,0.0,has joined Arka on loan for the rest of the season.,538,47,523,47,490,45,540,48,,,,,,,0.0,0.0,0.0,0.0,0.0,0.0,550,70,526,46,544,49,426,63,0.0,0.0
Bastien Meupiyou,Wolves,DEF,4.0,0,0,0.0,0.0,0,0,0,0,0,0,0,0,0,0,0,0,0.0,0.0,0.0,0.0,0.0,0,0.0,0.0,0,575,0,19,0.0,0.0,0.0,0.0,0.0,0.0,0.0,0.0,0,0,0,0,0,0.0,On loan to FC Alverca,501,198,484,196,448,181,503,198,,,,,,,0.0,0.0,0.0,0.0,0.0,0.0,699,207,486,189,507,195,698,235,0.0,0.0
Andre Harriman-Annous,Arsenal,MID,4.5,0,0,0.0,0.0,0,0,0,0,0,0,0,0,0,0,0,0,0.0,0.0,0.0,0.0,0.0,0,0.0,0.0,679,299,79,55,0.0,0.0,0.0,0.0,0.0,0.0,0.0,0.0,0,0,0,0,0,0.0,,648,268,641,269,616,260,649,269,,,,,,,0.0,0.0,0.0,0.0,0.0,0.0,511,302,639,264,652,272,702,303,0.0,0.0
Piero Hincapie,Arsenal,DEF,5.5,0,0,0.0,0.0,0,0,0,0,0,0,0,0,0,0,0,0,0.0,0.0,0.0,0.0,0.0,0,0.0,0.0,3400,1533,301,350,0.0,0.0,0.0,0.0,0.0,0.0,0.0,0.0,0,0,0,0,0,0.0,,721,245,722,245,720,244,722,245,,,,,,,0.0,0.0,0.0,0.0,0.0,0.0,158,20,718,244,723,245,609,211,0.0,0.0
Matt Doherty,Wolves,DEF,4.4,0,0,0.0,0.1,0,0,180,0,5,0,0,0,0,2,0,0,29.0,7.7,0.0,3.7,0.0,0,0.0,0.0,2591,8744,133,624,-0.1,0.1,0.0,0.0,0.0,0.03,0.03,3.76,2,6,8,8,14,7.0,,252,96,295,98,471,197,321,110,,,,,,,0.0,0.0,0.02,0.02,1.88,2.5,517,115,507,204,526,208,413,155,1.0,0.0
Joe Gauci,Aston Villa,GKP,4.0,0,0,0.0,0.2,0,0,0,0,0,0,0,0,0,0,0,0,0.0,0.0,0.0,0.0,0.0,0,0.0,0.0,0,10254,0,484,0.0,0.0,0.0,0.0,0.0,0.0,0.0,0.0,0,0,0,0,0,0.0,Has joined Port Vale on loan for the rest of the season.,468,54,451,37,413,30,470,54,,,,,,,0.0,0.0,0.0,0.0,0.0,0.0,658,67,452,53,474,54,401,59,0.0,0.0
Daniel Bentley,Wolves,GKP,4.0,0,0,0.0,0.7,0,0,0,0,0,0,0,0,0,0,0,0,0.0,0.0,0.0,0.0,0.0,0,0.0,0.0,7531,16455,580,1200,0.0,0.0,0.0,0.0,0.0,0.0,0.0,0.0,0,0,0,0,0,0.0,,431,31,412,14,373,7,433,31,,,,,,,0.0,0.0,0.0,0.0,0.0,0.0,612,44,414,30,437,31,208,28,0.0,0.0
Filip Marschall,Aston Villa,GKP,4.0,0,0,0.0,0.0,0,0,0,0,0,0,0,0,0,0,0,0,0.0,0.0,0.0,0.0,0.0,0,0.0,0.0,0,779,0,30,0.0,0.0,0.0,0.0,0.0,0.0,0.0,0.0,0,0,0,0,0,0.0,Has joined Stevenage permanently.,467,53,450,36,412,29,469,53,,,,,,,0.0,0.0,0.0,0.0,0.0,0.0,657,66,451,52,473,53,678,81,0.0,0.0
Lukasz Fabianski,West Ham,GKP,4.5,0,0,0.0,0.0,0,0,0,0,0,0,0,0,0,0,0,0,0.0,0.0,0.0,0.0,0.0,0,0.0,0.0,1219,278,219,94,0.0,0.0,0.0,0.0,0.0,0.0,0.0,0.0,0,0,0,0,0,0.0,,575,79,561,64,532,57,577,79,,,,,,,0.0,0.0,0.0,0.0,0.0,0.0,388,19,565,78,581,79,664,80,0.0,0.0
Andrés A.García,Aston Villa,DEF,3.9,0,0,0.0,0.2,0,0,0,0,0,0,0,0,0,0,0,0,0.0,0.0,0.0,0.0,0.0,0,0.0,0.0,6294,15678,329,746,-0.1,0.1,0.0,0.0,0.0,0.0,0.0,0.0,0,0,0,0,0,0.0,Knock - Unknown return date,425,164,404,160,364,141,427,164,,,,,,,0.0,0.0,0.0,0.0,0.0,0.0,739,243,408,153,431,161,366,131,0.0,0.0
Álex Alex Moreno,Aston Villa,DEF,4.0,0,0,0.0,3.9,0,0,0,0,0,0,0,0,0,0,0,0,0.0,0.0,0.0,0.0,0.0,0,0.0,0.0,44476,625783,0,24298,0.0,0.0,0.0,0.0,0.0,0.0,0.0,0.0,0,0,0,0,0,0.0,Has joined Girona permanently.,436,167,417,163,379,146,438,167,,,,,,,0.0,0.0,0.0,0.0,0.0,0.0,618,160,419,156,442,164,88,35,0.0,0.0
Callum Marshall,West Ham,FWD,4.4,0,0,0.0,0.7,0,0,0,0,0,0,0,0,0,0,0,0,0.0,0.0,0.0,0.0,0.0,0,0.0,0.0,30205,45389,2246,3003,-0.1,0.1,0.0,0.0,0.0,0.0,0.0,0.0,0,0,0,0,0,0.0,,564,54,550,54,521,52,566,55,,,,,,,0.0,0.0,0.0,0.0,0.0,0.0,589,77,554,53,570,56,204,33,0.0,0.0
Lino Sousa,Aston Villa,DEF,4.0,0,0,0.0,0.3,0,0,0,0,0,0,0,0,0,0,0,0,0.0,0.0,0.0,0.0,0.0,0,0.0,0.0,9018,14095,618,933,0.0,0.0,0.0,0.0,0.0,0.0,0.0,0.0,0,0,0,0,0,0.0,,487,187,470,185,433,169,489,187,,,,,,,0.0,0.0,0.0,0.0,0.0,0.0,682,193,471,177,493,184,296,108,0.0,0.0
Yasin Yasin,Aston Villa,DEF,4.0,0,0,0.0,0.2,0,0,0,0,0,0,0,0,0,0,0,0,0.0,0.0,0.0,0.0,0.0,0,0.0,0.0,4656,9521,303,583,0.0,0.0,0.0,0.0,0.0,0.0,0.0,0.0,0,0,0,0,0,0.0,has joined Anderlecht on loan for the rest of the season.,509,204,492,202,456,187,511,204,,,,,,,0.0,0.0,0.0,0.0,0.0,0.0,708,214,494,195,514,200,359,128,0.0,0.0
Lewis Orford,West Ham,MID,4.4,0,0,0.0,0.1,0,0,0,0,0,0,0,0,0,0,0,0,0.0,0.0,0.0,0.0,0.0,0,0.0,0.0,1052,8203,0,357,-0.1,0.1,0.0,0.0,0.0,0.0,0.0,0.0,0,0,0,0,0,0.0,has joined Stevenage on loan for the rest of the season.,552,202,538,204,508,193,554,203,,,,,,,0.0,0.0,0.0,0.0,0.0,0.0,575,316,542,199,558,209,493,168,0.0,0.0
George Earthy,West Ham,MID,4.5,0,0,0.0,0.1,0,0,0,0,0,0,0,0,0,0,0,0,0.0,0.0,0.0,0.0,0.0,0,0.0,0.0,1452,4321,202,216,0.0,0.0,0.0,0.0,0.0,0.0,0.0,0.0,0,0,0,0,0,0.0,,600,231,593,233,568,223,602,232,,,,,,,0.0,0.0,0.0,0.0,0.0,0.0,448,261,592,229,606,238,550,200,0.0,0.0
Maxwel Cornet,West Ham,MID,4.9,0,0,0.0,0.0,0,0,0,0,0,0,0,0,0,0,0,0,0.0,0.0,0.0,0.0,0.0,0,0.0,0.0,246,2521,0,118,-0.1,0.1,0.0,0.0,0.0,0.0,0.0,0.0,0,0,0,0,0,0.0,has joined Genoa on loan for the rest of the season.,656,271,649,272,625,264,657,272,,,,,,,0.0,0.0,0.0,0.0,0.0,0.0,312,192,648,267,660,274,648,275,0.0,0.0
Edson Álvarez,West Ham,MID,4.9,0,0,0.0,0.1,0,0,0,0,0,0,0,0,0,0,0,0,0.0,0.0,0.0,0.0,0.0,0,0.0,0.0,1147,13883,0,312,-0.1,0.1,0.0,0.0,0.0,0.0,0.0,0.0,0,0,0,0,0,0.0,Has joined Fenerbahçe on loan for the rest of the season.,662,276,654,276,633,271,663,277,,,,,,,0.0,0.0,0.0,0.0,0.0,0.0,328,205,654,272,665,278,531,190,0.0,0.0
Leon Bailey,Aston Villa,MID,5.5,0,0,0.0,0.1,0,0,0,0,0,0,0,0,0,0,0,0,0.0,0.0,0.0,0.0,0.0,0,0.0,0.0,2168,44549,0,461,0.0,0.0,0.0,0.0,0.0,0.0,0.0,0.0,0,0,0,0,0,0.0,Has joined AS Roma on loan for the rest of the season.,719,314,720,316,717,315,720,315,8.0,,4.0,,,,0.0,0.0,0.0,0.0,0.0,0.0,147,91,716,314,721,316,465,155,0.0,0.0
Samuel Iling Jr,Aston Villa,MID,5.5,0,0,0.0,0.0,0,0,0,0,0,0,0,0,0,0,0,0,0.0,0.0,0.0,0.0,0.0,0,0.0,0.0,1383,2273,121,173,0.0,0.0,0.0,0.0,0.0,0.0,0.0,0.0,0,0,0,0,0,0.0,has joined West Bromwich Albion on loan for the rest of the season,722,316,723,318,721,317,723,317,,,,,,,0.0,0.0,0.0,0.0,0.0,0.0,160,99,719,316,724,318,617,252,0.0,0.0
Ross Barkley,Aston Villa,MID,4.9,0,0,0.0,0.0,0,0,0,0,0,0,0,0,0,0,0,0,0.0,0.0,0.0,0.0,0.0,0,0.0,0.0,271,6576,9,229,-0.1,0.1,0.0,0.0,0.0,0.0,0.0,0.0,0,0,0,0,0,0.0,Personal Reasons - Unknown return date,654,270,647,271,623,263,655,271,,,,,,,0.0,0.0,0.0,0.0,0.0,0.0,309,190,646,266,658,273,603,243,0.0,0.0
Gabriel G.Jesus,Arsenal,FWD,6.5,0,0,0.0,0.0,0,0,0,0,0,0,0,0,0,0,0,0,0.0,0.0,0.0,0.0,0.0,0,0.0,0.0,715,2810,51,111,0.0,0.0,0.0,0.0,0.0,0.0,0.0,0.0,0,0,0,0,0,0.0,Knee injury - Expected back 30 Dec,733,78,733,78,733,78,733,78,,,,,,,0.0,0.0,0.0,0.0,0.0,0.0,54,18,730,76,733,78,600,73,0.0,0.0
Pedro Pedro Lima,Wolves,DEF,4.0,0,0,0.0,0.7,0,0,0,0,0,0,0,0,0,0,0,0,0.0,0.0,0.0,0.0,0.0,0,0.0,0.0,7922,53116,0,2930,0.0,0.0,0.0,0.0,0.0,0.0,0.0,0.0,0,0,0,0,0,0.0,has joined Porto on loan for the rest of the season.,516,210,499,208,463,193,518,210,,,,,,,0.0,0.0,0.0,0.0,0.0,0.0,715,220,501,201,521,206,213,78,0.0,0.0
Lucas Lucas Pires,Burnley,DEF,3.9,0,0,0.0,0.2,0,0,0,0,0,0,0,0,0,0,0,0,0.0,0.0,0.0,0.0,0.0,0,0.0,0.0,6818,7652,801,636,-0.1,0.1,0.0,0.0,0.0,0.0,0.0,0.0,0,0,0,0,0,0.0,,419,159,397,154,357,135,421,159,,,,,,,0.0,0.0,0.0,0.0,0.0,0.0,732,237,402,148,425,156,385,140,0.0,0.0
Alfie Pond,Wolves,DEF,4.0,0,0,0.0,1.1,0,0,0,0,0,0,0,0,0,0,0,0,0.0,0.0,0.0,0.0,0.0,0,0.0,0.0,12726,47955,472,2704,0.0,0.0,0.0,0.0,0.0,0.0,0.0,0.0,0,0,0,0,0,0.0,,490,190,473,188,436,172,492,190,,,,,,,0.0,0.0,0.0,0.0,0.0,0.0,686,197,474,180,496,187,176,65,0.0,0.0
Karl Hein,Arsenal,GKP,4.0,0,0,0.0,0.4,0,0,0,0,0,0,0,0,0,0,0,0,0.0,0.0,0.0,0.0,0.0,0,0.0,0.0,5545,27459,0,1374,0.0,0.0,0.0,0.0,0.0,0.0,0.0,0.0,0,0,0,0,0,0.0,Has joined Werder Bremen on loan for the rest of the season.,469,55,452,38,414,31,471,55,,,,,,,0.0,0.0,0.0,0.0,0.0,0.0,659,68,453,54,475,55,274,37,0.0,0.0
Tommy Setford,Arsenal,GKP,4.0,0,0,0.0,0.2,0,0,0,0,0,0,0,0,0,0,0,0,0.0,0.0,0.0,0.0,0.0,0,0.0,0.0,11357,7952,1248,750,0.0,0.0,0.0,0.0,0.0,0.0,0.0,0.0,0,0,0,0,0,0.0,,499,69,482,52,446,45,501,69,,,,,,,0.0,0.0,0.0,0.0,0.0,0.0,697,82,484,68,505,69,342,51,0.0,0.0
Jakub Kiwior,Arsenal,DEF,5.4,0,0,0.0,0.1,0,0,0,0,0,0,0,0,0,0,0,0,0.0,0.0,0.0,0.0,0.0,0,0.0,0.0,1119,9106,0,308,-0.1,0.1,0.0,0.0,0.0,0.0,0.0,0.0,0,0,0,0,0,0.0,has joined Porto on loan for the rest of the season.,711,244,712,244,703,241,712,244,,,,,,,0.0,0.0,0.0,0.0,0.0,0.0,195,25,707,243,714,244,538,194,0.0,0.0
Nathan Fraser,Wolves,FWD,4.4,0,0,0.0,2.3,0,0,0,0,0,0,0,0,0,0,0,0,0.0,0.0,0.0,0.0,0.0,0,0.0,0.0,114364,147870,10408,10086,-0.1,0.1,0.0,0.0,0.0,0.0,0.0,0.0,0,0,0,0,0,0.0,,554,50,540,50,510,48,556,51,,,,,,,0.0,0.0,0.0,0.0,0.0,0.0,577,73,544,49,560,52,120,17,0.0,0.0
Leon Chiwome,Wolves,FWD,4.5,0,0,0.0,0.0,0,0,0,0,0,0,0,0,0,0,0,0,0.0,0.0,0.0,0.0,0.0,0,0.0,0.0,1944,3590,69,149,0.0,0.0,0.0,0.0,0.0,0.0,0.0,0.0,0,0,0,0,0,0.0,Knee injury - Unknown return date,634,64,628,64,602,61,635,64,,,,,,,0.0,0.0,0.0,0.0,0.0,0.0,492,65,627,62,641,65,613,74,0.0,0.0
Fábio Fábio Silva,Wolves,FWD,4.9,0,0,0.0,0.3,0,0,0,0,0,0,0,0,0,0,0,0,0.0,0.0,0.0,0.0,0.0,0,0.0,0.0,7178,43853,0,1736,-0.1,0.1,0.0,0.0,0.0,0.0,0.0,0.0,0,0,0,0,0,0.0,has joined Borussia Dortmund permanently.,673,68,667,68,647,65,674,68,,,,,,,0.0,0.0,0.0,0.0,0.0,0.0,350,56,666,66,676,69,320,53,0.0,0.0
Brayden Clarke,Arsenal,DEF,4.0,0,0,0.0,0.5,0,0,0,0,0,0,0,0,0,0,0,0,0.0,0.0,0.0,0.0,0.0,0,0.0,0.0,18122,31034,1037,1723,0.0,0.0,0.0,0.0,0.0,0.0,0.0,0.0,0,0,0,0,0,0.0,,502,199,485,197,449,182,504,199,,,,,,,0.0,0.0,0.0,0.0,0.0,0.0,700,208,487,190,508,196,241,88,0.0,0.0
Joe Hodge,Wolves,MID,4.5,0,0,0.0,0.0,0,0,0,0,0,0,0,0,0,0,0,0,0.0,0.0,0.0,0.0,0.0,0,0.0,0.0,0,3953,0,162,0.0,0.0,0.0,0.0,0.0,0.0,0.0,0.0,0,0,0,0,0,0.0,Signed by CD Tondela,586,218,576,220,549,209,588,219,,,,,,,0.0,0.0,0.0,0.0,0.0,0.0,421,246,577,215,592,225,594,235,0.0,0.0
Enso Gonzalez,Wolves,MID,4.4,0,0,0.0,1.7,0,0,0,0,0,0,0,0,0,0,0,0,0.0,0.0,0.0,0.0,0.0,0,0.0,0.0,86665,84021,14205,7933,-0.1,0.1,0.0,0.0,0.0,0.0,0.0,0.0,0,0,0,0,0,0.0,,568,210,554,212,525,201,570,211,,,,,,,0.0,0.0,0.0,0.0,0.0,0.0,593,325,558,207,574,217,139,48,0.0,0.0
Tom Edozie,Wolves,MID,4.4,0,0,0.0,0.4,0,0,0,0,0,0,0,0,0,0,0,0,0.0,0.0,0.0,0.0,0.0,0,0.0,0.0,23074,22589,3138,2171,-0.1,0.1,0.0,0.0,0.0,0.0,0.0,0.0,0,0,0,0,0,0.0,,570,211,556,213,527,202,572,212,,,,,,,0.0,0.0,0.0,0.0,0.0,0.0,595,326,560,208,576,218,258,88,0.0,0.0
Tawanda Chirewa,Wolves,MID,4.4,0,0,0.0,0.3,0,0,0,0,0,0,0,0,0,0,0,0,0.0,0.0,0.0,0.0,0.0,0,0.0,0.0,14378,17821,1859,1497,-0.1,0.1,0.0,0.0,0.0,0.0,0.0,0.0,0,0,0,0,0,0.0,,546,199,531,201,501,190,548,200,,,,,,,0.0,0.0,0.0,0.0,0.0,0.0,566,313,536,196,552,206,303,100,0.0,0.0
Boubacar B.Traore,Wolves,MID,5.0,0,0,0.0,0.0,0,0,0,0,0,0,0,0,0,0,0,0,0.0,0.0,0.0,0.0,0.0,0,0.0,0.0,0,142,0,1,0.0,0.0,0.0,0.0,0.0,0.0,0.0,0.0,0,0,0,0,0,0.0,Has joined FC Metz on loan for the rest of the season.,690,296,691,298,675,293,691,297,,,,,,,0.0,0.0,0.0,0.0,0.0,0.0,283,172,683,293,693,298,737,325,0.0,0.0
Maldini Kacurri,Arsenal,DEF,3.9,0,0,0.0,0.2,0,0,0,0,0,0,0,0,0,0,0,0,0.0,0.0,0.0,0.0,0.0,0,0.0,0.0,10218,10215,2818,939,-0.1,0.1,0.0,0.0,0.0,0.0,0.0,0.0,0,0,0,0,0,0.0,has joined Morecambe on loan for the rest of the season.,423,162,401,157,361,138,425,162,,,,,,,0.0,0.0,0.0,0.0,0.0,0.0,736,240,406,151,429,159,351,127,0.0,0.0
Gonçalo Manuel Guedes,Wolves,MID,5.5,0,0,0.0,0.0,0,0,0,0,0,0,0,0,0,0,0,0,0.0,0.0,0.0,0.0,0.0,0,0.0,0.0,0,709,0,12,0.0,0.0,0.0,0.0,0.0,0.0,0.0,0.0,0,0,0,0,0,0.0,Has joined Real Sociedad permanently.,718,313,719,315,716,314,719,314,,,,,,,0.0,0.0,0.0,0.0,0.0,0.0,143,88,715,313,720,315,727,319,0.0,0.0
Josh Nichols,Arsenal,DEF,3.9,0,0,0.0,0.2,0,0,0,0,0,0,0,0,0,0,0,0,0.0,0.0,0.0,0.0,0.0,0,0.0,0.0,4618,8929,850,532,-0.1,0.1,0.0,0.0,0.0,0.0,0.0,0.0,0,0,0,0,0,0.0,,415,155,393,150,353,131,417,155,,,,,,,0.0,0.0,0.0,0.0,0.0,0.0,728,233,398,144,421,152,386,141,0.0,0.0
Fábio Fábio Vieira,Arsenal,MID,5.4,0,0,0.0,0.0,0,0,0,0,0,0,0,0,0,0,0,0,0.0,0.0,0.0,0.0,0.0,0,0.0,0.0,933,3709,0,137,-0.1,0.1,0.0,0.0,0.0,0.0,0.0,0.0,0,0,0,0,0,0.0,has joined Hamburger on loan for the rest of the season.,710,308,711,310,701,308,711,309,,,,,,,0.0,0.0,0.0,0.0,0.0,0.0,193,121,706,306,713,310,635,265,0.0,0.0
Christian Nørgaard,Arsenal,MID,5.4,0,0,0.0,0.2,0,0,0,0,0,0,0,0,0,0,0,0,0.0,0.0,0.0,0.0,0.0,0,0.0,0.0,2094,48357,200,765,-0.1,0.1,0.0,0.0,0.0,0.0,0.0,0.0,0,0,0,0,0,0.0,,706,305,707,307,696,304,707,306,,,,,,,0.0,0.0,0.0,0.0,0.0,0.0,175,108,701,303,709,307,383,129,0.0,0.0
Ismeal Kabia,Arsenal,MID,4.5,0,0,0.0,0.2,0,0,0,0,0,0,0,0,0,0,0,0,0.0,0.0,0.0,0.0,0.0,0,0.0,0.0,6731,21771,0,983,0.0,0.0,0.0,0.0,0.0,0.0,0.0,0.0,0,0,0,0,0,0.0,has joined Shrewsbury Town on loan for the rest of the season.,633,256,627,258,601,248,634,257,,,,,,,0.0,0.0,0.0,0.0,0.0,0.0,491,288,626,254,640,263,387,131,0.0,0.0
Albert Sambi,Arsenal,MID,4.5,0,0,0.0,0.1,0,0,0,0,0,0,0,0,0,0,0,0,0.0,0.0,0.0,0.0,0.0,0,0.0,0.0,2952,10419,0,417,0.0,0.0,0.0,0.0,0.0,0.0,0.0,0.0,0,0,0,0,0,0.0,has joined Hamburger permanently.,587,219,578,221,552,211,589,220,,,,,,,0.0,0.0,0.0,0.0,0.0,0.0,427,248,579,217,593,226,504,174,0.0,0.0
Enzo Barrenechea,Aston Villa,MID,5.0,0,0,0.0,0.0,0,0,0,0,0,0,0,0,0,0,0,0,0.0,0.0,0.0,0.0,0.0,0,0.0,0.0,0,27,0,1,0.0,0.0,0.0,0.0,0.0,0.0,0.0,0.0,0,0,0,0,0,0.0,Season-long loan to Benfica,693,298,694,300,678,295,694,299,,,,,,,0.0,0.0,0.0,0.0,0.0,0.0,288,175,686,295,696,300,741,328,0.0,0.0
Kaelan Casey,West Ham,DEF,4.0,0,0,0.0,0.1,0,0,0,0,0,0,0,0,0,0,0,0,0.0,0.0,0.0,0.0,0.0,0,0.0,0.0,0,8788,0,270,0.0,0.0,0.0,0.0,0.0,0.0,0.0,0.0,0,0,0,0,0,0.0,Has joined Swansea City on loan for the rest of the season.,491,191,474,189,437,173,493,191,,,,,,,0.0,0.0,0.0,0.0,0.0,0.0,687,198,475,181,497,188,474,178,0.0,0.0
Ollie Scarles,West Ham,DEF,4.4,0,0,0.0,0.0,0,0,0,0,0,0,0,0,0,0,0,0,0.0,0.0,0.0,0.0,0.0,0,0.0,0.0,415,1747,45,89,-0.1,0.1,0.0,0.0,0.0,0.0,0.0,0.0,0,0,0,0,0,0.0,,557,224,543,223,513,213,559,224,,,,,,,0.0,0.0,0.0,0.0,0.0,0.0,580,151,547,219,563,221,615,212,0.0,0.0
Lewis Dobbin,Aston Villa,MID,5.0,0,0,0.0,0.0,0,0,0,0,0,0,0,0,0,0,0,0,0.0,0.0,0.0,0.0,0.0,0,0.0,0.0,889,4544,0,126,0.0,0.0,0.0,0.0,0.0,0.0,0.0,0.0,0,0,0,0,0,0.0,Has joined Preston North End on loan for the rest of the season.,687,294,688,296,672,291,688,295,,,,,,,0.0,0.0,0.0,0.0,0.0,0.0,278,168,680,291,690,296,612,250,0.0,0.0
Travis Patterson,Aston Villa,DEF,4.0,0,0,0.0,0.1,0,0,0,0,0,0,0,0,0,0,0,0,0.0,0.0,0.0,0.0,0.0,0,0.0,0.0,6594,2299,125,352,0.0,0.0,0.0,0.0,0.0,0.0,0.0,0.0,0,0,0,0,0,0.0,,493,193,476,191,440,176,495,193,,,,,,,0.0,0.0,0.0,0.0,0.0,0.0,691,202,478,184,499,190,509,187,0.0,0.0
James Maddison,Spurs,MID,6.9,0,0,0.0,0.1,0,0,0,0,0,0,0,0,0,0,0,0,0.0,0.0,0.0,0.0,0.0,0,0.0,0.0,534,20251,20,267,-0.1,0.1,0.0,0.0,0.0,0.0,0.0,0.0,0,0,0,0,0,0.0,Anterior cruciate ligament - Unknown return date,736,325,736,325,736,325,736,325,4.0,,1.0,,,,0.0,0.0,0.0,0.0,0.0,0.0,43,27,733,324,736,325,422,141,0.0,0.0
Son Son,Spurs,MID,8.5,0,0,0.0,0.1,0,0,0,0,0,0,0,0,0,0,0,0,0.0,0.0,0.0,0.0,0.0,0,0.0,0.0,0,23641,0,196,0.0,0.0,0.0,0.0,0.0,0.0,0.0,0.0,0,0,0,0,0,0.0,Has joined Los Angeles FC permanently.,741,328,741,328,741,328,741,328,,,,,,,0.0,0.0,0.0,0.0,0.0,0.0,10,5,740,327,741,328,415,138,0.0,0.0
Luka Vuskovic,Spurs,DEF,3.9,0,0,0.0,0.6,0,0,0,0,0,0,0,0,0,0,0,0,0.0,0.0,0.0,0.0,0.0,0,0.0,0.0,7334,63444,0,3326,-0.1,0.1,0.0,0.0,0.0,0.0,0.0,0.0,0,0,0,0,0,0.0,has joined Hamburger SV on loan for the rest of the season.,426,165,405,161,365,142,428,165,,,,,,,0.0,0.0,0.0,0.0,0.0,0.0,740,244,409,154,432,162,229,82,0.0,0.0
Takai Takai,Spurs,DEF,4.0,0,0,0.0,0.1,0,0,0,0,0,0,0,0,0,0,0,0,0.0,0.0,0.0,0.0,0.0,0,0.0,0.0,364,5849,27,206,0.0,0.0,0.0,0.0,0.0,0.0,0.0,0.0,0,0,0,0,0,0.0,Foot injury - 50% chance of playing,500,197,483,195,447,180,502,197,,,,,,,0.0,0.0,0.0,0.0,0.0,0.0,698,206,485,188,506,194,539,195,0.0,0.0
Ashley Phillips,Spurs,DEF,4.0,0,0,0.0,0.0,0,0,0,0,0,0,0,0,0,0,0,0,0.0,0.0,0.0,0.0,0.0,0,0.0,0.0,0,1506,0,46,0.0,0.0,0.0,0.0,0.0,0.0,0.0,0.0,0,0,0,0,0,0.0,Has joined Stoke City on loan for the rest of the season.,497,196,480,194,444,179,499,196,,,,,,,0.0,0.0,0.0,0.0,0.0,0.0,695,205,482,187,503,193,668,226,0.0,0.0
Max Weiss,Burnley,GKP,4.4,0,0,0.0,0.1,0,0,0,0,0,0,0,0,0,0,0,0,0.0,0.0,0.0,0.0,0.0,0,0.0,0.0,2357,7723,145,400,-0.1,0.1,0.0,0.0,0.0,0.0,0.0,0.0,0,0,0,0,0,0.0,,551,78,537,63,507,56,553,78,,,,,,,0.0,0.0,0.0,0.0,0.0,0.0,574,37,541,77,557,78,429,63,0.0,0.0
Etienne Green,Burnley,GKP,4.0,0,0,0.0,0.3,0,0,0,0,0,0,0,0,0,0,0,0,0.0,0.0,0.0,0.0,0.0,0,0.0,0.0,4943,17438,0,1285,0.0,0.0,0.0,0.0,0.0,0.0,0.0,0.0,0,0,0,0,0,0.0,has joined FC Fredericia permanently.,477,62,460,45,423,38,479,62,,,,,,,0.0,0.0,0.0,0.0,0.0,0.0,671,75,461,61,483,62,304,44,0.0,0.0
Radu Dragusin,Spurs,DEF,4.5,0,0,0.0,0.0,0,0,0,0,0,0,0,0,0,0,0,0,0.0,0.0,0.0,0.0,0.0,0,0.0,0.0,203,343,14,23,0.0,0.0,0.0,0.0,0.0,0.0,0.0,0.0,0,0,0,0,0,0.0,Knee injury - Unknown return date,602,231,595,231,570,223,604,231,,,,,,,0.0,0.0,0.0,0.0,0.0,0.0,450,100,594,226,608,228,720,242,0.0,0.0
Ben Davies,Spurs,DEF,4.4,0,0,0.0,0.1,0,0,0,0,0,0,0,0,0,0,0,0,0.0,0.0,0.0,0.0,0.0,0,0.0,0.0,1795,5379,108,331,-0.1,0.1,0.0,0.0,0.0,0.0,0.0,0.0,0,0,0,0,0,0.0,,526,216,511,215,477,202,528,216,,,,,,,0.0,0.0,0.0,0.0,0.0,0.0,525,122,512,208,531,212,489,182,0.0,0.0
Václav Hladký,Burnley,GKP,4.0,0,0,0.0,0.2,0,0,0,0,0,0,0,0,0,0,0,0,0.0,0.0,0.0,0.0,0.0,0,0.0,0.0,3906,6618,294,558,0.0,0.0,0.0,0.0,0.0,0.0,0.0,0.0,0,0,0,0,0,0.0,,429,29,408,10,368,3,431,29,,,,,,,0.0,0.0,0.0,0.0,0.0,0.0,607,40,412,28,435,29,381,57,0.0,0.0
Connor Roberts,Burnley,DEF,4.4,0,0,0.0,0.0,0,0,0,0,0,0,0,0,0,0,0,0,0.0,0.0,0.0,0.0,0.0,0,0.0,0.0,585,6435,9,156,-0.1,0.1,0.0,0.0,0.0,0.0,0.0,0.0,0,0,0,0,0,0.0,Knock - 25% chance of playing,528,217,513,216,479,203,530,217,,,,,,,0.0,0.0,0.0,0.0,0.0,0.0,530,126,514,209,533,213,589,209,0.0,0.0
Antonín Kinsky,Spurs,GKP,4.0,0,0,0.0,1.5,0,0,0,0,0,0,0,0,0,0,0,0,0.0,0.0,0.0,0.0,0.0,0,0.0,0.0,7641,63073,327,4812,0.0,0.0,0.0,0.0,0.0,0.0,0.0,0.0,0,0,0,0,0,0.0,,476,61,459,44,422,37,478,61,,,,,,,0.0,0.0,0.0,0.0,0.0,0.0,670,74,460,60,482,61,157,22,0.0,0.0
Brandon Austin,Spurs,GKP,4.0,0,0,0.0,0.3,0,0,0,0,0,0,0,0,0,0,0,0,0.0,0.0,0.0,0.0,0.0,0,0.0,0.0,2547,8394,178,547,0.0,0.0,0.0,0.0,0.0,0.0,0.0,0.0,0,0,0,0,0,0.0,,448,44,430,27,392,20,450,44,,,,,,,0.0,0.0,0.0,0.0,0.0,0.0,634,57,431,43,454,44,331,49,0.0,0.0
Hannes Delcroix,Burnley,DEF,3.9,0,0,0.0,0.2,0,0,0,0,0,0,0,0,0,0,0,0,0.0,0.0,0.0,0.0,0.0,0,0.0,0.0,4615,13687,556,741,-0.1,0.1,-0.1,0.1,0.0,0.0,0.0,0.0,0,0,0,0,0,0.0,,409,149,387,144,347,125,411,149,,,,,,,0.0,0.0,0.0,0.0,0.0,0.0,722,227,392,138,415,146,334,119,0.0,0.0
Bertrand Traoré,Sunderland,MID,5.5,0,0,0.0,0.0,0,0,0,0,0,0,0,0,0,0,0,0,0.0,0.0,0.0,0.0,0.0,0,0.0,0.0,773,314,102,75,0.0,0.0,0.0,0.0,0.0,0.0,0.0,0.0,0,0,0,0,0,0.0,,716,312,716,314,711,313,717,313,,,,,,,0.0,0.0,0.0,0.0,0.0,0.0,133,85,713,312,718,314,693,298,0.0,0.0
Owen Dodgson,Burnley,DEF,4.0,0,0,0.0,0.0,0,0,0,0,0,0,0,0,0,0,0,0,0.0,0.0,0.0,0.0,0.0,0,0.0,0.0,0,1823,0,40,0.0,0.0,0.0,0.0,0.0,0.0,0.0,0.0,0,0,0,0,0,0.0,Has joined Stockport County on loan for the rest of the season.,466,180,449,178,411,161,468,180,,,,,,,0.0,0.0,0.0,0.0,0.0,0.0,656,181,450,170,472,177,662,223,0.0,0.0
Bashir Humphreys,Burnley,DEF,4.0,0,0,0.0,0.1,0,0,0,0,0,0,0,0,0,0,0,0,0.0,0.0,0.0,0.0,0.0,0,0.0,0.0,1202,2663,83,146,0.0,0.0,0.0,0.0,0.0,0.0,0.0,0.0,0,0,0,0,0,0.0,,463,178,446,176,408,159,465,178,,,,,,,0.0,0.0,0.0,0.0,0.0,0.0,653,179,447,168,469,175,563,204,0.0,0.0
Jordan Jordan,Burnley,DEF,4.0,0,0,0.0,0.1,0,0,0,0,0,0,0,0,0,0,0,0,0.0,0.0,0.0,0.0,0.0,0,0.0,0.0,761,10350,8,330,0.0,0.0,0.0,0.0,0.0,0.0,0.0,0.0,0,0,0,0,0,0.0,Hamstring injury - 25% chance of playing,455,173,438,171,400,154,457,173,,,,,,,0.0,0.0,0.0,0.0,0.0,0.0,642,171,438,162,461,170,485,180,0.0,0.0
Dejan Kulusevski,Spurs,MID,6.4,0,0,0.0,0.0,0,0,0,0,0,0,0,0,0,0,0,0,0.0,0.0,0.0,0.0,0.0,0,0.0,0.0,282,1232,17,39,-0.1,0.1,0.0,0.0,0.0,0.0,0.0,0.0,0,0,0,0,0,0.0,Knee injury - Unknown return date,732,324,732,324,732,324,732,324,,,,,,,0.0,0.0,0.0,0.0,0.0,0.0,68,47,729,323,732,324,681,292,0.0,0.0
Carlos Miguel C.Miguel,Nott'm Forest,GKP,4.0,0,0,0.0,0.1,0,0,0,0,0,0,0,0,0,0,0,0,0.0,0.0,0.0,0.0,0.0,0,0.0,0.0,448,10187,0,403,0.0,0.0,0.0,0.0,0.0,0.0,0.0,0.0,0,0,0,0,0,0.0,Has joined Palmeiras permanently.,472,58,455,41,418,34,474,58,,,,,,,0.0,0.0,0.0,0.0,0.0,0.0,664,71,456,57,478,58,463,71,0.0,0.0
Triston Rowe,Aston Villa,DEF,4.0,0,0,0.0,0.1,0,0,0,0,0,0,0,0,0,0,0,0,0.0,0.0,0.0,0.0,0.0,0,0.0,0.0,8943,4014,211,438,0.0,0.0,0.0,0.0,0.0,0.0,0.0,0.0,0,0,0,0,0,0.0,has joined Annecy on loan for the rest of the season.,506,201,489,199,453,184,508,201,,,,,,,0.0,0.0,0.0,0.0,0.0,0.0,704,210,491,192,512,198,439,167,0.0,0.0
Kadan Young,Aston Villa,MID,4.5,0,0,0.0,0.6,0,0,0,0,0,0,0,0,0,0,0,0,0.0,0.0,0.0,0.0,0.0,0,0.0,0.0,22601,40362,1734,2478,0.0,0.0,0.0,0.0,0.0,0.0,0.0,0.0,0,0,0,0,0,0.0,,612,242,606,244,581,234,614,243,,,,,,,0.0,0.0,0.0,0.0,0.0,0.0,467,273,605,240,619,249,230,81,0.0,0.0
Ben Broggio,Aston Villa,MID,4.5,0,0,0.0,0.3,0,0,0,0,0,0,0,0,0,0,0,0,0.0,0.0,0.0,0.0,0.0,0,0.0,0.0,16352,18988,1576,1470,0.0,0.0,0.0,0.0,0.0,0.0,0.0,0.0,0,0,0,0,0,0.0,,631,254,625,256,599,246,632,255,,,,,,,0.0,0.0,0.0,0.0,0.0,0.0,489,286,624,252,638,261,297,97,0.0,0.0
Emerson Emerson,West Ham,DEF,4.4,0,0,0.0,0.1,0,0,0,0,0,0,0,0,0,0,0,0,0.0,0.0,0.0,0.0,0.0,0,0.0,0.0,1719,16265,0,638,-0.1,0.1,0.0,0.0,0.0,0.0,0.0,0.0,0,0,0,0,0,0.0,has joined Marseille permanently.,522,213,507,212,473,199,524,213,3.0,,3.0,,,,0.0,0.0,0.0,0.0,0.0,0.0,520,118,508,205,527,209,488,181,0.0,0.0
Leander Dendoncker,Aston Villa,MID,4.5,0,0,0.0,0.1,0,0,0,0,0,0,0,0,0,0,0,0,0.0,0.0,0.0,0.0,0.0,0,0.0,0.0,2169,26099,0,624,0.0,0.0,0.0,0.0,0.0,0.0,0.0,0.0,0,0,0,0,0,0.0,Has joined Real Oviedo permanently.,577,214,565,216,537,205,579,215,,,,,,,0.0,0.0,0.0,0.0,0.0,0.0,401,242,568,211,583,221,425,142,0.0,0.0
Krisztián Hegyi,West Ham,GKP,4.0,0,0,0.0,0.2,0,0,0,0,0,0,0,0,0,0,0,0,0.0,0.0,0.0,0.0,0.0,0,0.0,0.0,1849,5720,156,406,0.0,0.0,0.0,0.0,0.0,0.0,0.0,0.0,0,0,0,0,0,0.0,,475,60,458,43,421,36,477,60,,,,,,,0.0,0.0,0.0,0.0,0.0,0.0,669,73,459,59,481,60,336,50,0.0,0.0
Wes Foderingham,West Ham,GKP,4.0,0,0,0.0,0.4,0,0,0,0,0,0,0,0,0,0,0,0,0.0,0.0,0.0,0.0,0.0,0,0.0,0.0,3874,21216,0,1907,0.0,0.0,0.0,0.0,0.0,0.0,0.0,0.0,0,0,0,0,0,0.0,has joined Aris Limassol permanently.,433,33,414,16,375,9,435,33,,,,,,,0.0,0.0,0.0,0.0,0.0,0.0,614,46,416,32,439,33,259,35,0.0,0.0
Igor Julio Igor,West Ham,DEF,4.5,0,0,0.0,0.1,0,0,0,0,0,0,0,0,0,0,0,0,0.0,0.0,0.0,0.0,0.0,0,0.0,0.0,1747,2623,141,219,0.0,0.0,0.0,0.0,0.0,0.0,0.0,0.0,0,0,0,0,0,0.0,,583,228,573,227,546,219,585,228,,,,,,,0.0,0.0,0.0,0.0,0.0,0.0,415,86,574,223,589,225,561,203,0.0,0.0
Randal Kolo Muani,Spurs,FWD,7.0,0,0,0.0,0.3,0,0,0,0,0,0,0,0,0,0,0,0,0.0,0.0,0.0,0.0,0.0,0,0.0,0.0,33887,15856,2266,4499,0.0,0.0,0.0,0.0,0.0,0.0,0.0,0.0,0,0,0,0,0,0.0,,738,81,738,81,738,81,738,81,,,,,,,0.0,0.0,0.0,0.0,0.0,0.0,38,15,735,79,738,81,324,54,0.0,0.0
Jamaldeen Jimoh-Aloba,Aston Villa,MID,4.5,0,0,0.0,0.1,0,0,0,0,0,0,0,0,0,0,0,0,0.0,0.0,0.0,0.0,0.0,0,0.0,0.0,2548,3275,269,246,0.0,0.0,0.0,0.0,0.0,0.0,0.0,0.0,0,0,0,0,0,0.0,,619,248,613,250,588,240,621,249,,,,,,,0.0,0.0,0.0,0.0,0.0,0.0,476,279,613,246,627,255,557,206,0.0,0.0
Dane Scarlett,Spurs,FWD,4.4,0,0,0.0,0.7,0,0,0,0,0,0,0,0,0,0,0,0,0.0,0.0,0.0,0.0,0.0,0,0.0,0.0,25204,50287,1791,2895,-0.1,0.1,0.0,0.0,0.0,0.0,0.0,0.0,0,0,0,0,0,0.0,,542,48,527,48,497,46,544,49,,,,,,,0.0,0.0,0.0,0.0,0.0,0.0,561,71,532,47,548,50,207,34,0.0,0.0
Yves Bissouma,Spurs,MID,5.3,0,0,0.0,0.1,0,0,0,0,0,0,0,0,0,0,0,0,0.0,0.0,0.0,0.0,0.0,0,0.0,0.0,832,11830,21,210,-0.2,0.2,0.0,0.0,0.0,0.0,0.0,0.0,0,0,0,0,0,0.0,Knock - Unknown return date,704,304,705,306,691,302,705,305,,,,,,,0.0,0.0,0.0,0.0,0.0,0.0,222,140,697,301,707,306,574,218,0.0,0.0
Will Lankshear,Spurs,FWD,4.5,0,0,0.0,0.0,0,0,0,0,0,0,0,0,0,0,0,0,0.0,0.0,0.0,0.0,0.0,0,0.0,0.0,0,4169,0,121,0.0,0.0,0.0,0.0,0.0,0.0,0.0,0.0,0,0,0,0,0,0.0,Has joined Oxford United on loan for the rest of the season.,617,59,611,59,586,57,619,60,,,,,,,0.0,0.0,0.0,0.0,0.0,0.0,474,60,611,58,625,61,622,76,0.0,0.0
Zépiqueno Redmond,Aston Villa,FWD,4.5,0,0,0.0,0.5,0,0,0,0,0,0,0,0,0,0,0,0,0.0,0.0,0.0,0.0,0.0,0,0.0,0.0,17574,61075,0,2744,0.0,0.0,0.0,0.0,0.0,0.0,0.0,0.0,0,0,0,0,0,0.0,has joined Huddersfield Town on loan for the rest of the season.,629,62,623,62,597,59,630,62,,,,,,,0.0,0.0,0.0,0.0,0.0,0.0,486,63,622,60,636,63,240,37,0.0,0.0
Callum Olusesi,Spurs,MID,4.4,0,0,0.0,0.2,0,0,0,0,0,0,0,0,0,0,0,0,0.0,0.0,0.0,0.0,0.0,0,0.0,0.0,9338,11851,1094,974,-0.1,0.1,0.0,0.0,0.0,0.0,0.0,0.0,0,0,0,0,0,0.0,,548,200,533,202,503,191,550,201,,,,,,,0.0,0.0,0.0,0.0,0.0,0.0,568,314,538,197,554,207,358,121,0.0,0.0
Yang Min-hyeok,Spurs,MID,4.5,0,0,0.0,0.0,0,0,0,0,0,0,0,0,0,0,0,0,0.0,0.0,0.0,0.0,0.0,0,0.0,0.0,0,2286,0,54,0.0,0.0,0.0,0.0,0.0,0.0,0.0,0.0,0,0,0,0,0,0.0,Has joined Portsmouth on loan for the rest of the season.,644,265,638,267,612,257,645,266,,,,,,,0.0,0.0,0.0,0.0,0.0,0.0,507,299,636,262,649,270,667,283,0.0,0.0
Mikey Moore,Spurs,MID,5.0,0,0,0.0,0.0,0,0,0,0,0,0,0,0,0,0,0,0,0.0,0.0,0.0,0.0,0.0,0,0.0,0.0,0,591,0,11,0.0,0.0,0.0,0.0,0.0,0.0,0.0,0.0,0,0,0,0,0,0.0,Has joined Rangers on loan for the rest of the season.,695,300,696,302,680,297,696,301,,,,,,,0.0,0.0,0.0,0.0,0.0,0.0,292,178,688,297,698,302,724,317,0.0,0.0
Bryan Bryan,Spurs,MID,4.9,0,0,0.0,0.0,0,0,0,0,0,0,0,0,0,0,0,0,0.0,0.0,0.0,0.0,0.0,0,0.0,0.0,675,2737,39,168,-0.1,0.1,0.0,0.0,0.0,0.0,0.0,0.0,0,0,0,0,0,0.0,has joined Girona permanently.,670,281,664,282,644,277,671,282,,,,,,,0.0,0.0,0.0,0.0,0.0,0.0,346,215,662,277,673,283,590,231,0.0,0.0
Manor Solomon,Spurs,MID,5.4,0,0,0.0,0.0,0,0,0,0,0,0,0,0,0,0,0,0,0.0,0.0,0.0,0.0,0.0,0,0.0,0.0,115,1261,0,44,-0.1,0.1,0.0,0.0,0.0,0.0,0.0,0.0,0,0,0,0,0,0.0,has joined Villarreal CF on loan for the rest of the season.,709,307,710,309,700,307,710,308,,,,,,,0.0,0.0,0.0,0.0,0.0,0.0,188,117,705,305,712,309,701,302,0.0,0.0
James Wright,Aston Villa,GKP,4.0,0,0,0.0,0.5,0,0,0,0,0,0,0,0,0,0,0,0,0.0,0.0,0.0,0.0,0.0,0,0.0,0.0,22197,13014,651,914,0.0,0.0,0.0,0.0,0.0,0.0,0.0,0.0,0,0,0,0,0,0.0,,474,59,457,42,420,35,476,59,,,,,,,0.0,0.0,0.0,0.0,0.0,0.0,668,72,458,58,480,59,237,32,0.0,0.0
Matt Turner,Nott'm Forest,GKP,4.0,0,0,0.0,0.1,0,0,0,0,0,0,0,0,0,0,0,0,0.0,0.0,0.0,0.0,0.0,0,0.0,0.0,0,10342,0,402,0.0,0.0,0.0,0.0,0.0,0.0,0.0,0.0,0,0,0,0,0,0.0,Has joined Lyon permanently.,452,46,435,29,397,22,454,46,,,,,,,0.0,0.0,0.0,0.0,0.0,0.0,639,59,435,45,458,46,443,67,0.0,0.0
Dominic Sadi,Bournemouth,MID,4.5,0,0,0.0,0.1,0,0,0,0,0,0,0,0,0,0,0,0,0.0,0.0,0.0,0.0,0.0,0,0.0,0.0,3895,3791,569,399,0.0,0.0,0.0,0.0,0.0,0.0,0.0,0.0,0,0,0,0,0,0.0,has joined Novi Pazar on loan for the rest of the season.,615,245,609,247,584,237,617,246,,,,,,,0.0,0.0,0.0,0.0,0.0,0.0,470,276,608,243,622,252,528,188,0.0,0.0
Illia Zabarnyi,Bournemouth,DEF,5.0,0,0,0.0,0.0,0,0,0,0,0,0,0,0,0,0,0,0,0.0,0.0,0.0,0.0,0.0,0,0.0,0.0,0,7488,0,102,0.0,0.0,0.0,0.0,0.0,0.0,0.0,0.0,0,0,0,0,0,0.0,Has joined Paris Saint-Germain permanently.,691,239,692,239,676,234,692,239,,,,,,,0.0,0.0,0.0,0.0,0.0,0.0,285,47,684,237,694,239,628,215,0.0,0.0
Sam Greenwood,Leeds,MID,4.9,0,0,0.0,0.1,0,0,0,0,0,0,0,0,0,0,0,0,0.0,0.0,0.0,0.0,0.0,0,0.0,0.0,1234,8252,0,285,-0.1,0.1,0.0,0.0,0.0,0.0,0.0,0.0,0,0,0,0,0,0.0,has joined Pogon Szczecin permanently.,667,278,660,279,640,274,668,279,,,,,,,0.0,0.0,0.0,0.0,0.0,0.0,341,212,659,274,670,280,575,219,0.0,0.0
Gabriel Slonina,Chelsea,GKP,4.0,0,0,0.0,0.1,0,0,0,0,0,0,0,0,0,0,0,0,0.0,0.0,0.0,0.0,0.0,0,0.0,0.0,2176,4333,292,254,0.0,0.0,0.0,0.0,0.0,0.0,0.0,0.0,0,0,0,0,0,0.0,,470,56,453,39,415,32,472,56,,,,,,,0.0,0.0,0.0,0.0,0.0,0.0,661,69,454,55,476,56,478,74,0.0,0.0
Levi Colwill,Chelsea,DEF,4.8,0,0,0.0,0.1,0,0,0,0,0,0,0,0,0,0,0,0,0.0,0.0,0.0,0.0,0.0,0,0.0,0.0,453,26663,13,389,-0.2,0.2,0.0,0.0,0.0,0.0,0.0,0.0,0,0,0,0,0,0.0,Anterior cruciate ligament - Unknown return date,652,236,645,236,620,228,653,236,,,,,,,0.0,0.0,0.0,0.0,0.0,0.0,379,63,643,233,655,235,430,161,0.0,0.0
Mateo Mateo Joseph,Leeds,FWD,5.0,0,0,0.0,0.0,0,0,0,0,0,0,0,0,0,0,0,0,0.0,0.0,0.0,0.0,0.0,0,0.0,0.0,0,2125,0,40,0.0,0.0,0.0,0.0,0.0,0.0,0.0,0.0,0,0,0,0,0,0.0,Has joined RCD Mallorca on loan for the rest of the season.,696,72,697,73,682,70,697,72,,,,,,,0.0,0.0,0.0,0.0,0.0,0.0,301,53,689,70,699,73,679,80,0.0,0.0
Patrick Bamford,Leeds,FWD,4.9,0,0,0.0,0.7,0,0,0,0,0,0,0,0,0,0,0,0,0.0,0.0,0.0,0.0,0.0,0,0.0,0.0,16144,165277,0,5739,-0.1,0.1,0.0,0.0,0.0,0.0,0.0,0.0,0,0,0,0,0,0.0,has departed the club as a free agent.,655,67,648,67,624,64,656,67,,,,,,,0.0,0.0,0.0,0.0,0.0,0.0,310,54,647,65,659,68,216,35,0.0,0.0
Darko Gyabi,Leeds,MID,4.5,0,0,0.0,0.0,0,0,0,0,0,0,0,0,0,0,0,0,0.0,0.0,0.0,0.0,0.0,0,0.0,0.0,1165,5948,0,282,0.0,0.0,0.0,0.0,0.0,0.0,0.0,0.0,0,0,0,0,0,0.0,has joined Hull City permanently.,598,229,591,231,565,221,600,230,,,,,,,0.0,0.0,0.0,0.0,0.0,0.0,442,258,590,227,604,236,586,228,0.0,0.0
Joe Gelhardt,Leeds,MID,4.5,0,0,0.0,0.0,0,0,0,0,0,0,0,0,0,0,0,0,0.0,0.0,0.0,0.0,0.0,0,0.0,0.0,0,2291,0,77,0.0,0.0,0.0,0.0,0.0,0.0,0.0,0.0,0,0,0,0,0,0.0,Has joined Hull City on loan for the rest of the season.,596,227,588,229,562,219,598,228,,,,,,,0.0,0.0,0.0,0.0,0.0,0.0,438,256,588,225,602,234,677,290,0.0,0.0
Charlie Crew,Leeds,MID,4.5,0,0,0.0,0.0,0,0,0,0,0,0,0,0,0,0,0,0,0.0,0.0,0.0,0.0,0.0,0,0.0,0.0,0,754,0,15,0.0,0.0,0.0,0.0,0.0,0.0,0.0,0.0,0,0,0,0,0,0.0,Has joined Doncaster Rovers on loan for the rest of the season.,610,240,604,242,579,232,612,241,,,,,,,0.0,0.0,0.0,0.0,0.0,0.0,465,271,603,238,617,247,717,313,0.0,0.0
Benoît B.Badiashile,Chelsea,DEF,4.4,0,0,0.0,0.0,0,0,0,0,0,0,0,0,0,0,0,0,0.0,0.0,0.0,0.0,0.0,0,0.0,0.0,116,1272,1,24,-0.1,0.1,0.0,0.0,0.0,0.0,0.0,0.0,0,0,0,0,0,0.0,Lack of match fitness - 50% chance of playing,534,221,519,220,486,207,536,221,,,,,,,0.0,0.0,0.0,0.0,0.0,0.0,544,137,522,215,540,218,699,236,0.0,0.0
Largie Ramazani,Leeds,MID,4.9,0,0,0.0,0.0,0,0,0,0,0,0,0,0,0,0,0,0,0.0,0.0,0.0,0.0,0.0,0,0.0,0.0,203,3570,0,96,-0.1,0.1,0.0,0.0,0.0,0.0,0.0,0.0,0,0,0,0,0,0.0,has joined Valencia on loan for the rest of the season.,669,280,663,281,643,276,670,281,,,,,,,0.0,0.0,0.0,0.0,0.0,0.0,345,214,661,276,672,282,649,276,0.0,0.0
Mamadou M.Sarr,Chelsea,DEF,4.5,0,0,0.0,0.0,0,0,0,0,0,0,0,0,0,0,0,0,0.0,0.0,0.0,0.0,0.0,0,0.0,0.0,0,1705,0,32,0.0,0.0,0.0,0.0,0.0,0.0,0.0,0.0,0,0,0,0,0,0.0,Has joined RC Strasbourg on loan for the rest of the season.,626,233,620,233,594,225,627,233,,,,,,,0.0,0.0,0.0,0.0,0.0,0.0,483,109,619,230,633,232,697,234,0.0,0.0
Illan Meslier,Leeds,GKP,4.4,0,0,0.0,0.5,0,0,0,0,0,0,0,0,0,0,0,0,0.0,0.0,0.0,0.0,0.0,0,0.0,0.0,5234,34440,379,1966,-0.1,0.1,0.0,0.0,0.0,0.0,0.0,0.0,0,0,0,0,0,0.0,,536,77,521,61,488,54,538,77,,,,,,,0.0,0.0,0.0,0.0,0.0,0.0,548,35,524,76,542,77,244,33,0.0,0.0
Aarón Anselmino,Chelsea,DEF,4.0,0,0,0.0,0.1,0,0,0,0,0,0,0,0,0,0,0,0,0.0,0.0,0.0,0.0,0.0,0,0.0,0.0,1030,7573,0,302,0.0,0.0,0.0,0.0,0.0,0.0,0.0,0.0,0,0,0,0,0,0.0,has joined Borussia Dortmund on loan for the rest of the season.,515,209,498,207,462,192,517,209,,,,,,,0.0,0.0,0.0,0.0,0.0,0.0,714,219,500,200,520,205,511,188,0.0,0.0
Christopher Nkunku,Chelsea,MID,5.9,0,0,0.0,0.1,0,0,0,0,0,0,0,0,0,0,0,0,0.0,0.0,0.0,0.0,0.0,0,0.0,0.0,2668,21282,0,429,-0.1,0.1,0.0,0.0,0.0,0.0,0.0,0.0,0,0,0,0,0,0.0,has joined AC Milan permanently.,728,321,728,321,728,321,728,321,,,,,2.0,,0.0,0.0,0.0,0.0,0.0,0.0,105,72,723,319,728,321,469,156,0.0,0.0
Isaac Schmidt,Leeds,DEF,4.0,0,0,0.0,0.1,0,0,0,0,0,0,0,0,0,0,0,0,0.0,0.0,0.0,0.0,0.0,0,0.0,0.0,788,10671,0,514,0.0,0.0,0.0,0.0,0.0,0.0,0.0,0.0,0,0,0,0,0,0.0,has joined Werder Bremen on loan for the rest of the season.,481,184,464,182,427,166,483,184,,,,,,,0.0,0.0,0.0,0.0,0.0,0.0,675,189,465,174,487,181,466,176,0.0,0.0
Roméo Lavia,Chelsea,MID,4.9,0,0,0.0,0.0,0,0,0,0,0,0,0,0,0,0,0,0,0.0,0.0,0.0,0.0,0.0,0,0.0,0.0,144,1847,12,44,-0.1,0.1,0.0,0.0,0.0,0.0,0.0,0.0,0,0,0,0,0,0.0,Lack of match fitness - 50% chance of playing,677,285,671,286,652,281,678,286,,,,,,,0.0,0.0,0.0,0.0,0.0,0.0,363,226,670,282,680,287,683,294,0.0,0.0
Mykhailo Mudryk,Chelsea,MID,5.0,0,0,0.0,0.0,0,0,0,0,0,0,0,0,0,0,0,0,0.0,0.0,0.0,0.0,0.0,0,0.0,0.0,301,584,12,26,0.0,0.0,0.0,0.0,0.0,0.0,0.0,0.0,0,0,0,0,0,0.0,Suspended - unknown return date,689,295,690,297,674,292,690,296,,,,,,,0.0,0.0,0.0,0.0,0.0,0.0,281,170,682,292,692,297,706,306,0.0,0.0
Sebastiaan Bornauw,Leeds,DEF,3.9,0,0,0.0,0.1,0,0,0,0,0,0,0,0,0,0,0,0,0.0,0.0,0.0,0.0,0.0,0,0.0,0.0,2286,3152,542,261,-0.1,0.1,0.0,0.0,0.0,0.0,0.0,0.0,0,0,0,0,0,0.0,,410,150,388,145,348,126,412,150,,,,,,,0.0,0.0,0.0,0.0,0.0,0.0,723,228,393,139,416,147,518,190,0.0,0.0
Jaka Bijol,Leeds,DEF,4.0,0,0,0.0,0.1,0,0,0,0,0,0,0,0,0,0,0,0,0.0,0.0,0.0,0.0,0.0,0,0.0,0.0,4191,9667,246,1544,0.0,0.0,0.0,0.0,0.0,0.0,0.0,0.0,0,0,0,0,0,0.0,,457,174,440,172,402,155,459,174,,,,,,,0.0,0.0,0.0,0.0,0.0,0.0,646,174,440,163,463,171,433,163,0.0,0.0
Dário D.Essugo,Chelsea,MID,4.4,0,0,0.0,0.0,0,0,0,0,0,0,0,0,0,0,0,0,0.0,0.0,0.0,0.0,0.0,0,0.0,0.0,2727,4782,65,303,-0.1,0.1,0.0,0.0,0.0,0.0,0.0,0.0,0,0,0,0,0,0.0,Thigh injury - Unknown return date,543,196,528,198,498,187,545,197,,,,,,,0.0,0.0,0.0,0.0,0.0,0.0,563,310,533,193,549,203,582,226,0.0,0.0
Kendry Paez,Chelsea,MID,4.5,0,0,0.0,0.0,0,0,0,0,0,0,0,0,0,0,0,0,0.0,0.0,0.0,0.0,0.0,0,0.0,0.0,0,804,0,18,0.0,0.0,0.0,0.0,0.0,0.0,0.0,0.0,0,0,0,0,0,0.0,Has joined RC Strasbourg on loan for the rest of the season.,643,264,637,266,611,256,644,265,,,,,,,0.0,0.0,0.0,0.0,0.0,0.0,503,296,635,261,648,269,714,312,0.0,0.0
Mike Penders,Chelsea,GKP,4.0,0,0,0.0,0.0,0,0,0,0,0,0,0,0,0,0,0,0,0.0,0.0,0.0,0.0,0.0,0,0.0,0.0,0,256,0,12,0.0,0.0,0.0,0.0,0.0,0.0,0.0,0.0,0,0,0,0,0,0.0,Has joined RC Strasbourg on loan for the rest of the season.,498,68,481,51,445,44,500,68,,,,,,,0.0,0.0,0.0,0.0,0.0,0.0,696,81,483,67,504,68,728,83,0.0,0.0
Charalampos Kostoulas,Brighton,FWD,4.9,0,0,0.0,0.3,0,0,0,0,0,0,0,0,0,0,0,0,0.0,0.0,0.0,0.0,0.0,0,0.0,0.0,12826,30470,981,1579,-0.1,0.1,0.0,0.0,0.0,0.0,0.0,0.0,0,0,0,0,0,0.0,,683,71,678,71,658,68,684,71,,,,,,,0.0,0.0,0.0,0.0,0.0,0.0,375,59,676,69,686,72,301,51,0.0,0.0
Harry Gray,Leeds,FWD,4.5,0,0,0.0,0.0,0,0,0,0,0,0,0,0,0,0,0,0,0.0,0.0,0.0,0.0,0.0,0,0.0,0.0,1785,197,1785,197,0.0,0.0,0.0,0.0,0.0,0.0,0.0,0.0,0,0,0,0,0,0.0,,638,65,632,65,606,62,639,65,,,,,,,0.0,0.0,0.0,0.0,0.0,0.0,497,66,631,63,645,66,661,79,0.0,0.0
Giorgi Mamardashvili,Liverpool,GKP,4.3,0,0,0.0,0.3,0,0,0,0,0,0,0,0,0,0,0,0,0.0,0.0,0.0,0.0,0.0,0,0.0,0.0,4715,25613,457,1376,-0.2,0.2,-0.1,0.1,0.0,0.0,0.0,0.0,0,0,0,0,0,0.0,,517,73,500,56,465,49,519,73,,,,,,,0.0,0.0,0.0,0.0,0.0,0.0,603,38,503,72,522,73,290,41,0.0,0.0
Stefan Bajcetic,Liverpool,MID,4.4,0,0,0.0,0.1,0,0,0,0,0,0,0,0,0,0,0,0,0.0,0.0,0.0,0.0,0.0,0,0.0,0.0,4349,5320,34,358,-0.1,0.1,0.0,0.0,0.0,0.0,0.0,0.0,0,0,0,0,0,0.0,Hamstring injury - Unknown return date,556,204,542,206,512,195,558,205,,,,,,,0.0,0.0,0.0,0.0,0.0,0.0,579,318,546,201,562,211,571,215,0.0,0.0
Charlie Tasker,Brighton,DEF,4.0,0,0,0.0,0.1,0,0,0,0,0,0,0,0,0,0,0,0,0.0,0.0,0.0,0.0,0.0,0,0.0,0.0,1994,6196,122,357,0.0,0.0,0.0,0.0,0.0,0.0,0.0,0.0,0,0,0,0,0,0.0,,496,195,479,193,443,178,498,195,,,,,,,0.0,0.0,0.0,0.0,0.0,0.0,694,204,481,186,502,192,427,160,0.0,0.0
Solly March,Brighton,MID,5.8,0,0,0.0,0.0,0,0,0,0,0,0,0,0,0,0,0,0,0.0,0.0,0.0,0.0,0.0,0,0.0,0.0,163,1834,7,28,-0.2,0.2,0.0,0.0,0.0,0.0,0.0,0.0,0,0,0,0,0,0.0,Knee injury - Unknown return date,726,319,726,319,725,319,726,319,4.0,,,,,,0.0,0.0,0.0,0.0,0.0,0.0,115,78,721,317,726,319,704,305,0.0,0.0
Julio Enciso,Brighton,MID,5.4,0,0,0.0,0.0,0,0,0,0,0,0,0,0,0,0,0,0,0.0,0.0,0.0,0.0,0.0,0,0.0,0.0,105,2629,0,39,-0.1,0.1,0.0,0.0,0.0,0.0,0.0,0.0,0,0,0,0,0,0.0,has joined Strasbourg permanently.,712,309,713,311,704,309,713,310,,,,,,,0.0,0.0,0.0,0.0,0.0,0.0,198,124,708,307,715,311,682,293,0.0,0.0
Abdallah Sima,Brighton,MID,5.4,0,0,0.0,0.0,0,0,0,0,0,0,0,0,0,0,0,0,0.0,0.0,0.0,0.0,0.0,0,0.0,0.0,247,1778,0,78,-0.1,0.1,0.0,0.0,0.0,0.0,0.0,0.0,0,0,0,0,0,0.0,has joined Lens permanently.,713,310,714,312,705,310,714,311,,,,,,,0.0,0.0,0.0,0.0,0.0,0.0,206,129,710,309,716,312,670,284,0.0,0.0
Jeremy Sarmiento,Brighton,MID,4.9,0,0,0.0,0.0,0,0,0,0,0,0,0,0,0,0,0,0,0.0,0.0,0.0,0.0,0.0,0,0.0,0.0,196,2322,0,101,-0.1,0.1,0.0,0.0,0.0,0.0,0.0,0.0,0,0,0,0,0,0.0,has joined Cremonese on loan for the rest of the season.,672,283,666,284,646,279,673,284,,,,,,,0.0,0.0,0.0,0.0,0.0,0.0,348,217,664,279,675,285,651,277,0.0,0.0
Luis Luis Díaz,Liverpool,MID,8.0,0,0,0.0,0.1,0,0,0,0,0,0,0,0,0,0,0,0,0.0,0.0,0.0,0.0,0.0,0,0.0,0.0,0,6703,0,71,0.0,0.0,0.0,0.0,0.0,0.0,0.0,0.0,0,0,0,0,0,0.0,Has joined Bayern Munch permanently.,740,327,740,327,740,327,740,327,,,,,,,0.0,0.0,0.0,0.0,0.0,0.0,15,10,739,326,740,327,572,216,0.0,0.0
Tom Watson,Brighton,MID,4.9,0,0,0.0,0.0,0,0,0,0,0,0,0,0,0,0,0,0,0.0,0.0,0.0,0.0,0.0,0,0.0,0.0,533,1492,40,86,-0.1,0.1,0.0,0.0,0.0,0.0,0.0,0.0,0,0,0,0,0,0.0,,678,286,672,287,653,282,679,287,,,,,,,0.0,0.0,0.0,0.0,0.0,0.0,367,230,671,283,681,288,633,263,0.0,0.0
Malick Yalcouye,Brighton,MID,5.0,0,0,0.0,0.0,0,0,0,0,0,0,0,0,0,0,0,0,0.0,0.0,0.0,0.0,0.0,0,0.0,0.0,0,1129,0,18,0.0,0.0,0.0,0.0,0.0,0.0,0.0,0.0,0,0,0,0,0,0.0,Has joined Swansea City on loan for the rest of the season.,698,302,699,304,684,300,699,303,,,,,,,0.0,0.0,0.0,0.0,0.0,0.0,304,188,691,299,701,304,710,308,0.0,0.0
Calvin Ramsay,Liverpool,DEF,3.9,0,0,0.0,0.2,0,0,0,0,0,0,0,0,0,0,0,0,0.0,0.0,0.0,0.0,0.0,0,0.0,0.0,11243,10944,268,850,-0.1,0.1,0.0,0.0,0.0,0.0,0.0,0.0,0,0,0,0,0,0.0,,414,154,392,149,352,130,416,154,,,,,,,0.0,0.0,0.0,0.0,0.0,0.0,727,232,397,143,420,151,345,123,0.0,0.0
Rhys R.Williams,Liverpool,DEF,3.9,0,0,0.0,0.2,0,0,0,0,0,0,0,0,0,0,0,0,0.0,0.0,0.0,0.0,0.0,0,0.0,0.0,9975,10999,257,687,-0.1,0.1,0.0,0.0,0.0,0.0,0.0,0.0,0,0,0,0,0,0.0,,406,146,384,141,344,122,408,146,,,,,,,0.0,0.0,0.0,0.0,0.0,0.0,719,224,389,135,412,143,367,132,0.0,0.0
Amara Nallo,Liverpool,DEF,3.9,0,0,0.0,0.2,0,0,0,0,0,0,0,0,0,0,0,0,0.0,0.0,0.0,0.0,0.0,0,0.0,0.0,11306,9155,128,568,-0.1,0.1,0.0,0.0,0.0,0.0,0.0,0.0,0,0,0,0,0,0.0,,427,166,406,162,366,143,429,166,,,,,,,0.0,0.0,0.0,0.0,0.0,0.0,741,245,410,155,433,163,402,149,0.0,0.0
Konstantinos Tsimikas,Liverpool,DEF,4.8,0,0,0.0,0.1,0,0,0,0,0,0,0,0,0,0,0,0,0.0,0.0,0.0,0.0,0.0,0,0.0,0.0,1669,7970,105,591,-0.2,0.2,0.0,0.0,0.0,0.0,0.0,0.0,0,0,0,0,0,0.0,has joined AS Roma on loan for the rest of the season.,651,235,644,235,619,227,652,235,3.0,,,,,,0.0,0.0,0.0,0.0,0.0,0.0,378,62,642,232,654,234,496,184,0.0,0.0
Joe Knight,Brighton,MID,4.5,0,0,0.0,0.1,0,0,0,0,0,0,0,0,0,0,0,0,0.0,0.0,0.0,0.0,0.0,0,0.0,0.0,3411,4842,318,354,0.0,0.0,0.0,0.0,0.0,0.0,0.0,0.0,0,0,0,0,0,0.0,,622,249,616,251,590,241,623,250,,,,,,,0.0,0.0,0.0,0.0,0.0,0.0,479,280,615,247,629,256,506,175,0.0,0.0
Adrian Mazilu,Brighton,MID,4.5,0,0,0.0,0.0,0,0,0,0,0,0,0,0,0,0,0,0,0.0,0.0,0.0,0.0,0.0,0,0.0,0.0,1435,2344,139,160,0.0,0.0,0.0,0.0,0.0,0.0,0.0,0.0,0,0,0,0,0,0.0,has joined Dinamo Bucharest permanently.,614,244,608,246,583,236,616,245,,,,,,,0.0,0.0,0.0,0.0,0.0,0.0,469,275,607,242,621,251,599,240,0.0,0.0
Andrew Moran,Brighton,MID,4.5,0,0,0.0,0.0,0,0,0,0,0,0,0,0,0,0,0,0,0.0,0.0,0.0,0.0,0.0,0,0.0,0.0,490,3998,0,99,0.0,0.0,0.0,0.0,0.0,0.0,0.0,0.0,0,0,0,0,0,0.0,Has joined Los Angeles FC on loan for the rest of the season.,606,236,600,238,575,228,608,237,,,,,,,0.0,0.0,0.0,0.0,0.0,0.0,458,266,599,234,613,243,639,268,0.0,0.0
Evan Ferguson,Brighton,FWD,5.5,0,0,0.0,0.0,0,0,0,0,0,0,0,0,0,0,0,0,0.0,0.0,0.0,0.0,0.0,0,0.0,0.0,0,1399,0,25,0.0,0.0,0.0,0.0,0.0,0.0,0.0,0.0,0,0,0,0,0,0.0,Has joined AS Roma on loan for the rest of the season,723,76,724,76,722,76,724,76,,,,,,,0.0,0.0,0.0,0.0,0.0,0.0,162,38,720,74,725,76,695,82,0.0,0.0
Freddie Woodman,Liverpool,GKP,4.0,0,0,0.0,0.1,0,0,0,0,0,0,0,0,0,0,0,0,0.0,0.0,0.0,0.0,0.0,0,0.0,0.0,1202,3378,93,197,0.0,0.0,0.0,0.0,0.0,0.0,0.0,0.0,0,0,0,0,0,0.0,,442,41,423,24,385,17,444,41,,,,,,,0.0,0.0,0.0,0.0,0.0,0.0,624,54,425,40,448,41,499,77,0.0,0.0
Ármin Pécsi,Liverpool,GKP,3.9,0,0,0.0,0.1,0,0,0,0,0,0,0,0,0,0,0,0,0.0,0.0,0.0,0.0,0.0,0,0.0,0.0,6293,3400,5399,591,-0.1,0.1,-0.1,0.1,0.0,0.0,0.0,0.0,0,0,0,0,0,0.0,,422,27,400,8,360,1,424,27,,,,,,,0.0,0.0,0.0,0.0,0.0,0.0,735,86,405,26,428,27,421,62,0.0,0.0
Alex Cairns,Leeds,GKP,4.0,0,0,0.0,0.2,0,0,0,0,0,0,0,0,0,0,0,0,0.0,0.0,0.0,0.0,0.0,0,0.0,0.0,2543,5385,247,417,0.0,0.0,0.0,0.0,0.0,0.0,0.0,0.0,0,0,0,0,0,0.0,,435,35,416,18,377,11,437,35,,,,,,,0.0,0.0,0.0,0.0,0.0,0.0,616,48,418,34,441,35,382,58,0.0,0.0
Jonah Kusi-Asare,Fulham,FWD,4.5,0,0,0.0,0.0,0,0,0,0,0,0,0,0,0,0,0,0,0.0,0.0,0.0,0.0,0.0,0,0.0,0.0,3671,1016,630,369,0.0,0.0,0.0,0.0,0.0,0.0,0.0,0.0,0,0,0,0,0,0.0,,646,66,640,66,614,63,647,66,,,,,,,0.0,0.0,0.0,0.0,0.0,0.0,509,67,638,64,651,67,616,75,0.0,0.0
Matai Akinmboni,Bournemouth,DEF,4.0,0,0,0.0,0.3,0,0,0,0,0,0,0,0,0,0,0,0,0.0,0.0,0.0,0.0,0.0,0,0.0,0.0,7249,13060,450,791,0.0,0.0,0.0,0.0,0.0,0.0,0.0,0.0,0,0,0,0,0,0.0,,495,194,478,192,442,177,497,194,,,,,,,0.0,0.0,0.0,0.0,0.0,0.0,693,203,480,185,501,191,315,112,0.0,0.0
David Ozoh,Crystal Palace,MID,4.5,0,0,0.0,0.0,0,0,0,0,0,0,0,0,0,0,0,0,0.0,0.0,0.0,0.0,0.0,0,0.0,0.0,0,147,0,4,0.0,0.0,0.0,0.0,0.0,0.0,0.0,0.0,0,0,0,0,0,0.0,Has joined Derby County on loan for the rest of the season.,609,239,603,241,578,231,611,240,,,,,,,0.0,0.0,0.0,0.0,0.0,0.0,463,269,602,237,616,246,736,324,0.0,0.0
Asher Agbinone,Crystal Palace,MID,4.5,0,0,0.0,0.1,0,0,0,0,0,0,0,0,0,0,0,0,0.0,0.0,0.0,0.0,0.0,0,0.0,0.0,1618,3135,123,170,0.0,0.0,0.0,0.0,0.0,0.0,0.0,0.0,0,0,0,0,0,0.0,,632,255,626,257,600,247,633,256,,,,,,,0.0,0.0,0.0,0.0,0.0,0.0,490,287,625,253,639,262,573,217,0.0,0.0
Naouirou Ahamada,Crystal Palace,MID,4.5,0,0,0.0,0.0,0,0,0,0,0,0,0,0,0,0,0,0,0.0,0.0,0.0,0.0,0.0,0,0.0,0.0,1298,2366,127,168,0.0,0.0,0.0,0.0,0.0,0.0,0.0,0.0,0,0,0,0,0,0.0,,597,228,589,230,563,220,599,229,,,,,,,0.0,0.0,0.0,0.0,0.0,0.0,439,257,589,226,603,235,602,242,0.0,0.0
Jenson Metcalfe,Everton,MID,4.5,0,0,0.0,0.0,0,0,0,0,0,0,0,0,0,0,0,0,0.0,0.0,0.0,0.0,0.0,0,0.0,0.0,0,89,0,2,0.0,0.0,0.0,0.0,0.0,0.0,0.0,0.0,0,0,0,0,0,0.0,Has joined Bradford City permanently.,601,232,594,234,569,224,603,233,,,,,,,0.0,0.0,0.0,0.0,0.0,0.0,449,262,593,230,607,239,739,327,0.0,0.0
Isaac Heath,Everton,MID,4.5,0,0,0.0,0.0,0,0,0,0,0,0,0,0,0,0,0,0,0.0,0.0,0.0,0.0,0.0,0,0.0,0.0,458,2694,0,116,0.0,0.0,0.0,0.0,0.0,0.0,0.0,0.0,0,0,0,0,0,0.0,has joined Accrington on loan for the rest of the season.,604,234,597,236,572,226,606,235,,,,,,,0.0,0.0,0.0,0.0,0.0,0.0,453,264,596,232,610,241,640,269,0.0,0.0
Coby Ebere,Everton,MID,4.5,0,0,0.0,0.0,0,0,0,0,0,0,0,0,0,0,0,0,0.0,0.0,0.0,0.0,0.0,0,0.0,0.0,1293,2307,117,146,0.0,0.0,0.0,0.0,0.0,0.0,0.0,0.0,0,0,0,0,0,0.0,,605,235,599,237,574,227,607,236,,,,,,,0.0,0.0,0.0,0.0,0.0,0.0,457,265,598,233,612,242,597,238,0.0,0.0
Callum Bates,Everton,MID,4.5,0,0,0.0,0.1,0,0,0,0,0,0,0,0,0,0,0,0,0.0,0.0,0.0,0.0,0.0,0,0.0,0.0,2788,4950,313,342,0.0,0.0,0.0,0.0,0.0,0.0,0.0,0.0,0,0,0,0,0,0.0,,613,243,607,245,582,235,615,244,,,,,,,0.0,0.0,0.0,0.0,0.0,0.0,468,274,606,241,620,250,519,183,0.0,0.0
Malcolm Ebiowei,Crystal Palace,MID,4.5,0,0,0.0,0.0,0,0,0,0,0,0,0,0,0,0,0,0,0.0,0.0,0.0,0.0,0.0,0,0.0,0.0,0,619,0,14,0.0,0.0,0.0,0.0,0.0,0.0,0.0,0.0,0,0,0,0,0,0.0,Has joined Blackpool permanently.,590,222,581,224,555,214,592,223,,,,,,,0.0,0.0,0.0,0.0,0.0,0.0,431,251,582,220,596,229,726,318,0.0,0.0
Jesurun J.Rak-Sakyi,Crystal Palace,MID,4.4,0,0,0.0,0.1,0,0,0,0,0,0,0,0,0,0,0,0,0.0,0.0,0.0,0.0,0.0,0,0.0,0.0,4176,4431,443,539,-0.1,0.1,0.0,0.0,0.0,0.0,0.0,0.0,0,0,0,0,0,0.0,has joined Caykur Rizespor on loan for the rest of the season.,540,194,525,196,493,185,542,195,,,,,,,0.0,0.0,0.0,0.0,0.0,0.0,554,307,528,190,546,201,523,185,0.0,0.0
Matheus M.França,Crystal Palace,MID,4.5,0,0,0.0,0.0,0,0,0,0,0,0,0,0,0,0,0,0,0.0,0.0,0.0,0.0,0.0,0,0.0,0.0,95,1256,0,54,0.0,0.0,0.0,0.0,0.0,0.0,0.0,0.0,0,0,0,0,0,0.0,Has joined CR Vasco da Gama on loan for the rest of the season.,611,241,605,243,580,233,613,242,,,,,,,0.0,0.0,0.0,0.0,0.0,0.0,466,272,604,239,618,248,694,299,0.0,0.0
Kaden Rodney,Crystal Palace,MID,4.5,0,0,0.0,0.0,0,0,0,0,0,0,0,0,0,0,0,0,0.0,0.0,0.0,0.0,0.0,0,0.0,0.0,1291,2232,115,174,0.0,0.0,0.0,0.0,0.0,0.0,0.0,0.0,0,0,0,0,0,0.0,,608,238,602,240,577,230,610,239,,,,,,,0.0,0.0,0.0,0.0,0.0,0.0,462,268,601,236,615,245,593,234,0.0,0.0
Kepa Arrizabalaga,Arsenal,GKP,4.4,0,0,0.0,0.6,0,0,0,0,0,0,0,0,0,0,0,0,0.0,0.0,0.0,0.0,0.0,0,0.0,0.0,5481,41272,260,2159,-0.1,0.1,0.0,0.0,0.0,0.0,0.0,0.0,0,0,0,0,0,0.0,,523,75,508,59,474,52,525,75,,,,,,,0.0,0.0,0.0,0.0,0.0,0.0,521,33,509,74,528,75,228,31,0.0,0.0
Reece Welch,Everton,DEF,3.9,0,0,0.0,0.1,0,0,0,0,0,0,0,0,0,0,0,0,0.0,0.0,0.0,0.0,0.0,0,0.0,0.0,2233,6265,644,396,-0.1,0.1,0.0,0.0,0.0,0.0,0.0,0.0,0,0,0,0,0,0.0,,413,153,391,148,351,129,415,153,,,,,,,0.0,0.0,0.0,0.0,0.0,0.0,726,231,396,142,419,150,412,154,0.0,0.0
Roman Dixon,Everton,DEF,4.0,0,0,0.0,0.2,0,0,0,0,0,0,0,0,0,0,0,0,0.0,0.0,0.0,0.0,0.0,0,0.0,0.0,3477,9278,238,529,0.0,0.0,0.0,0.0,0.0,0.0,0.0,0.0,0,0,0,0,0,0.0,,483,185,466,183,429,167,485,185,,,,,,,0.0,0.0,0.0,0.0,0.0,0.0,678,191,467,175,489,182,371,135,0.0,0.0
Nathan Patterson,Everton,DEF,4.4,0,0,0.0,0.0,0,0,0,0,0,0,0,0,0,0,0,0,0.0,0.0,0.0,0.0,0.0,0,0.0,0.0,327,1937,51,58,-0.1,0.1,0.0,0.0,0.0,0.0,0.0,0.0,0,0,0,0,0,0.0,,535,222,520,221,487,208,537,222,,,,,,,0.0,0.0,0.0,0.0,0.0,0.0,545,138,523,216,541,219,663,224,0.0,0.0
Franco Umeh,Crystal Palace,MID,4.5,0,0,0.0,0.0,0,0,0,0,0,0,0,0,0,0,0,0,0.0,0.0,0.0,0.0,0.0,0,0.0,0.0,860,1569,71,97,0.0,0.0,0.0,0.0,0.0,0.0,0.0,0.0,0,0,0,0,0,0.0,has joined Portsmouth permanently.,625,252,619,254,593,244,626,253,,,,,,,0.0,0.0,0.0,0.0,0.0,0.0,482,283,618,250,632,259,632,262,0.0,0.0
Jarrad Branthwaite,Everton,DEF,5.3,0,0,0.0,0.2,0,0,0,0,0,0,0,0,0,0,0,0,0.0,0.0,0.0,0.0,0.0,0,0.0,0.0,799,57804,81,728,-0.2,0.2,0.0,0.0,0.0,0.0,0.0,0.0,0,0,0,0,0,0.0,Hamstring injury - 50% chance of playing,705,242,706,242,693,238,706,242,,,,,,,0.0,0.0,0.0,0.0,0.0,0.0,226,31,699,240,708,242,346,124,0.0,0.0
Harry Tyrer,Everton,GKP,4.0,0,0,0.0,0.1,0,0,0,0,0,0,0,0,0,0,0,0,0.0,0.0,0.0,0.0,0.0,0,0.0,0.0,1741,3578,159,253,0.0,0.0,0.0,0.0,0.0,0.0,0.0,0.0,0,0,0,0,0,0.0,,461,51,444,34,406,27,463,51,,,,,,,0.0,0.0,0.0,0.0,0.0,0.0,651,64,445,50,467,51,454,69,0.0,0.0
Mark Travers,Everton,GKP,4.5,0,0,0.0,0.1,0,0,0,0,0,0,0,0,0,0,0,0,0.0,0.0,0.0,0.0,0.0,0,0.0,0.0,1708,5329,153,345,0.0,0.0,0.0,0.0,0.0,0.0,0.0,0.0,0,0,0,0,0,0.0,,585,81,575,70,548,64,587,81,,,,,,,0.0,0.0,0.0,0.0,0.0,0.0,418,26,576,81,591,81,440,66,0.0,0.0
Zach Marsh,Crystal Palace,FWD,4.5,0,0,0.0,0.3,0,0,0,0,0,0,0,0,0,0,0,0,0.0,0.0,0.0,0.0,0.0,0,0.0,0.0,14749,18139,1794,1584,0.0,0.0,0.0,0.0,0.0,0.0,0.0,0.0,0,0,0,0,0,0.0,,630,63,624,63,598,60,631,63,,,,,,,0.0,0.0,0.0,0.0,0.0,0.0,487,64,623,61,637,64,310,52,0.0,0.0
Rio Cardines,Crystal Palace,MID,4.5,0,0,0.0,0.2,0,0,0,0,0,0,0,0,0,0,0,0,0.0,0.0,0.0,0.0,0.0,0,0.0,0.0,14408,12393,86,546,0.0,0.0,0.0,0.0,0.0,0.0,0.0,0.0,0,0,0,0,0,0.0,,635,257,629,259,603,249,636,258,,,,,,,0.0,0.0,0.0,0.0,0.0,0.0,493,289,628,255,642,264,375,125,0.0,0.0
Youssef Y.Chermiti,Everton,FWD,4.9,0,0,0.0,0.1,0,0,0,0,0,0,0,0,0,0,0,0,0.0,0.0,0.0,0.0,0.0,0,0.0,0.0,2418,11578,0,424,-0.1,0.1,0.0,0.0,0.0,0.0,0.0,0.0,0,0,0,0,0,0.0,has joined Rangers permanently.,675,69,669,69,650,66,676,69,,,,,,,0.0,0.0,0.0,0.0,0.0,0.0,360,57,668,67,678,70,487,67,0.0,0.0
Martin Sherif,Everton,FWD,4.4,0,0,0.0,0.2,0,0,0,0,0,0,0,0,0,0,0,0,0.0,0.0,0.0,0.0,0.0,0,0.0,0.0,8006,13989,724,931,-0.1,0.1,0.0,0.0,0.0,0.0,0.0,0.0,0,0,0,0,0,0.0,has joined Rotherham United on loan for the rest of the season.,558,52,544,52,514,50,560,53,,,,,,,0.0,0.0,0.0,0.0,0.0,0.0,581,75,548,51,564,54,353,57,0.0,0.0
Tom King,Everton,GKP,4.0,0,0,0.0,1.3,0,0,0,0,0,0,0,0,0,0,0,0,0.0,0.0,0.0,0.0,0.0,0,0.0,0.0,10916,34114,715,2429,0.0,0.0,0.0,0.0,0.0,0.0,0.0,0.0,0,0,0,0,0,0.0,,441,40,422,23,384,16,443,40,,,,,,,0.0,0.0,0.0,0.0,0.0,0.0,623,53,424,39,447,40,166,23,0.0,0.0
Adam Aznou,Everton,DEF,4.4,0,0,0.0,0.1,0,0,0,0,0,0,0,0,0,0,0,0,0.0,0.0,0.0,0.0,0.0,0,0.0,0.0,1059,8262,60,218,-0.1,0.1,0.0,0.0,0.0,0.0,0.0,0.0,0,0,0,0,0,0.0,,547,223,532,222,502,212,549,223,,,,,,,0.0,0.0,0.0,0.0,0.0,0.0,567,148,537,218,553,220,544,199,0.0,0.0
Benjamin Lecomte,Fulham,GKP,4.0,0,0,0.0,0.7,0,0,0,0,0,0,0,0,0,0,0,0,0.0,0.0,0.0,0.0,0.0,0,0.0,0.0,6777,17132,407,1132,0.0,0.0,0.0,0.0,0.0,0.0,0.0,0.0,0,0,0,0,0,0.0,,434,34,415,17,376,10,436,34,,,,,,,0.0,0.0,0.0,0.0,0.0,0.0,615,47,417,33,440,34,202,27,0.0,0.0
Nicolas N.Jackson,Chelsea,FWD,6.5,0,0,0.0,0.1,0,0,0,0,0,0,0,0,0,0,0,0,0.0,0.0,0.0,0.0,0.0,0,0.0,0.0,4962,13330,0,362,0.0,0.0,0.0,0.0,0.0,0.0,0.0,0.0,0,0,0,0,0,0.0,has joined Bayern Munich on loan for the rest of the season.,735,80,735,80,735,80,735,80,,,,,,,0.0,0.0,0.0,0.0,0.0,0.0,59,20,732,78,735,80,486,66,0.0,0.0
Harrison Reed,Fulham,MID,4.4,0,0,0.0,0.3,0,0,0,0,0,0,0,0,0,0,0,0,0.0,0.0,0.0,0.0,0.0,0,0.0,0.0,18764,18324,1320,1326,-0.1,0.1,0.0,0.0,0.0,0.0,0.0,0.0,0,0,0,0,0,0.0,,527,191,512,193,478,181,529,192,,,,,,,0.0,0.0,0.0,0.0,0.0,0.0,526,303,513,187,532,198,319,107,0.0,0.0
Luke Harris,Fulham,MID,4.5,0,0,0.0,0.0,0,0,0,0,0,0,0,0,0,0,0,0,0.0,0.0,0.0,0.0,0.0,0,0.0,0.0,0,237,0,3,0.0,0.0,0.0,0.0,0.0,0.0,0.0,0.0,0,0,0,0,0,0.0,Has joined Oxford United on loan for the rest of the season.,607,237,601,239,576,229,609,238,,,,,,,0.0,0.0,0.0,0.0,0.0,0.0,459,267,600,235,614,244,734,322,0.0,0.0
Martial Godo,Fulham,MID,4.5,0,0,0.0,0.0,0,0,0,0,0,0,0,0,0,0,0,0,0.0,0.0,0.0,0.0,0.0,0,0.0,0.0,898,4659,0,230,0.0,0.0,0.0,0.0,0.0,0.0,0.0,0.0,0,0,0,0,0,0.0,has joined Strasbourg permanently.,624,251,618,253,592,243,625,252,,,,,,,0.0,0.0,0.0,0.0,0.0,0.0,481,282,617,249,631,258,595,236,0.0,0.0
Jorrel Hato,Chelsea,DEF,4.8,0,0,0.0,0.2,0,0,66,0,1,0,0,0,0,2,0,0,1.2,2.5,2.0,0.5,0.0,0,0.0,0.0,5839,23957,225,898,-0.2,0.2,0.0,0.0,0.0,0.01,0.01,0.99,1,0,2,3,2,2.73,,393,141,332,117,325,115,390,136,,,,,,,0.0,0.0,0.01,0.01,1.35,1.36,381,64,644,234,656,236,365,130,1.36,0.0
Walter Benitez,Crystal Palace,GKP,4.0,0,0,0.0,0.4,0,0,0,0,0,0,0,0,0,0,0,0,0.0,0.0,0.0,0.0,0.0,0,0.0,0.0,6161,12681,32,1919,0.0,0.0,0.0,0.0,0.0,0.0,0.0,0.0,0,0,0,0,0,0.0,Hand injury - Expected back 05 Oct,439,38,420,21,382,14,441,38,,,,,,,0.0,0.0,0.0,0.0,0.0,0.0,621,51,422,37,445,38,282,38,0.0,0.0
Remi Matthews,Crystal Palace,GKP,4.0,0,0,0.0,0.1,0,0,0,0,0,0,0,0,0,0,0,0,0.0,0.0,0.0,0.0,0.0,0,0.0,0.0,1610,2848,205,211,0.0,0.0,0.0,0.0,0.0,0.0,0.0,0.0,0,0,0,0,0,0.0,,446,42,427,25,389,18,448,42,,,,,,,0.0,0.0,0.0,0.0,0.0,0.0,628,55,429,41,452,42,468,72,0.0,0.0
Andreas Andreas,Fulham,MID,5.3,0,0,0.0,0.1,0,0,0,0,0,0,0,0,0,0,0,0,0.0,0.0,0.0,0.0,0.0,0,0.0,0.0,2438,30501,0,864,-0.2,0.2,0.0,0.0,0.0,0.0,0.0,0.0,0,0,0,0,0,0.0,has joined Palmeiras permanently.,702,303,703,305,689,301,703,304,1.0,,1.0,,2.0,,0.0,0.0,0.0,0.0,0.0,0.0,216,135,695,300,705,305,473,158,0.0,0.0
Borna Sosa,Crystal Palace,DEF,4.9,0,0,0.0,0.1,0,0,0,0,0,0,0,0,0,0,0,0,0.0,0.0,0.0,0.0,0.0,0,0.0,0.0,3241,7754,225,560,-0.1,0.1,0.0,0.0,0.0,0.0,0.0,0.0,0,0,0,0,0,0.0,,664,237,656,237,635,229,665,237,4.0,,,,,,0.0,0.0,0.0,0.0,0.0,0.0,330,54,656,235,667,237,450,171,0.0,0.0
Chadi Chadi Riad,Crystal Palace,DEF,4.0,0,0,0.0,0.0,0,0,0,0,0,0,0,0,0,0,0,0,0.0,0.0,0.0,0.0,0.0,0,0.0,0.0,230,467,12,32,0.0,0.0,0.0,0.0,0.0,0.0,0.0,0.0,0,0,0,0,0,0.0,Knee injury - Unknown return date,489,189,472,187,435,171,491,189,,,,,,,0.0,0.0,0.0,0.0,0.0,0.0,685,196,473,179,495,186,708,238,0.0,0.0
Samuel Amissah,Fulham,DEF,3.9,0,0,0.0,0.1,0,0,0,0,0,0,0,0,0,0,0,0,0.0,0.0,0.0,0.0,0.0,0,0.0,0.0,2113,6891,334,361,-0.1,0.1,-0.1,0.1,0.0,0.0,0.0,0.0,0,0,0,0,0,0.0,,424,163,402,158,362,139,426,163,,,,,,,0.0,0.0,0.0,0.0,0.0,0.0,737,241,407,152,430,160,411,153,0.0,0.0
Issa Diop,Fulham,DEF,4.4,0,0,0.0,0.1,0,0,0,0,0,0,0,0,0,0,0,0,0.0,0.0,0.0,0.0,0.0,0,0.0,0.0,1323,4065,94,230,-0.1,0.1,0.0,0.0,0.0,0.0,0.0,0.0,0,0,0,0,0,0.0,,530,219,515,218,481,205,532,219,,,,,,,0.0,0.0,0.0,0.0,0.0,0.0,535,131,517,212,535,215,524,191,0.0,0.0
Rob Holding,Crystal Palace,DEF,4.0,0,0,0.0,0.0,0,0,0,0,0,0,0,0,0,0,0,0,0.0,0.0,0.0,0.0,0.0,0,0.0,0.0,0,2936,0,80,0.0,0.0,0.0,0.0,0.0,0.0,0.0,0.0,0,0,0,0,0,0.0,Has joined Colorado Rapids permanently.,443,168,424,164,386,147,445,168,,,,,,,0.0,0.0,0.0,0.0,0.0,0.0,625,161,426,157,449,165,641,217,0.0,0.0
Caleb Kporha,Crystal Palace,DEF,4.0,0,0,0.0,0.0,0,0,0,0,0,0,0,0,0,0,0,0,0.0,0.0,0.0,0.0,0.0,0,0.0,0.0,185,1372,18,31,0.0,0.0,0.0,0.0,0.0,0.0,0.0,0.0,0,0,0,0,0,0.0,Back injury - 25% chance of playing,512,206,495,204,459,189,514,206,,,,,,,0.0,0.0,0.0,0.0,0.0,0.0,711,216,497,197,517,202,671,228,0.0,0.0
Steven Benda,Fulham,GKP,4.0,0,0,0.0,0.0,0,0,0,0,0,0,0,0,0,0,0,0,0.0,0.0,0.0,0.0,0.0,0,0.0,0.0,0,297,0,13,0.0,0.0,0.0,0.0,0.0,0.0,0.0,0.0,0,0,0,0,0,0.0,Has joined Millwall on loan for the rest of the season.,456,49,439,32,401,25,458,49,,,,,,,0.0,0.0,0.0,0.0,0.0,0.0,644,62,439,48,462,49,715,82,0.0,0.0
Cheick Doucouré,Crystal Palace,MID,4.9,0,0,0.0,0.0,0,0,0,0,0,0,0,0,0,0,0,0,0.0,0.0,0.0,0.0,0.0,0,0.0,0.0,137,329,6,6,-0.1,0.1,0.0,0.0,0.0,0.0,0.0,0.0,0,0,0,0,0,0.0,Knee injury - Unknown return date,671,282,665,283,645,278,672,283,,,,,,,0.0,0.0,0.0,0.0,0.0,0.0,347,216,663,278,674,284,729,320,0.0,0.0
Elijah Campbell,Everton,DEF,4.0,0,0,0.0,0.2,0,0,0,0,0,0,0,0,0,0,0,0,0.0,0.0,0.0,0.0,0.0,0,0.0,0.0,12256,5343,288,588,0.0,0.0,0.0,0.0,0.0,0.0,0.0,0.0,0,0,0,0,0,0.0,,479,182,462,180,425,164,481,182,,,,,,,0.0,0.0,0.0,0.0,0.0,0.0,673,187,463,172,485,179,395,146,0.0,0.0
Tyler Onyango,Everton,MID,4.5,0,0,0.0,0.1,0,0,0,0,0,0,0,0,0,0,0,0,0.0,0.0,0.0,0.0,0.0,0,0.0,0.0,8420,6842,0,457,0.0,0.0,0.0,0.0,0.0,0.0,0.0,0.0,0,0,0,0,0,0.0,has joined Stockport County on loan for the rest of the season.,594,225,586,227,560,217,596,226,,,,,,,0.0,0.0,0.0,0.0,0.0,0.0,436,254,586,223,600,232,507,176,0.0,0.0
James McConnell,Liverpool,MID,4.4,0,0,0.0,0.0,0,0,0,0,0,0,0,0,0,0,0,0,0.0,0.0,0.0,0.0,0.0,0,0.0,0.0,1737,2270,138,186,-0.1,0.1,0.0,0.0,0.0,0.0,0.0,0.0,0,0,0,0,0,0.0,has joined Ajax on loan for the rest of the season.,544,197,529,199,499,188,546,198,,,,,,,0.0,0.0,0.0,0.0,0.0,0.0,564,311,534,194,550,204,606,245,0.0,0.0
Tyler Morton,Liverpool,MID,4.5,0,0,0.0,0.0,0,0,0,0,0,0,0,0,0,0,0,0,0.0,0.0,0.0,0.0,0.0,0,0.0,0.0,0,289,0,5,0.0,0.0,0.0,0.0,0.0,0.0,0.0,0.0,0,0,0,0,0,0.0,Has joined Lyon permanently.,588,220,579,222,553,212,590,221,,,,,,,0.0,0.0,0.0,0.0,0.0,0.0,428,249,580,218,594,227,730,321,0.0,0.0
Trey Nyoni,Liverpool,MID,4.4,0,0,0.0,0.2,0,0,0,0,0,0,0,0,0,0,0,0,0.0,0.0,0.0,0.0,0.0,0,0.0,0.0,25265,17091,346,1097,-0.1,0.1,0.0,0.0,0.0,0.0,0.0,0.0,0,0,0,0,0,0.0,,567,209,553,211,524,200,569,210,,,,,,,0.0,0.0,0.0,0.0,0.0,0.0,592,324,557,206,573,216,360,122,0.0,0.0
Jayce Fitzgerald,Man Utd,MID,4.4,0,0,0.0,0.0,0,0,0,0,0,0,0,0,0,0,0,0,0.0,0.0,0.0,0.0,0.0,0,0.0,0.0,870,1867,173,110,-0.1,0.1,0.0,0.0,0.0,0.0,0.0,0.0,0,0,0,0,0,0.0,,562,207,548,209,519,198,564,208,,,,,,,0.0,0.0,0.0,0.0,0.0,0.0,587,322,552,204,568,214,607,246,0.0,0.0
Yoane Wissa,Newcastle,FWD,7.4,0,0,0.0,0.8,0,0,0,0,0,0,0,0,0,0,0,0,0.0,0.0,0.0,0.0,0.0,0,0.0,0.0,84467,280310,124,7027,-0.1,0.1,-0.1,0.1,0.0,0.0,0.0,0.0,0,0,0,0,0,0.0,Knee injury - Expected back 18 Oct,739,82,739,82,739,82,739,82,,,,,1.0,,0.0,0.0,0.0,0.0,0.0,0.0,26,10,738,82,739,82,198,32,0.0,0.0
Senne Lammens,Man Utd,GKP,5.0,0,0,0.0,0.1,0,0,0,0,0,0,0,0,0,0,0,0,0.0,0.0,0.0,0.0,0.0,0,0.0,0.0,10793,3690,867,1088,0.0,0.0,0.0,0.0,0.0,0.0,0.0,0.0,0,0,0,0,0,0.0,,688,85,689,83,673,80,689,85,,,,,,,0.0,0.0,0.0,0.0,0.0,0.0,279,14,681,85,691,85,456,70,0.0,0.0
Ben Gannon-Doak,Bournemouth,MID,5.0,0,0,0.0,0.0,0,0,0,0,0,0,0,0,0,0,0,0,0.0,0.0,0.0,0.0,0.0,0,0.0,0.0,3414,4231,47,277,0.0,0.0,0.0,0.0,0.0,0.0,0.0,0.0,0,0,0,0,0,0.0,,694,299,695,301,679,296,695,300,,,,,,,0.0,0.0,0.0,0.0,0.0,0.0,290,176,687,296,697,301,578,222,0.0,0.0
Ethan Wheatley,Man Utd,FWD,4.5,0,0,0.0,0.1,0,0,0,0,0,0,0,0,0,0,0,0,0.0,0.0,0.0,0.0,0.0,0,0.0,0.0,3886,8064,468,528,0.0,0.0,0.0,0.0,0.0,0.0,0.0,0.0,0,0,0,0,0,0.0,has joined Northampton Town on loan for the rest of the season.,627,61,621,61,595,58,628,61,,,,,,,0.0,0.0,0.0,0.0,0.0,0.0,484,62,620,59,634,62,424,62,0.0,0.0
Chido Obi,Man Utd,FWD,4.4,0,0,0.0,1.4,0,0,0,0,0,0,0,0,0,0,0,0,0.0,0.0,0.0,0.0,0.0,0,0.0,0.0,33098,121163,2009,6087,-0.1,0.1,0.0,0.0,0.0,0.0,0.0,0.0,0,0,0,0,0,0.0,,569,56,555,56,526,54,571,57,,,,,,,0.0,0.0,0.0,0.0,0.0,0.0,594,79,559,55,575,58,158,25,0.0,0.0
Rasmus Højlund,Man Utd,FWD,6.3,0,0,0.0,0.3,0,0,0,0,0,0,0,0,0,0,0,0,0.0,0.0,0.0,0.0,0.0,0,0.0,0.0,5437,49574,0,1299,-0.2,0.2,0.0,0.0,0.0,0.0,0.0,0.0,0,0,0,0,0,0.0,has joined Napoli on loan for the rest of the season.,731,77,731,77,731,77,731,77,,,,,,,0.0,0.0,0.0,0.0,0.0,0.0,79,25,728,75,731,77,293,49,0.0,0.0
Jack Moorhouse,Man Utd,MID,4.5,0,0,0.0,0.0,0,0,0,0,0,0,0,0,0,0,0,0,0.0,0.0,0.0,0.0,0.0,0,0.0,0.0,723,1553,127,115,0.0,0.0,0.0,0.0,0.0,0.0,0.0,0.0,0,0,0,0,0,0.0,has joined Leyton Orient on loan for the rest of the season.,618,247,612,249,587,239,620,248,,,,,,,0.0,0.0,0.0,0.0,0.0,0.0,475,278,612,245,626,254,630,261,0.0,0.0
Sékou Kone,Man Utd,MID,4.4,0,0,0.0,0.1,0,0,0,0,0,0,0,0,0,0,0,0,0.0,0.0,0.0,0.0,0.0,0,0.0,0.0,3131,4726,398,392,-0.1,0.1,0.0,0.0,0.0,0.0,0.0,0.0,0,0,0,0,0,0.0,,573,212,559,214,530,203,575,213,,,,,,,0.0,0.0,0.0,0.0,0.0,0.0,599,327,563,209,579,219,502,173,0.0,0.0
Jack J.Fletcher,Man Utd,MID,4.4,0,0,0.0,0.1,0,0,0,0,0,0,0,0,0,0,0,0,0.0,0.0,0.0,0.0,0.0,0,0.0,0.0,2594,2661,141,222,-0.1,0.1,0.0,0.0,0.0,0.0,0.0,0.0,0,0,0,0,0,0.0,,559,205,545,207,515,196,561,206,,,,,,,0.0,0.0,0.0,0.0,0.0,0.0,582,319,549,202,565,212,567,212,0.0,0.0
Toby Collyer,Man Utd,MID,4.5,0,0,0.0,0.0,0,0,0,0,0,0,0,0,0,0,0,0,0.0,0.0,0.0,0.0,0.0,0,0.0,0.0,423,7464,0,179,0.0,0.0,0.0,0.0,0.0,0.0,0.0,0.0,0,0,0,0,0,0.0,Has joined West Bromwich Albion on loan for the rest of the season.,599,230,592,232,567,222,601,231,,,,,,,0.0,0.0,0.0,0.0,0.0,0.0,447,260,591,228,605,237,588,230,0.0,0.0
Darwin Darwin,Liverpool,FWD,6.5,0,0,0.0,0.1,0,0,0,0,0,0,0,0,0,0,0,0,0.0,0.0,0.0,0.0,0.0,0,0.0,0.0,0,14951,0,133,0.0,0.0,0.0,0.0,0.0,0.0,0.0,0.0,0,0,0,0,0,0.0,Has joined Al-Hilal permanently.,734,79,734,79,734,79,734,79,,,,,,,0.0,0.0,0.0,0.0,0.0,0.0,58,19,731,77,734,79,514,69,0.0,0.0
Remy Rees-Dottin,Bournemouth,MID,4.5,0,0,0.0,0.1,0,0,0,0,0,0,0,0,0,0,0,0,0.0,0.0,0.0,0.0,0.0,0,0.0,0.0,6102,6657,95,314,0.0,0.0,0.0,0.0,0.0,0.0,0.0,0.0,0,0,0,0,0,0.0,,640,261,634,263,608,253,641,262,,,,,,,0.0,0.0,0.0,0.0,0.0,0.0,499,293,633,259,647,268,459,153,0.0,0.0
Álex A.Jimenez,Bournemouth,DEF,4.5,0,0,0.0,0.0,0,0,48,0,0,0,0,0,0,2,0,0,4.4,1.9,9.0,1.5,0.0,0,0.0,0.0,1008,347,209,75,0.0,0.0,0.0,0.0,0.05,0.01,0.06,0.14,1,3,2,2,5,9.38,,364,134,342,122,257,83,364,128,,,,,,,0.09,0.0,0.02,0.11,0.26,0.0,473,107,610,228,624,230,686,231,1.88,0.0
Antony Antony,Man Utd,MID,5.9,0,0,0.0,0.1,0,0,0,0,0,0,0,0,0,0,0,0,0.0,0.0,0.0,0.0,0.0,0,0.0,0.0,1511,9194,0,302,-0.1,0.1,0.0,0.0,0.0,0.0,0.0,0.0,0,0,0,0,0,0.0,has joined Real Betis permanently.,729,322,729,322,729,322,729,322,,,,,,,0.0,0.0,0.0,0.0,0.0,0.0,111,75,725,320,729,322,517,182,0.0,0.0
Marcus Rashford,Man Utd,MID,7.0,0,0,0.0,0.0,0,0,0,0,0,0,0,0,0,0,0,0,0.0,0.0,0.0,0.0,0.0,0,0.0,0.0,0,1751,0,16,0.0,0.0,0.0,0.0,0.0,0.0,0.0,0.0,0,0,0,0,0,0.0,Has joined Barcelona on loan for the rest of the season,737,326,737,326,737,326,737,326,,,,,,,0.0,0.0,0.0,0.0,0.0,0.0,33,19,734,325,737,326,655,278,0.0,0.0
Reiss Nelson,Brentford,MID,4.9,0,0,0.0,0.1,0,0,0,0,0,0,0,0,0,0,0,0,0.0,0.0,0.0,0.0,0.0,0,0.0,0.0,5866,9568,302,502,-0.1,0.1,0.0,0.0,0.0,0.0,0.0,0.0,0,0,0,0,0,0.0,,659,274,652,275,630,269,660,275,,,,,,,0.0,0.0,0.0,0.0,0.0,0.0,323,202,652,271,663,277,449,148,0.0,0.0
Ellery Balcombe,Brentford,GKP,4.0,0,0,0.0,0.3,0,0,0,0,0,0,0,0,0,0,0,0,0.0,0.0,0.0,0.0,0.0,0,0.0,0.0,7059,8924,515,711,0.0,0.0,0.0,0.0,0.0,0.0,0.0,0.0,0,0,0,0,0,0.0,,453,47,436,30,398,23,455,47,,,,,,,0.0,0.0,0.0,0.0,0.0,0.0,640,60,436,46,459,47,305,45,0.0,0.0
Tyrell Malacia,Man Utd,DEF,3.9,0,0,0.0,0.4,0,0,0,0,0,0,0,0,0,0,0,0,0.0,0.0,0.0,0.0,0.0,0,0.0,0.0,18450,16788,1376,1562,-0.1,0.1,0.0,0.0,0.0,0.0,0.0,0.0,0,0,0,0,0,0.0,,407,147,385,142,345,123,409,147,,,,,,,0.0,0.0,0.0,0.0,0.0,0.0,720,225,390,136,413,144,280,101,0.0,0.0
Tyler Fredricson,Man Utd,DEF,3.9,0,0,0.0,0.1,0,0,0,0,0,0,0,0,0,0,0,0,0.0,0.0,0.0,0.0,0.0,0,0.0,0.0,4357,5282,258,455,-0.1,0.1,0.0,0.0,0.0,0.0,0.0,0.0,0,0,0,0,0,0.0,,417,157,395,152,355,133,419,157,,,,,,,0.0,0.0,0.0,0.0,0.0,0.0,730,235,400,146,423,154,438,166,0.0,0.0
Harry Amass,Man Utd,DEF,4.0,0,0,0.0,0.1,0,0,0,0,0,0,0,0,0,0,0,0,0.0,0.0,0.0,0.0,0.0,0,0.0,0.0,1160,9888,0,484,0.0,0.0,0.0,0.0,0.0,0.0,0.0,0.0,0,0,0,0,0,0.0,has joined Sheffield Wednesday on loan for the rest of the season.,508,203,491,201,455,186,510,203,,,,,,,0.0,0.0,0.0,0.0,0.0,0.0,707,213,493,194,513,199,464,175,0.0,0.0
Mark Gillespie,Newcastle,GKP,4.0,0,0,0.0,0.1,0,0,0,0,0,0,0,0,0,0,0,0,0.0,0.0,0.0,0.0,0.0,0,0.0,0.0,2360,4014,146,275,0.0,0.0,0.0,0.0,0.0,0.0,0.0,0.0,0,0,0,0,0,0.0,,432,32,413,15,374,8,434,32,,,,,,,0.0,0.0,0.0,0.0,0.0,0.0,613,45,415,31,438,32,409,61,0.0,0.0
Odysseas Odysseas,Newcastle,GKP,4.0,0,0,0.0,0.0,0,0,0,0,0,0,0,0,0,0,0,0,0.0,0.0,0.0,0.0,0.0,0,0.0,0.0,0,1628,0,48,0.0,0.0,0.0,0.0,0.0,0.0,0.0,0.0,0,0,0,0,0,0.0,Has joined Sevilla on loan for the rest of the season.,438,37,419,20,381,13,440,37,,,,,,,0.0,0.0,0.0,0.0,0.0,0.0,620,50,421,36,444,37,650,79,0.0,0.0
Daniel Adu-Adjei,Bournemouth,FWD,4.4,0,0,0.0,0.3,0,0,0,0,0,0,0,0,0,0,0,0,0.0,0.0,0.0,0.0,0.0,0,0.0,0.0,22144,22358,2468,1807,-0.1,0.1,0.0,0.0,0.0,0.0,0.0,0.0,0,0,0,0,0,0.0,has joined HNK Rijeka permanently.,566,55,552,55,523,53,568,56,,,,,,,0.0,0.0,0.0,0.0,0.0,0.0,591,78,556,54,572,57,295,50,0.0,0.0
Enes Enes Ünal,Bournemouth,FWD,5.5,0,0,0.0,0.0,0,0,0,0,0,0,0,0,0,0,0,0,0.0,0.0,0.0,0.0,0.0,0,0.0,0.0,392,891,19,45,0.0,0.0,0.0,0.0,0.0,0.0,0.0,0.0,0,0,0,0,0,0.0,Knee injury - Unknown return date,717,75,718,75,715,74,718,75,,,2.0,,,,0.0,0.0,0.0,0.0,0.0,0.0,140,33,714,73,719,75,689,81,0.0,0.0
Seung-Soo Seung soo,Newcastle,MID,4.5,0,0,0.0,0.2,0,0,0,0,0,0,0,0,0,0,0,0,0.0,0.0,0.0,0.0,0.0,0,0.0,0.0,10529,10079,141,510,0.0,0.0,0.0,0.0,0.0,0.0,0.0,0.0,0,0,0,0,0,0.0,,645,266,639,268,613,258,646,267,,,,,,,0.0,0.0,0.0,0.0,0.0,0.0,508,300,637,263,650,271,400,135,0.0,0.0
Owen Bevan,Bournemouth,DEF,4.0,0,0,0.0,0.2,0,0,0,0,0,0,0,0,0,0,0,0,0.0,0.0,0.0,0.0,0.0,0,0.0,0.0,2502,6909,160,355,0.0,0.0,0.0,0.0,0.0,0.0,0.0,0.0,0,0,0,0,0,0.0,,492,192,475,190,438,174,494,192,,,,,,,0.0,0.0,0.0,0.0,0.0,0.0,688,199,476,182,498,189,403,150,0.0,0.0
Aaron Ramsdale,Newcastle,GKP,4.9,0,0,0.0,0.7,0,0,0,0,0,0,0,0,0,0,0,0,0.0,0.0,0.0,0.0,0.0,0,0.0,0.0,8483,42840,649,2271,-0.1,0.1,0.0,0.0,0.0,0.0,0.0,0.0,0,0,0,0,0,0.0,,666,84,659,76,639,71,667,84,,,,,,,0.0,0.0,0.0,0.0,0.0,0.0,335,17,658,84,669,84,209,29,0.0,0.0
Sean Neave,Newcastle,FWD,4.4,0,0,0.0,0.2,0,0,0,0,0,0,0,0,0,0,0,0,0.0,0.0,0.0,0.0,0.0,0,0.0,0.0,8318,14622,733,865,-0.1,0.1,0.0,0.0,0.0,0.0,0.0,0.0,0,0,0,0,0,0.0,,571,57,557,57,528,55,573,58,,,,,,,0.0,0.0,0.0,0.0,0.0,0.0,596,80,561,56,577,59,341,55,0.0,0.0
Julián J.Araujo,Bournemouth,DEF,4.0,0,0,0.0,0.9,0,0,0,0,0,0,0,0,0,0,0,0,0.0,0.0,0.0,0.0,0.0,0,0.0,0.0,18624,61422,811,3046,0.0,0.0,0.0,0.0,0.0,0.0,0.0,0.0,0,0,0,0,0,0.0,,458,175,441,173,403,156,460,175,,,,,,,0.0,0.0,0.0,0.0,0.0,0.0,647,175,441,164,464,172,190,72,0.0,0.0
Joe White,Newcastle,MID,4.5,0,0,0.0,0.0,0,0,0,0,0,0,0,0,0,0,0,0,0.0,0.0,0.0,0.0,0.0,0,0.0,0.0,0,932,0,22,0.0,0.0,0.0,0.0,0.0,0.0,0.0,0.0,0,0,0,0,0,0.0,Has joined Leyton Orient on loan for the rest of the season.,595,226,587,228,561,218,597,227,,,,,,,0.0,0.0,0.0,0.0,0.0,0.0,437,255,587,224,601,233,707,307,0.0,0.0
Chris Mepham,Bournemouth,DEF,4.0,0,0,0.0,0.1,0,0,0,0,0,0,0,0,0,0,0,0,0.0,0.0,0.0,0.0,0.0,0,0.0,0.0,1400,10907,0,541,0.0,0.0,0.0,0.0,0.0,0.0,0.0,0.0,0,0,0,0,0,0.0,has joined West Bromwich Albion permanently.,451,172,434,170,396,153,453,172,,,,,,,0.0,0.0,0.0,0.0,0.0,0.0,638,170,434,161,457,169,453,172,0.0,0.0
Garang Kuol,Newcastle,MID,4.4,0,0,0.0,0.1,0,0,0,0,0,0,0,0,0,0,0,0,0.0,0.0,0.0,0.0,0.0,0,0.0,0.0,2219,3654,288,258,-0.1,0.1,0.0,0.0,0.0,0.0,0.0,0.0,0,0,0,0,0,0.0,has joined Sparta Prague permanently.,563,208,549,210,520,199,565,209,,,,,,,0.0,0.0,0.0,0.0,0.0,0.0,588,323,553,205,569,215,535,194,0.0,0.0
Isaac Hayden,Newcastle,MID,4.5,0,0,0.0,0.0,0,0,0,0,0,0,0,0,0,0,0,0,0.0,0.0,0.0,0.0,0.0,0,0.0,0.0,0,1270,0,26,0.0,0.0,0.0,0.0,0.0,0.0,0.0,0.0,0,0,0,0,0,0.0,Has departed the club as a free agent.,578,215,566,217,538,206,580,216,,,,,,,0.0,0.0,0.0,0.0,0.0,0.0,402,243,569,212,584,222,696,300,0.0,0.0
Antoñito Antoñito C.,Newcastle,MID,4.9,0,0,0.0,0.0,0,0,0,0,0,0,0,0,0,0,0,0,0.0,0.0,0.0,0.0,0.0,0,0.0,0.0,655,2136,57,107,-0.1,0.1,0.0,0.0,0.0,0.0,0.0,0.0,0,0,0,0,0,0.0,has joined KVC Westerlo on loan for the rest of the season.,682,290,677,292,657,286,683,291,,,,,,,0.0,0.0,0.0,0.0,0.0,0.0,374,237,675,287,685,292,611,249,0.0,0.0
Philip Philip,Bournemouth,MID,4.9,0,0,0.0,0.0,0,0,0,0,0,0,0,0,0,0,0,0,0.0,0.0,0.0,0.0,0.0,0,0.0,0.0,598,5543,0,130,-0.1,0.1,0.0,0.0,0.0,0.0,0.0,0.0,0,0,0,0,0,0.0,Has joined Midtjylland permanently.,658,273,651,274,629,268,659,274,,,,,,,0.0,0.0,0.0,0.0,0.0,0.0,319,198,650,269,662,276,619,254,0.0,0.0
Luis Sinisterra,Bournemouth,MID,5.0,0,0,0.0,0.0,0,0,0,0,0,0,0,0,0,0,0,0,0.0,0.0,0.0,0.0,0.0,0,0.0,0.0,396,3355,0,88,0.0,0.0,0.0,0.0,0.0,0.0,0.0,0.0,0,0,0,0,0,0.0,Has joined Cruzeiro on loan for the rest of the season.,684,291,685,293,668,288,685,292,,,,,,,0.0,0.0,0.0,0.0,0.0,0.0,267,162,677,288,687,293,672,285,0.0,0.0
Romain Faivre,Bournemouth,MID,4.5,0,0,0.0,0.1,0,0,0,0,0,0,0,0,0,0,0,0,0.0,0.0,0.0,0.0,0.0,0,0.0,0.0,3740,13103,0,692,0.0,0.0,0.0,0.0,0.0,0.0,0.0,0.0,0,0,0,0,0,0.0,has joined Al Taawoun permanently.,589,221,580,223,554,213,591,222,,,,,,,0.0,0.0,0.0,0.0,0.0,0.0,429,250,581,219,595,228,462,154,0.0,0.0
Matt Targett,Newcastle,DEF,4.0,0,0,0.0,0.3,0,0,0,0,0,0,0,0,0,0,0,0,0.0,0.0,0.0,0.0,0.0,0,0.0,0.0,3759,29482,0,1559,0.0,0.0,0.0,0.0,0.0,0.0,0.0,0.0,0,0,0,0,0,0.0,has joined Middlesbrough on loan for the rest of the season.,445,170,426,166,388,149,447,170,,,,,,,0.0,0.0,0.0,0.0,0.0,0.0,627,163,428,159,451,167,316,113,0.0,0.0
Miodrag Pivas,Newcastle,DEF,3.9,0,0,0.0,0.2,0,0,0,0,0,0,0,0,0,0,0,0,0.0,0.0,0.0,0.0,0.0,0,0.0,0.0,15783,7384,824,1083,-0.1,0.1,0.0,0.0,0.0,0.0,0.0,0.0,0,0,0,0,0,0.0,,421,161,399,156,359,137,423,161,,,,,,,0.0,0.0,0.0,0.0,0.0,0.0,734,239,404,150,427,158,335,120,0.0,0.0
Harrison Ashby,Newcastle,DEF,3.9,0,0,0.0,0.2,0,0,0,0,0,0,0,0,0,0,0,0,0.0,0.0,0.0,0.0,0.0,0,0.0,0.0,6252,6066,630,545,-0.1,0.1,0.0,0.0,0.0,0.0,0.0,0.0,0,0,0,0,0,0.0,,411,151,389,146,349,127,413,151,,,,,,,0.0,0.0,0.0,0.0,0.0,0.0,724,229,394,140,417,148,389,142,0.0,0.0
Alex A.Murphy,Newcastle,DEF,3.9,0,0,0.0,0.7,0,0,0,0,0,0,0,0,0,0,0,0,0.0,0.0,0.0,0.0,0.0,0,0.0,0.0,15648,36407,1620,2076,-0.1,0.1,-0.1,0.1,0.0,0.0,0.0,0.0,0,0,0,0,0,0.0,,416,156,394,151,354,132,418,156,,,,,,,0.0,0.0,0.0,0.0,0.0,0.0,729,234,399,145,422,153,217,79,0.0,0.0
Emil Krafth,Newcastle,DEF,4.4,0,0,0.0,0.0,0,0,0,0,0,0,0,0,0,0,0,0,0.0,0.0,0.0,0.0,0.0,0,0.0,0.0,792,2516,58,150,-0.1,0.1,0.0,0.0,0.0,0.0,0.0,0.0,0,0,0,0,0,0.0,,525,215,510,214,476,201,527,215,,,,,,,0.0,0.0,0.0,0.0,0.0,0.0,524,121,511,207,530,211,583,207,0.0,0.0
Zain Silcott-Duberry,Bournemouth,MID,4.4,0,0,0.0,0.2,0,0,0,0,0,0,0,0,0,0,0,0,0.0,0.0,0.0,0.0,0.0,0,0.0,0.0,15405,7708,4010,1472,-0.1,0.1,0.0,0.0,0.0,0.0,0.0,0.0,0,0,0,0,0,0.0,has joined Olympiakos permanently.,553,203,539,205,509,194,555,204,,,,,,,0.0,0.0,0.0,0.0,0.0,0.0,576,317,543,200,559,210,384,130,0.0,0.0
Matthew Cox,Brentford,GKP,4.0,0,0,0.0,0.1,0,0,0,0,0,0,0,0,0,0,0,0,0.0,0.0,0.0,0.0,0.0,0,0.0,0.0,2750,3892,251,281,0.0,0.0,0.0,0.0,0.0,0.0,0.0,0.0,0,0,0,0,0,0.0,,485,65,468,48,431,41,487,65,,,,,,,0.0,0.0,0.0,0.0,0.0,0.0,680,78,469,64,491,65,407,60,0.0,0.0
Julian Eyestone,Brentford,GKP,4.0,0,0,0.0,0.1,0,0,0,0,0,0,0,0,0,0,0,0,0.0,0.0,0.0,0.0,0.0,0,0.0,0.0,934,2193,80,155,0.0,0.0,0.0,0.0,0.0,0.0,0.0,0.0,0,0,0,0,0,0.0,,494,67,477,50,441,43,496,67,,,,,,,0.0,0.0,0.0,0.0,0.0,0.0,692,80,479,66,500,67,522,78,0.0,0.0
Hákon Rafn Valdimarsson,Brentford,GKP,4.0,0,0,0.0,0.7,0,0,0,0,0,0,0,0,0,0,0,0,0.0,0.0,0.0,0.0,0.0,0,0.0,0.0,4839,26626,279,2192,0.0,0.0,0.0,0.0,0.0,0.0,0.0,0.0,0,0,0,0,0,0.0,,486,66,469,49,432,42,488,66,,,,,,,0.0,0.0,0.0,0.0,0.0,0.0,681,79,470,65,492,66,201,26,0.0,0.0
Paris Maghoma,Brentford,MID,4.5,0,0,0.0,0.0,0,0,0,0,0,0,0,0,0,0,0,0,0.0,0.0,0.0,0.0,0.0,0,0.0,0.0,178,1765,8,55,0.0,0.0,0.0,0.0,0.0,0.0,0.0,0.0,0,0,0,0,0,0.0,Lack of match fitness - 25% chance of playing,582,217,572,219,545,208,584,218,,,,,,,0.0,0.0,0.0,0.0,0.0,0.0,413,245,573,214,588,224,675,288,0.0,0.0
Ryan Trevitt,Brentford,MID,4.5,0,0,0.0,0.0,0,0,0,0,0,0,0,0,0,0,0,0,0.0,0.0,0.0,0.0,0.0,0,0.0,0.0,0,718,0,17,0.0,0.0,0.0,0.0,0.0,0.0,0.0,0.0,0,0,0,0,0,0.0,Has joined Wigan on loan for the rest of the season,637,259,631,261,605,251,638,260,,,,,,,0.0,0.0,0.0,0.0,0.0,0.0,495,291,630,257,644,266,713,311,0.0,0.0
Iwan Morgan,Brentford,FWD,4.4,0,0,0.0,0.4,0,0,0,0,0,0,0,0,0,0,0,0,0.0,0.0,0.0,0.0,0.0,0,0.0,0.0,20860,29123,2224,1862,-0.1,0.1,0.0,0.0,0.0,0.0,0.0,0.0,0,0,0,0,0,0.0,,555,51,541,51,511,49,557,52,,,,,,,0.0,0.0,0.0,0.0,0.0,0.0,578,74,545,50,561,53,257,41,0.0,0.0
Vitor Vitor Reis,Man City,DEF,5.0,0,0,0.0,0.0,0,0,0,0,0,0,0,0,0,0,0,0,0.0,0.0,0.0,0.0,0.0,0,0.0,0.0,0,768,0,10,0.0,0.0,0.0,0.0,0.0,0.0,0.0,0.0,0,0,0,0,0,0.0,Has joined Girona on loan for the rest of the season.,699,240,700,240,685,235,700,240,,,,,,,0.0,0.0,0.0,0.0,0.0,0.0,305,50,692,238,702,240,716,240,0.0,0.0
Jason Steele,Brighton,GKP,4.4,0,0,0.0,0.3,0,0,0,0,0,0,0,0,0,0,0,0,0.0,0.0,0.0,0.0,0.0,0,0.0,0.0,3675,20087,236,1160,-0.1,0.1,0.0,0.0,0.0,0.0,0.0,0.0,0,0,0,0,0,0.0,,520,74,503,57,468,50,522,74,,,,,,,0.0,0.0,0.0,0.0,0.0,0.0,514,31,506,73,525,74,292,42,0.0,0.0
Tom McGill,Brighton,GKP,4.0,0,0,0.0,0.4,0,0,0,0,0,0,0,0,0,0,0,0,0.0,0.0,0.0,0.0,0.0,0,0.0,0.0,7284,10405,512,850,0.0,0.0,0.0,0.0,0.0,0.0,0.0,0.0,0,0,0,0,0,0.0,,447,43,429,26,391,19,449,43,,,,,,,0.0,0.0,0.0,0.0,0.0,0.0,632,56,430,42,453,43,284,39,0.0,0.0
Carl Rushworth,Brighton,GKP,4.0,0,0,0.0,0.0,0,0,0,0,0,0,0,0,0,0,0,0,0.0,0.0,0.0,0.0,0.0,0,0.0,0.0,0,152,0,6,0.0,0.0,0.0,0.0,0.0,0.0,0.0,0.0,0,0,0,0,0,0.0,Has joined Coventry City on loan for the rest of the season.,471,57,454,40,417,33,473,57,,,,,,,0.0,0.0,0.0,0.0,0.0,0.0,663,70,455,56,477,57,731,84,0.0,0.0
Kjell Scherpen,Brighton,GKP,4.0,0,0,0.0,0.0,0,0,0,0,0,0,0,0,0,0,0,0,0.0,0.0,0.0,0.0,0.0,0,0.0,0.0,0,142,0,4,0.0,0.0,0.0,0.0,0.0,0.0,0.0,0.0,0,0,0,0,0,0.0,Has joined Union SG permanently,454,48,437,31,399,24,456,48,,,,,,,0.0,0.0,0.0,0.0,0.0,0.0,641,61,437,47,460,48,732,85,0.0,0.0
Olivier Boscagli,Brighton,DEF,4.4,0,0,0.0,0.1,0,0,0,0,0,0,0,0,0,0,0,0,0.0,0.0,0.0,0.0,0.0,0,0.0,0.0,1657,6504,68,263,-0.1,0.1,0.0,0.0,0.0,0.0,0.0,0.0,0,0,0,0,0,0.0,,529,218,514,217,480,204,531,218,,,,,,,0.0,0.0,0.0,0.0,0.0,0.0,531,127,515,210,534,214,494,183,0.0,0.0
Manuel Akanji,Man City,DEF,5.4,0,0,0.0,0.4,0,0,0,0,0,0,0,0,0,0,0,0,0.0,0.0,0.0,0.0,0.0,0,0.0,0.0,9281,73033,0,2357,-0.1,0.1,0.0,0.0,0.0,0.0,0.0,0.0,0,0,0,0,0,0.0,has joined Inter Milan on loan for the rest of the season.,708,243,709,243,699,240,709,243,,,,,,,0.0,0.0,0.0,0.0,0.0,0.0,184,23,704,242,711,243,279,100,0.0,0.0
Pervis Estupiñan,Brighton,DEF,4.5,0,0,0.0,0.0,0,0,0,0,0,0,0,0,0,0,0,0,0.0,0.0,0.0,0.0,0.0,0,0.0,0.0,0,1742,0,34,0.0,0.0,0.0,0.0,0.0,0.0,0.0,0.0,0,0,0,0,0,0.0,Has joined AC Milan permanently,580,226,570,225,543,217,582,226,,,4.0,,,,0.0,0.0,0.0,0.0,0.0,0.0,411,83,571,221,586,223,685,230,0.0,0.0
Tariq Lamptey,Brighton,DEF,4.4,0,0,0.0,0.2,0,0,0,0,0,0,0,0,0,0,0,0,0.0,0.0,0.0,0.0,0.0,0,0.0,0.0,2778,29595,0,1285,-0.1,0.1,0.0,0.0,0.0,0.0,0.0,0.0,0,0,0,0,0,0.0,has joined Fiorentina permanently.,533,220,518,219,485,206,535,220,,,,,,,0.0,0.0,0.0,0.0,0.0,0.0,542,135,521,214,539,217,397,147,0.0,0.0
Marcus Bettinelli,Man City,GKP,4.0,0,0,0.0,0.1,0,0,0,0,0,0,0,0,0,0,0,0,0.0,0.0,0.0,0.0,0.0,0,0.0,0.0,1485,7161,147,281,0.0,0.0,0.0,0.0,0.0,0.0,0.0,0.0,0,0,0,0,0,0.0,,440,39,421,22,383,15,442,39,,,,,,,0.0,0.0,0.0,0.0,0.0,0.0,622,52,423,38,446,39,447,68,0.0,0.0
Stefan Ortega Moreno,Man City,GKP,4.9,0,0,0.0,0.2,0,0,0,0,0,0,0,0,0,0,0,0,0.0,0.0,0.0,0.0,0.0,0,0.0,0.0,1518,12154,40,523,-0.1,0.1,0.0,0.0,0.0,0.0,0.0,0.0,0,0,0,0,0,0.0,,653,82,646,74,622,69,654,82,,,,,,,0.0,0.0,0.0,0.0,0.0,0.0,308,15,645,82,657,82,370,56,0.0,0.0
Ederson Ederson M.,Man City,GKP,5.3,0,0,0.0,1.2,0,0,0,0,0,0,0,0,0,0,0,0,0.0,0.0,0.0,0.0,0.0,0,0.0,0.0,15200,228183,0,7353,-0.2,0.2,0.0,0.0,0.0,0.0,0.0,0.0,0,0,0,0,0,0.0,has joined Fenerbache permanently.,701,86,702,84,688,82,702,86,,,,,,,0.0,0.0,0.0,0.0,0.0,0.0,215,5,694,86,704,86,169,24,0.0,0.0
Adam Webster,Brighton,DEF,4.4,0,0,0.0,0.0,0,0,0,0,0,0,0,0,0,0,0,0,0.0,0.0,0.0,0.0,0.0,0,0.0,0.0,222,930,16,31,-0.1,0.1,0.0,0.0,0.0,0.0,0.0,0.0,0,0,0,0,0,0.0,Knee injury - Unknown return date,524,214,509,213,475,200,526,214,,,,,,,0.0,0.0,0.0,0.0,0.0,0.0,522,119,510,206,529,210,705,237,0.0,0.0
Giovanni Leoni,Liverpool,DEF,5.0,0,0,0.0,0.0,0,0,0,0,0,0,0,0,0,0,0,0,0.0,0.0,0.0,0.0,0.0,0,0.0,0.0,1339,1351,41,97,0.0,0.0,0.0,0.0,0.0,0.0,0.0,0.0,0,0,0,0,0,0.0,,700,241,701,241,686,236,701,241,,,,,,,0.0,0.0,0.0,0.0,0.0,0.0,306,51,693,239,703,241,659,222,0.0,0.0
Eiran Cashin,Brighton,DEF,4.0,0,0,0.0,0.0,0,0,0,0,0,0,0,0,0,0,0,0,0.0,0.0,0.0,0.0,0.0,0,0.0,0.0,0,565,0,14,0.0,0.0,0.0,0.0,0.0,0.0,0.0,0.0,0,0,0,0,0,0.0,Has joined Birmingham on loan for the rest of the season.,459,176,442,174,404,157,461,176,,,,,,,0.0,0.0,0.0,0.0,0.0,0.0,648,176,442,165,465,173,709,239,0.0,0.0
Jacob Slater,Brighton,DEF,4.0,0,0,0.0,0.2,0,0,0,0,0,0,0,0,0,0,0,0,0.0,0.0,0.0,0.0,0.0,0,0.0,0.0,3175,7640,200,432,0.0,0.0,0.0,0.0,0.0,0.0,0.0,0.0,0,0,0,0,0,0.0,has joined Harrogate Town on loan until January.,511,205,494,203,458,188,513,205,,,,,,,0.0,0.0,0.0,0.0,0.0,0.0,710,215,496,196,516,201,390,143,0.0,0.0
Jayden Danns,Liverpool,FWD,4.4,0,0,0.0,0.1,0,0,0,0,0,0,0,0,0,0,0,0,0.0,0.0,0.0,0.0,0.0,0,0.0,0.0,4805,9862,340,548,-0.1,0.1,0.0,0.0,0.0,0.0,0.0,0.0,0,0,0,0,0,0.0,,549,49,534,49,504,47,551,50,,,,,,,0.0,0.0,0.0,0.0,0.0,0.0,569,72,539,48,555,51,423,61,0.0,0.0
Myles Peart-Harris,Brentford,MID,4.5,0,0,0.0,0.0,0,0,0,0,0,0,0,0,0,0,0,0,0.0,0.0,0.0,0.0,0.0,0,0.0,0.0,1203,2323,101,163,0.0,0.0,0.0,0.0,0.0,0.0,0.0,0.0,0,0,0,0,0,0.0,,591,223,582,225,556,215,593,224,,,,,,,0.0,0.0,0.0,0.0,0.0,0.0,432,252,583,221,597,230,605,244,0.0,0.0
Yunus Emre Konak,Brentford,MID,4.4,0,0,0.0,0.2,0,0,0,0,0,0,0,0,0,0,0,0,0.0,0.0,0.0,0.0,0.0,0,0.0,0.0,14259,11784,1749,1035,-0.1,0.1,0.0,0.0,0.0,0.0,0.0,0.0,0,0,0,0,0,0.0,,574,213,560,215,531,204,576,214,,,,,,,0.0,0.0,0.0,0.0,0.0,0.0,600,328,564,210,580,220,357,120,0.0,0.0
Ethan Pinnock,Brentford,DEF,4.4,0,-1,0.0,0.1,0,0,155,0,4,1,0,0,0,1,0,0,31.8,0.8,10.0,4.3,0.0,0,0.0,0.0,3210,12484,294,518,-0.1,0.1,0.0,0.0,0.0,0.04,0.04,2.11,2,2,13,4,15,8.71,,237,89,356,129,247,77,304,103,,,,,,,0.0,0.0,0.02,0.02,1.23,2.32,538,132,519,213,537,216,418,157,1.16,0.0
İlkay Gündoğan,Man City,MID,6.3,0,0,0.0,0.1,0,0,0,0,0,0,0,0,0,0,0,0,0.0,0.0,0.0,0.0,0.0,0,0.0,0.0,1928,17426,0,513,-0.2,0.2,0.0,0.0,0.0,0.0,0.0,0.0,0,0,0,0,0,0.0,has joined Galatasaray permanently.,730,323,730,323,730,323,730,323,4.0,,4.0,,,,0.0,0.0,0.0,0.0,0.0,0.0,73,51,726,321,730,323,500,171,0.0,0.0
Diego D.Leon,Man Utd,DEF,4.3,0,0,0.0,0.1,0,0,0,0,0,0,0,0,0,0,0,0,0.0,0.0,0.0,0.0,0.0,0,0.0,0.0,972,4324,113,197,-0.2,0.2,-0.1,0.1,0.0,0.0,0.0,0.0,0,0,0,0,0,0.0,,518,211,501,209,466,195,520,211,,,,,,,0.0,0.0,0.0,0.0,0.0,0.0,605,157,504,203,523,207,560,202,0.0,0.0
Mads Roerslev,Brentford,DEF,4.5,0,0,0.0,0.0,0,0,0,0,0,0,0,0,0,0,0,0,0.0,0.0,0.0,0.0,0.0,0,0.0,0.0,211,3246,0,63,0.0,0.0,0.0,0.0,0.0,0.0,0.0,0.0,0,0,0,0,0,0.0,Has joined Southampton permanently.,584,229,574,228,547,220,586,229,,,,,,,0.0,0.0,0.0,0.0,0.0,0.0,417,88,575,224,590,226,652,218,0.0,0.0
Lisandro Martinez,Man Utd,DEF,4.9,0,0,0.0,0.1,0,0,0,0,0,0,0,0,0,0,0,0,0.0,0.0,0.0,0.0,0.0,0,0.0,0.0,495,12006,21,268,-0.1,0.1,0.0,0.0,0.0,0.0,0.0,0.0,0,0,0,0,0,0.0,Knee injury - Unknown return date,665,238,657,238,637,231,666,238,,,,,,,0.0,0.0,0.0,0.0,0.0,0.0,332,56,657,236,668,238,505,186,0.0,0.0
Benjamin Arthur,Brentford,DEF,4.0,0,0,0.0,0.3,0,0,0,0,0,0,0,0,0,0,0,0,0.0,0.0,0.0,0.0,0.0,0,0.0,0.0,5368,12289,299,669,0.0,0.0,0.0,0.0,0.0,0.0,0.0,0.0,0,0,0,0,0,0.0,,514,208,497,206,461,191,516,208,,,,,,,0.0,0.0,0.0,0.0,0.0,0.0,713,218,499,199,519,204,328,115,0.0,0.0
Dermot Mee,Man Utd,GKP,4.0,0,0,0.0,0.1,0,0,0,0,0,0,0,0,0,0,0,0,0.0,0.0,0.0,0.0,0.0,0,0.0,0.0,1305,3019,78,196,0.0,0.0,0.0,0.0,0.0,0.0,0.0,0.0,0,0,0,0,0,0.0,,465,52,448,35,410,28,467,52,,,,,,,0.0,0.0,0.0,0.0,0.0,0.0,655,65,449,51,471,52,471,73,0.0,0.0
Tom Heaton,Man Utd,GKP,4.0,0,0,0.0,0.3,0,0,0,0,0,0,0,0,0,0,0,0,0.0,0.0,0.0,0.0,0.0,0,0.0,0.0,4424,8241,254,554,0.0,0.0,0.0,0.0,0.0,0.0,0.0,0.0,0,0,0,0,0,0.0,,428,28,407,9,367,2,430,28,,,,,,,0.0,0.0,0.0,0.0,0.0,0.0,606,39,411,27,434,28,312,47,0.0,0.0
Elyh Harrison,Man Utd,GKP,4.0,0,0,0.0,0.0,0,0,0,0,0,0,0,0,0,0,0,0,0.0,0.0,0.0,0.0,0.0,0,0.0,0.0,0,185,0,4,0.0,0.0,0.0,0.0,0.0,0.0,0.0,0.0,0,0,0,0,0,0.0,On loan to Shrewsbury Town,510,72,493,55,457,48,512,72,,,,,,,0.0,0.0,0.0,0.0,0.0,0.0,709,85,495,71,515,72,733,86,0.0,0.0
André Onana,Man Utd,GKP,4.9,0,0,0.0,0.2,0,0,0,0,0,0,0,0,0,0,0,0,0.0,0.0,0.0,0.0,0.0,0,0.0,0.0,5156,20438,0,1057,-0.1,0.1,0.0,0.0,0.0,0.0,0.0,0.0,0,0,0,0,0,0.0,has joined Trabzonspor on loan for the rest of the season.,660,83,653,75,631,70,661,83,,,,,,,0.0,0.0,0.0,0.0,0.0,0.0,324,16,653,83,664,83,361,54,0.0,0.0
Benjamin Fredrick,Brentford,DEF,4.0,0,0,0.0,0.1,0,0,0,0,0,0,0,0,0,0,0,0,0.0,0.0,0.0,0.0,0.0,0,0.0,0.0,2020,6484,126,338,0.0,0.0,0.0,0.0,0.0,0.0,0.0,0.0,0,0,0,0,0,0.0,has joined Dender on loan for the rest of the season.,513,207,496,205,460,190,515,207,,,,,,,0.0,0.0,0.0,0.0,0.0,0.0,712,217,498,198,518,203,408,152,0.0,0.0
Stephen Mfuni,Man City,DEF,4.0,0,0,0.0,0.0,0,0,0,0,0,0,0,0,0,0,0,0,0.0,0.0,0.0,0.0,0.0,0,0.0,0.0,627,141,204,87,0.0,0.0,0.0,0.0,0.0,0.0,0.0,0.0,0,0,0,0,0,0.0,,504,200,487,198,451,183,506,200,,,,,,,0.0,0.0,0.0,0.0,0.0,0.0,702,209,489,191,510,197,688,232,0.0,0.0
Divine Mukasa,Man City,MID,4.5,0,0,0.0,0.0,0,0,0,0,0,0,0,0,0,0,0,0,0.0,0.0,0.0,0.0,0.0,0,0.0,0.0,852,203,288,111,0.0,0.0,0.0,0.0,0.0,0.0,0.0,0.0,0,0,0,0,0,0.0,,636,258,630,260,604,250,637,259,,,,,,,0.0,0.0,0.0,0.0,0.0,0.0,494,290,629,256,643,265,691,297,0.0,0.0
Kim Ji-soo,Brentford,DEF,3.9,0,0,0.0,0.2,0,0,0,0,0,0,0,0,0,0,0,0,0.0,0.0,0.0,0.0,0.0,0,0.0,0.0,4108,6723,2214,624,-0.1,0.1,0.0,0.0,0.0,0.0,0.0,0.0,0,0,0,0,0,0.0,has joined Kaiserslautern on loan for the rest of the season.,420,160,398,155,358,136,422,160,,,,,,,0.0,0.0,0.0,0.0,0.0,0.0,733,238,403,149,426,157,394,145,0.0,0.0
Jayden Meghoma,Brentford,DEF,4.0,0,0,0.0,0.1,0,0,0,0,0,0,0,0,0,0,0,0,0.0,0.0,0.0,0.0,0.0,0,0.0,0.0,279,8314,0,202,0.0,0.0,0.0,0.0,0.0,0.0,0.0,0.0,0,0,0,0,0,0.0,Has joined Rangers on loan for the rest of the season.,484,186,467,184,430,168,486,186,,,,,,,0.0,0.0,0.0,0.0,0.0,0.0,679,192,468,176,490,183,537,193,0.0,0.0
Kalvin Phillips,Man City,MID,4.9,0,0,0.0,0.1,0,0,0,0,0,0,0,0,0,0,0,0,0.0,0.0,0.0,0.0,0.0,0,0.0,0.0,1618,4016,141,266,-0.1,0.1,0.0,0.0,0.0,0.0,0.0,0.0,0,0,0,0,0,0.0,,657,272,650,273,626,265,658,273,,,,,,,0.0,0.0,0.0,0.0,0.0,0.0,314,194,649,268,661,275,545,197,0.0,0.0
Sverre Nypan,Man City,MID,5.0,0,0,0.0,0.0,0,0,0,0,0,0,0,0,0,0,0,0,0.0,0.0,0.0,0.0,0.0,0,0.0,0.0,73,2186,0,35,0.0,0.0,0.0,0.0,0.0,0.0,0.0,0.0,0,0,0,0,0,0.0,Has joined Middlesbrough on loan for the rest of the season.,697,301,698,303,683,299,698,302,,,,,,,0.0,0.0,0.0,0.0,0.0,0.0,302,186,690,298,700,303,674,287,0.0,0.0
Claudio Echeverri,Man City,MID,5.4,0,0,0.0,0.0,0,0,0,0,0,0,0,0,0,0,0,0,0.0,0.0,0.0,0.0,0.0,0,0.0,0.0,194,2946,0,41,-0.1,0.1,0.0,0.0,0.0,0.0,0.0,0.0,0,0,0,0,0,0.0,Has joined Bayer Leverkusen on loan for the rest of the season.,714,311,715,313,707,312,715,312,,,2.0,,,,0.0,0.0,0.0,0.0,0.0,0.0,210,133,712,311,717,313,680,291,0.0,0.0
Gustavo Nunes,Brentford,MID,4.9,0,0,0.0,0.0,0,0,0,0,0,0,0,0,0,0,0,0,0.0,0.0,0.0,0.0,0.0,0,0.0,0.0,100,732,4,13,-0.1,0.1,0.0,0.0,0.0,0.0,0.0,0.0,0,0,0,0,0,0.0,Lack of match fitness - 25% chance of playing,680,288,675,290,655,284,681,289,,,,,,,0.0,0.0,0.0,0.0,0.0,0.0,372,235,673,285,683,290,711,309,0.0,0.0
Mateo Kovačić,Man City,MID,5.9,0,0,0.0,0.0,0,0,0,0,0,0,0,0,0,0,0,0,0.0,0.0,0.0,0.0,0.0,0,0.0,0.0,256,776,9,21,-0.1,0.1,0.0,0.0,0.0,0.0,0.0,0.0,0,0,0,0,0,0.0,Achilles injury - Unknown return date,727,320,727,320,727,320,727,320,,,,,,,0.0,0.0,0.0,0.0,0.0,0.0,96,64,722,318,727,320,700,301,0.0,0.0
Romelle Donovan,Brentford,MID,4.5,0,0,0.0,0.1,0,0,0,0,0,0,0,0,0,0,0,0,0.0,0.0,0.0,0.0,0.0,0,0.0,0.0,4037,6408,348,435,0.0,0.0,0.0,0.0,0.0,0.0,0.0,0.0,0,0,0,0,0,0.0,,639,260,633,262,607,252,640,261,,,,,,,0.0,0.0,0.0,0.0,0.0,0.0,498,292,632,258,646,267,481,163,0.0,0.0
Samuel Chukwueze,Fulham,MID,5.5,0,0,0.0,0.0,0,0,0,0,0,0,0,0,0,0,0,0,0.0,0.0,0.0,0.0,0.0,0,0.0,0.0,3769,1932,175,331,0.0,0.0,0.0,0.0,0.0,0.0,0.0,0.0,0,0,0,0,0,0.0,,720,315,721,317,718,316,721,316,,,,,,,0.0,0.0,0.0,0.0,0.0,0.0,148,92,717,315,722,317,644,271,0.0,0.0
